Organization Name,Organization Name URL,Stage,Industries,Headquarters Location,Description,CB Rank (Company),Website,LinkedIn,Facebook,Twitter,Company Type,Actively Hiring,Industry Groups,Number of Employees,Top 5 Investors,Number of Funding Rounds,Funding Status
eFishery,https://www.crunchbase.com/organization/efishery,,"AgTech, Aquaculture, Farming, Sustainability","Bandung, Jawa Barat, Indonesia",eFishery is an acquculture company that offers feeding solutions for fish and shrimp farming.,207,http://efishery.com,https://www.linkedin.com/company/efisheryid,https://www.facebook.com/efishery.id,https://www.twitter.com/efishery_ai,For Profit,,"Agriculture and Farming, Sustainability",501-1000,"Temasek Holdings, International Finance Corporation, 500 Global, Endeavor Catalyst, SoftBank Vision Fund",13,Late Stage Venture
ASTRO,https://www.crunchbase.com/organization/astro-indonesia,,"Delivery, E-Commerce, Internet","Grogol, Jakarta Raya, Indonesia",ASTRO Indonesia is a quick commerce start-up platform that provides groceries and essentials in 15 mins.,"1,243",https://www.astronauts.id/,https://www.linkedin.com/company/astronautsid,https://www.facebook.com/astronauts.id,https://twitter.com/astronauts_id,For Profit,,"Administrative Services, Commerce and Shopping, Internet Services",501-1000,"Lightspeed Venture Partners, Accel, Goodwater Capital, Tiger Global Management, Peak XV Partners",5,Early Stage Venture
Elevarm,https://www.crunchbase.com/organization/elevarm,,"Agriculture, AgTech, Farming","Bandung, Jawa Barat, Indonesia",Elevarm is an upstream-focused agritech company that enhances agricultural productivity by supporting smallholder farmers.,"1,576",https://www.elevarm.com,https://www.linkedin.com/company/elevarm,,,For Profit,,Agriculture and Farming,101-250,"500 Global, Rabobank, Insignia Ventures Partners, Intudo Ventures, Amartha",5,Seed
SPUN,https://www.crunchbase.com/organization/spun-a72e,,"Business Travel, Document Management, Document Preparation, Travel, Travel Agency","Jakarta, Jakarta Raya, Indonesia",Streamlining visa creation with AI & automation for a more delightful global mobility,"3,187",https://spun.global,https://linkedin.com/company/spunteam/,https://facebook.com/spunglobal,https://x.com/spunglobal,For Profit,,"Administrative Services, Information Technology, Software, Travel and Tourism",11-50,"Antler, Iterative, Kopital Ventures",2,Seed
Qoala,https://www.crunchbase.com/organization/qoala,,"Blockchain, Financial Services, FinTech, Insurance, InsurTech","Jakarta, Jakarta Raya, Indonesia",Qoala is an omnichannel insur-tech company that aims to make insurance universally accessible and easy to use.,"3,874",https://www.qoala.app,https://www.linkedin.com/company/qoala,https://www.facebook.com/qoalaapp,https://x.com/qoalaid,For Profit,,"Blockchain and Cryptocurrency, Financial Services, Other",251-500,"Sequoia Capital, Flourish Ventures, Peak XV Partners, responsAbility Investments, AppWorks",6,Late Stage Venture
JULO,https://www.crunchbase.com/organization/julo-2,,"Consumer Lending, Credit, Finance, Financial Services, FinTech, Lending","Jakarta, Jakarta Raya, Indonesia","JULO is a digital lending company that provides affordable, unsecured personal loans for consumers.","3,901",https://www.julo.co.id,https://www.linkedin.com/company/juloindonesia,https://www.facebook.com/JULOIndonesia,https://twitter.com/juloindonesia,For Profit,,"Financial Services, Lending and Investments",501-1000,"Quona Capital, East Ventures, Gobi Partners, MDI Ventures, AC Ventures",6,
ALAMI,https://www.crunchbase.com/organization/alami,,"Financial Services, FinTech, Lending, Peer to Peer, Small and Medium Businesses","Jakarta, Jakarta Raya, Indonesia",ALAMI is a peer-to-peer (P2P) lending platform that helps people fund small businesses.,"4,081",https://alamisharia.co.id,https://id.linkedin.com/company/alamisharia,https://www.facebook.com/alamisharia,https://twitter.com/alamisharia,For Profit,,"Financial Services, Other",51-100,"Quona Capital, Golden Gate Ventures, East Ventures, Capria Ventures, Intudo Ventures",12,Early Stage Venture
Intudo Ventures,https://www.crunchbase.com/organization/intudo-ventures,,"Business Development, Financial Services, Venture Capital","Jakarta, Jakarta Raya, Indonesia",Intudo Ventures is a venture capital firm with an involved and concentrated portfolio approach.,"4,902",https://www.intudovc.com,https://www.linkedin.com/company/intudoventures,,,,,"Financial Services, Lending and Investments, Professional Services",1-10,,,
AgriAku,https://www.crunchbase.com/organization/agriaku,,"Agriculture, AgTech, B2B, Farming","Jakarta, Jakarta Raya, Indonesia","AgriAku is a technology-based local agribusiness company that acts as a distribution bridge for farmers, partners, and producers.","4,966",https://agriaku.com,https://www.linkedin.com/company/agriaku,https://www.facebook.com/agriaku,,For Profit,,"Agriculture and Farming, Other",101-250,"Alpha JWC Ventures, TNB Aura, InnoVen Capital, MDI Ventures, Argor Capital",5,
Xendit,https://www.crunchbase.com/organization/xendit,,"Finance, Financial Services, FinTech, Payments, Small and Medium Businesses","Jakarta, Jakarta Raya, Indonesia","Xendit is a fintech company that provides end-to-end digital payment solutions for SMBs, e-commerce startups, and large enterprises.","5,694",http://www.xendit.co,https://www.linkedin.com/company/xendit,,https://twitter.com/xenditco,For Profit,,"Financial Services, Other, Payments",501-1000,"Y Combinator, Insight Partners, Accel, Coatue, Kleiner Perkins",6,Late Stage Venture
Fore Coffee,https://www.crunchbase.com/organization/fore-coffee,,"Coffee, Food and Beverage, Retail","Jakarta Pusat, Jakarta Raya, Indonesia",Fore Coffee is a coffee company that sells coffee and beans.,"7,721",https://fore.coffee,https://www.linkedin.com/company/fore-coffee,https://www.facebook.com/fore.coffee,https://twitter.com/forecoffeeid,For Profit,,"Commerce and Shopping, Food and Beverage",101-250,"East Ventures, Pavilion Capital, Insignia Ventures Partners, AC Ventures, Agaeti Venture Capital",3,
GajiGesa,https://www.crunchbase.com/organization/gajigesa,,"Employee Benefits, Finance, Financial Services, FinTech, Personal Finance, Software","Jakarta, Jakarta Raya, Indonesia",GajiGesa is a financial wellness platform helping Indonesians achieve financial dignity and security from their work.,"8,928",https://gajigesa.com/,https://www.linkedin.com/company/gajigesa/,https://www.facebook.com/Gaji-Gesa-107390441073927/,,For Profit,,"Administrative Services, Financial Services, Health Care, Software",51-100,"Defy.vc, Wagestream, January Capital, MMV Europe & Asia-Pacific, Oliver Jung",4,M&A
Ajaib,https://www.crunchbase.com/organization/ajaib,,"Finance, Financial Services, FinTech, Trading Platform","Jakarta, Jakarta Raya, Indonesia",Ajaib is a Financial Application offering their services in Indonesia.,"9,381",https://www.ajaib.co.id,https://www.linkedin.com/company/ajaib-id,https://www.facebook.com/ajaib.investasi,https://twitter.com/ajaib_investasi,For Profit,,"Financial Services, Lending and Investments",251-500,"Y Combinator, ICONIQ Growth, IVP, Alpha JWC Ventures, Ribbit Capital",5,Early Stage Venture
Mekari,https://www.crunchbase.com/organization/mekari,,"B2B, Business Development, Business Intelligence, SaaS, Software","Jakarta Pusat, Jakarta Raya, Indonesia","Mekari is a SaaS company that offers cloud-based, business automation technology to support the development of various businesses.","9,807",https://mekari.com/,https://www.linkedin.com/company/mekari/,https://www.facebook.com/mekaricom/,https://twitter.com/mekaricom,For Profit,,"Data and Analytics, Other, Professional Services, Software",1001-5000,"East Ventures, BEENEXT, EV Growth, Mandiri Capital Indonesia (MCI), Money Forward",4,Late Stage Venture
Halodoc,https://www.crunchbase.com/organization/halodoc,,"Health Care, InsurTech, Medical, Mobile Apps, Pharmaceutical","Jakarta, Jakarta Raya, Indonesia","Halodoc is a health-tech platform that connects patients with doctors, insurance, labs, and pharmacies.","9,852",https://www.halodoc.com/,https://www.linkedin.com/company/m-health-tech,https://www.facebook.com/HalodocID,https://twitter.com/halodocID,For Profit,,"Apps, Financial Services, Health Care, Mobile, Software",501-1000,"Temasek Holdings, Bill & Melinda Gates Foundation, Novo Holdings, Korea Investment Partners, Argor Capital",7,Late Stage Venture
Vidio,https://www.crunchbase.com/organization/vidio,,"Media and Entertainment, Video, Video Streaming","Dki Jakarta, Jakarta Raya, Indonesia","Vidio is an OTT video platform that allows users to upload, watch, and share videos.","9,935",https://www.vidio.com,https://www.linkedin.com/company/vidio-dot-com,https://www.facebook.com/vidiodotcom,https://www.twitter.com/vidiodotcom,For Profit,,"Content and Publishing, Media and Entertainment, Video",501-1000,"Grab, Affinity Equity Partners, Dian Swastatika Sentosa, Bali United Football Club, PT Ekonomi Baru Investasi Teknologi",2,Private Equity
Pluang,https://www.crunchbase.com/organization/pluang,,"Financial Services, FinTech, Impact Investing","Jakarta, Jakarta Raya, Indonesia",Pluang is a financial technology application that specializes in digital micro-savings and micro-investment products.,"10,416",https://pluang.com/,https://www.linkedin.com/company/pluang/,https://www.facebook.com/pluang.id,https://twitter.com/pluang_id,For Profit,,"Financial Services, Lending and Investments",251-500,"Accel, UOB Venture, Gold House Ventures, Argor Capital, Openspace",4,Early Stage Venture
Amartha,https://www.crunchbase.com/organization/amartha,,"Financial Services, FinTech, Lending, Mobile Apps","Jakarta, Jakarta Raya, Indonesia",Amartha is a microfinance technology platform that connects micro and SME business partners with investors.,"10,442",https://amartha.com,https://www.linkedin.com/company/amartha,https://www.facebook.com/amarthaid,https://www.twitter.com/amarthaid,For Profit,,"Apps, Financial Services, Mobile, Software",5001-10000,"International Finance Corporation, Lendable, MDI Ventures, BEENEXT, UOB Venture",9,
DANA,https://www.crunchbase.com/organization/dana-wallet-indonesia,,"Finance, Financial Services, FinTech, InsurTech, Mobile Apps, Payments","Jakarta, Jakarta Raya, Indonesia",DANA is a payment service platform that offers financial services.,"10,867",https://www.dana.id,https://www.linkedin.com/company/dana-indonesia/,https://www.facebook.com/danawallet,https://twitter.com/danawallet,For Profit,,"Apps, Financial Services, Mobile, Payments, Software",501-1000,"Lazada Group, Endeavor Indonesia, Living Lab Ventures",3,Early Stage Venture
Sociolla,https://www.crunchbase.com/organization/sociolla,,"Beauty, Cosmetics, E-Commerce, Lifestyle","Jakarta, Jakarta Raya, Indonesia",Sociolla is an Indonesian online services provider for the beauty and personal care industry.,"11,270",http://www.sociolla.com/,https://www.linkedin.com/company/sociolla,https://www.facebook.com/sociolla/info/?tab=page_info,https://twitter.com/sociolla_id,For Profit,,"Commerce and Shopping, Community and Lifestyle, Consumer Goods",101-250,"Temasek Holdings, East Ventures, L Catterton, Pavilion Capital, Jungle Ventures",8,Late Stage Venture
Alodokter,https://www.crunchbase.com/organization/alodokter,,"Health Care, Internet, Medical, Wellness","Jakarta, Jakarta Raya, Indonesia","Alodokter is a digital health platform that provides an end-to-end digital solution to patients including telemedicine, doctors, and others.","11,349",http://alodokter.com,https://www.linkedin.com/company/alodokter/,https://www.facebook.com/alodokter,https://twitter.com/alodokter,For Profit,,"Health Care, Internet Services",251-500,"500 Global, Golden Gate Ventures, Pegasus Tech Ventures, MDI Ventures, SBVA",9,Late Stage Venture
Ula,https://www.crunchbase.com/organization/ula,,"Apps, B2B, E-Commerce, Marketplace","Jakarta, Jakarta Raya, Indonesia",Ula is a wholesale e-commerce marketplace that provides working capital and inventory sourcing for small business owners,"11,979",https://ula.app/,https://www.linkedin.com/company/uladotapp/,https://www.facebook.com/uladotapp/,https://twitter.com/UlaApp_ID,For Profit,,"Apps, Commerce and Shopping, Other, Software",251-500,"B Capital, Quona Capital, Peak XV Partners, Lightspeed India Partners, Tencent",5,Early Stage Venture
Investree,https://www.crunchbase.com/organization/investree,,"B2B, Financial Services, FinTech, Lending, Marketplace","Jakarta, Jakarta Raya, Indonesia",Investree is a financial technology company that provides a B2B marketplace lending platform for SMEs.,"12,292",https://www.investree.id,https://www.linkedin.com/company/investree?trk=top_nav_home,https://www.facebook.com/investree.id,,For Profit,,"Commerce and Shopping, Financial Services, Other",101-250,"Endeavor Catalyst, Bossa Invest, responsAbility Investments, Accial Capital, BRI Ventures",7,Late Stage Venture
Shipper,https://www.crunchbase.com/organization/shipper-35b4,,"Delivery, Internet, Logistics, Supply Chain Management","Jakarta, Jakarta Raya, Indonesia",Shipper is a logistics platform that helps freight forwarders deliver goods easily.,"12,388",https://shipper.id,https://www.linkedin.com/company/shipper-indonesia/?originalSubdomain=ph,https://www.facebook.com/shipperID,https://twitter.com/ShipperID,For Profit,,"Administrative Services, Internet Services, Transportation",251-500,"Y Combinator, Lightspeed Venture Partners, Endeavor Catalyst, Bossa Invest, Floodgate",6,Late Stage Venture
Gojek,https://www.crunchbase.com/organization/go-jek,,"Consumer Applications, Food Delivery, Logistics, Payments, Transportation","Jakarta, Jakarta Raya, Indonesia","Gojek is a digital technology platform that offers a wide range of services including transportation, food delivery, logistics, and payment.","12,544",https://www.gojek.io,https://www.linkedin.com/showcase/gojek-gotogroup/,https://www.facebook.com/gojektech,https://x.com/gojektech,For Profit,,"Apps, Financial Services, Food and Beverage, Payments, Software, Transportation",1001-5000,"Temasek Holdings, Warburg Pincus, Google, Golden Gate Ventures, PayPal",13,
Bukalapak,https://www.crunchbase.com/organization/bukalapak,,"E-Commerce, E-Commerce Platforms, Internet, Online Portals","Jakarta, Jakarta Raya, Indonesia",Bukalapak provides an e-commerce shopping platform providing transaction support for buyers and sellers.,"12,974",http://bukalapak.com/,https://www.linkedin.com/company/pt-bukalapak-com/,http://www.facebook.com/bukalapak/,http://twitter.com/bukalapak,For Profit,,"Commerce and Shopping, Internet Services",1001-5000,"500 Global, Endeavor Catalyst, Microsoft, Bossa Invest, Standard Chartered Bank",15,IPO
Demuzo,https://www.crunchbase.com/organization/demuzo,,"Audio Recording and Production, Digital Entertainment, Intellectual Property, Media and Entertainment, Music, Music Label","Kuta, Bali, Indonesia",Demuzo is a digital marketplace where individuals can buy shares of music copyrights.,"13,102",https://demuzo.com,https://www.linkedin.com/company/demuzo,,http://twitter.com/demuzo_,For Profit,,"Media and Entertainment, Music and Audio, Professional Services",1-10,"Oleg Semenov, Evgenii Dar, Maksim Ovtin",3,Seed
Akseleran,https://www.crunchbase.com/organization/akseleran,,"Crowdfunding, Financial Services, FinTech, Lending, Peer to Peer, Venture Capital","Jakarta, Jakarta Raya, Indonesia",Akseleran is a peer-to-peer lending platform.,"13,106",https://www.akseleran.co.id/,https://www.linkedin.com/company/akseleran/,https://www.facebook.com/akseleran,https://twitter.com/akseleran,For Profit,,"Financial Services, Lending and Investments, Other",101-250,"BEENEXT, AC Ventures, Access Ventures, Central Capital Ventura, Agaeti Venture Capital",1,Early Stage Venture
CROWDE,https://www.crunchbase.com/organization/crowde,,"Agriculture, AgTech, Financial Services, FinTech, Social Entrepreneurship","Jakarta, Jakarta Raya, Indonesia",Agriculture and financial technology company that empowers farmers across Indonesia with technology and access to capital,"13,492",https://crowde.co,https://www.linkedin.com/company/13321661/,https://www.facebook.com/crowdeplatform/,https://www.twitter.com/temancrowde,For Profit,,"Agriculture and Farming, Community and Lifestyle, Financial Services, Social Impact",51-100,"Monk’s Hill Ventures, STRIVE, Mandiri Capital Indonesia (MCI), GREE Ventures, Endeavor Indonesia",4,Early Stage Venture
Aruna,https://www.crunchbase.com/organization/aruna,,"AgTech, Communities, Seafood","Jakarta, Jakarta Raya, Indonesia","Aruna is an aquatech startup that offers integrated fishery platform, connecting local fishermen to broader markets.","13,630",http://aruna.id,https://id.linkedin.com/company/aruna-indonesia,https://web.facebook.com/arunaindonesia,,For Profit,,"Agriculture and Farming, Community and Lifestyle, Food and Beverage",101-250,"Vertex Ventures, Endeavor Catalyst, Bossa Invest, East Ventures, Vertex Ventures Southeast Asia & India",8,Early Stage Venture
Chickin,https://www.crunchbase.com/organization/chickin,,"Farming, Livestock, Meat and Poultry","Jakarta, Jakarta Raya, Indonesia","Chickin is an ag-tech company that helps broiler chicken farmers with livestock monitoring, cage management, and optimized climate control.","14,128",https://chickin.id,https://www.linkedin.com/company/chick-in,https://www.facebook.com/chickinindonesia,,For Profit,,"Agriculture and Farming, Food and Beverage",101-250,"Asian Development Bank, 500 Global, East Ventures, Integra Partners, 500 Southeast Asia",6,Early Stage Venture
Beleaf,https://www.crunchbase.com/organization/beleaf-9f4f,,"Agriculture, Farming, Hydroponics","Bogor, Jawa Barat, Indonesia","Beleaf is currently located in Bogor, Indonesia, and operates as a hydroponic farm.","14,321",http://www.beleaf.co.id,https://www.linkedin.com/company/beleaf-farms-indonesia,https://www.facebook.com/beleaffarms,,For Profit,,Agriculture and Farming,11-50,"Alpha JWC Ventures, Global Brain Corporation, Openspace, BRI Ventures, ARISE",3,Early Stage Venture
waresix,https://www.crunchbase.com/organization/waresix,,"E-Commerce, Freight Service, Logistics, Supply Chain Management, Transportation, Warehousing","Jakarta, Jakarta Raya, Indonesia","Waresix is a logistics platform for freight-forwarding, warehouse, and land transportation.","14,614",https://waresix.com/,https://www.linkedin.com/company/waresix/,https://www.facebook.com/WARESIXcom-1928129517225998/,,For Profit,,"Commerce and Shopping, Transportation",251-500,"Temasek Holdings, Tiger Global Management, Bossa Invest, East Ventures, Jungle Ventures",9,Early Stage Venture
BitcoinAs,https://www.crunchbase.com/organization/bitcoinas,,"Bitcoin, Blockchain, Cryptocurrency, Financial Services, Foreign Exchange Trading","Bandar Lampung, Lampung, Indonesia","BitcoinAs is an educational web center, on how to, tutorials on forex trading, cryptocurenccy and much more","14,940",https://bitcoinas.org,https://id.linkedin.com/bitcoinas,https://m.facebook.com/bitcoinas,https://m.twitter.com/bitcoinas,For Profit,,"Blockchain and Cryptocurrency, Financial Services, Other, Payments, Software",51-100,Crypto.Holdings,1,Seed
Honest,https://www.crunchbase.com/organization/honestbank,,"Apps, Banking, Financial Services, FinTech","Jakarta, Jakarta Raya, Indonesia",Honest builds financial products that people love.,"15,003",https://honestbank.com/,https://www.linkedin.com/company/honestbank/,https://www.facebook.com/indohonest/,,For Profit,,"Apps, Financial Services, Lending and Investments, Software",101-250,"Alumni Ventures, Goodwater Capital, Village Global, XYZ Venture Capital, Insignia Ventures Partners",7,Early Stage Venture
SkorLife,https://www.crunchbase.com/organization/skorlife-9485,,"Financial Services, FinTech","Jakarta, Jakarta Raya, Indonesia",SkorLife Platforms provides credit history or credit score.,"15,162",https://skorlife.com/en,https://www.linkedin.com/company/skorlife,https://www.facebook.com/Skorlife-103382485740759,https://twitter.com/SkorLifeID,For Profit,,Financial Services,1-10,"QED Investors, Hummingbird Ventures, Digital Currency Group, Saison Capital, Argor Capital",4,Seed
Pinhome,https://www.crunchbase.com/organization/pinhome,,"FinTech, Property Management, Real Estate","Jakarta, Jakarta Raya, Indonesia",Pinhome is a property transaction and real estate fintech platform making property and home financing more accessible.,"15,212",https://www.pinhome.id,https://www.linkedin.com/company/pinhomeid,https://www.facebook.com/pinhome.indonesia,https://twitter.com/pinhome_id,For Profit,,"Financial Services, Real Estate",251-500,"Goodwater Capital, Ribbit Capital, Insignia Ventures Partners, Intudo Ventures, Eurazeo",6,Early Stage Venture
Kargo Technologies,https://www.crunchbase.com/organization/kargo-technologies,,"E-Commerce Platforms, Freight Service, Logistics, Marketplace, Software, Transportation","Jakarta, Jakarta Raya, Indonesia","Kargo Technologies is a full-stack logistics platform, connecting shippers with truckers.","15,543",https://kargo.tech,https://www.linkedin.com/company/kargotech,https://www.facebook.com/kargotechno,https://twitter.com/kargo_techno,For Profit,,"Commerce and Shopping, Internet Services, Software, Transportation",51-100,"Peak XV Partners, InnoVen Capital, Intudo Ventures, January Capital, Alter Global",6,Early Stage Venture
Evermos,https://www.crunchbase.com/organization/evermos,,"Consumer Goods, E-Commerce, Social Impact, Social Shopping, Trading Platform","Bandung, Jawa Barat, Indonesia",Evermos is a social commerce startup that connects resellers-to-brands to consumers via platform to sell everyday Muslim products.,"15,732",https://www.evermos.com,https://www.linkedin.com/company/evermos,http://facebook.com/evermos.id,https://www.twitter.com/evermos_id,For Profit,,"Commerce and Shopping, Consumer Goods, Financial Services, Lending and Investments, Other, Social Impact",501-1000,"International Finance Corporation, Endeavor Catalyst, Alpha JWC Ventures, Jungle Ventures, UOB Venture",7,
Sayurbox,https://www.crunchbase.com/organization/sayurbox,,"Agriculture, E-Commerce, Farming, Logistics, Shopping","Jakarta, Jakarta Raya, Indonesia","Sayurbox is an online shopping platform that offers fresh local vegetables, fruits, and meat for a healthy lifestyle.","15,890",https://www.sayurbox.com,https://www.linkedin.com/company/sayurboxofficial,https://www.facebook.com/sayurbox,https://twitter.com/sayurbox,For Profit,,"Agriculture and Farming, Commerce and Shopping, Transportation",501-1000,"International Finance Corporation, Alpha JWC Ventures, Global Brain Corporation, Northstar Group, BRI Ventures",6,Late Stage Venture
Bio Farma,https://www.crunchbase.com/organization/bio-farma,,"Biotechnology, Health Care","Bandung, Jawa Barat, Indonesia",BIO FARMA adalah perusahaan milik negara yang mengkhususkan kegiatan bisnisnya dalam memproduksi vaksin dan sera.,"16,276",http://www.biofarma.co.id/,https://www.linkedin.com/company/bio-farma---indonesia,https://www.facebook.com/infoimunisasi,https://twitter.com/biofarmaid,For Profit,,"Biotechnology, Health Care, Science and Engineering",501-1000,Asian Development Bank,1,
Superbank,https://www.crunchbase.com/organization/superbank,,"Banking, Finance, Financial Services","Jakarta, Jakarta Raya, Indonesia","Superbank is a commercial bank providing simple, transparent, and flexible digital financial solutions.","16,424",https://www.superbank.id,https://www.linkedin.com/company/superbankid,,,,,"Financial Services, Lending and Investments",251-500,"Grab, Singtel, Kakaobank",3,
Broom,https://www.crunchbase.com/organization/broom-bc45,,"Automotive, Finance, Financial Services","Jakarta, Jakarta Raya, Indonesia",Broom provides access for dealers in automotives to get short-term loans by putting their car inventories up as collateral.,"16,444",https://broom.id/,https://www.linkedin.com/company/broom-id/,,https://twitter.com/broom_id,For Profit,,"Financial Services, Transportation",101-250,"Quona Capital, Funding Societies, ALAMI, Helicap, Openspace",8,Early Stage Venture
Aria,https://www.crunchbase.com/organization/aria-2b9a,,"Agriculture, AgTech","Jakarta, Jakarta Raya, Indonesia",Aria provides solutions for the agriculture sector & other services.,"16,490",https://www.hiaria.id/,https://www.linkedin.com/company/hiaria,,,For Profit,,Agriculture and Farming,101-250,"East Ventures, waresix, GK-Plug and Play Indonesia, Arkana Ventures, Triputra Group",2,Seed
Deliveree Logistics,https://www.crunchbase.com/organization/deliveree,,"Delivery, Fleet Management, Logistics, Shipping","Jakarta, Jakarta Raya, Indonesia","Southeast Asia's leading road cargo logistics platform for booking FTL & LTL cargo transport. Operates in Indonesia, Philippines, Thailand.","16,517",https://www.deliveree.com/,https://www.linkedin.com/company/deliveree-on-demand-logistics-southeast-asia/,https://www.facebook.com/DelivereeID/,https://twitter.com/delivereeid,For Profit,,"Administrative Services, Transportation",251-500,"Gobi Partners, Genesis Alternative Ventures, PSA Unboxed, SPIL Ventures, Ardent Capital",6,Late Stage Venture
Moladin,https://www.crunchbase.com/organization/moladin,,"Automotive, E-Commerce, E-Commerce Platforms, Marketplace","Jakarta, Jakarta Raya, Indonesia",#1 Marketplace for the best used cars,"17,046",https://moladin.com/,https://www.linkedin.com/company/moladin/,https://www.facebook.com/Moladincom/,,For Profit,,"Commerce and Shopping, Internet Services, Transportation",1001-5000,"Sequoia Capital, Peak XV Partners, East Ventures, DST Global, Northstar Group",5,Early Stage Venture
TBS Energi Utama,https://www.crunchbase.com/organization/tbs-energi-utama,,"Energy, Renewable Energy","Jakarta, Jakarta Raya, Indonesia",TBS Energi Utama is an integrated energy company with a growing focus on developing clean and renewable energy.,"17,088",https://www.tbsenergi.com/,https://www.linkedin.com/company/tbs-energi-utama/,https://www.facebook.com/tbsenergiutama/,,For Profit,,"Energy, Sustainability",501-1000,"Asian Development Bank, PT Bank DBS Indonesia",1,
AwanTunai,https://www.crunchbase.com/organization/awantunai,,"Financial Services, FinTech, Payments, Supply Chain Management","Jakarta, Jakarta Raya, Indonesia",AwanTunai is a fintech startup that offers access to loans and working capital to micro-retail merchants.,"17,306",https://www.awantunai.co.id,https://www.linkedin.com/company/13319051,https://www.facebook.com/awantunai.id,,For Profit,,"Financial Services, Payments, Transportation",101-250,"International Finance Corporation, HSBC, Global Brain Corporation, Insignia Ventures Partners, Finnfund",9,Early Stage Venture
Bank Negara Indonesia,https://www.crunchbase.com/organization/bank-negara-indonesia,,"Banking, Finance, Financial Services","Jakarta, Jakarta Raya, Indonesia",BNI offers integrated financial services to its customers.,"17,373",http://www.bni.co.id/,https://www.linkedin.com/company/pt.-bank-negara-indonesia-persero-tbk.,http://www.facebook.com/bni,https://twitter.com/bni46,For Profit,,"Financial Services, Lending and Investments",10001+,,1,IPO
VIDA,https://www.crunchbase.com/organization/vida-b138,,"Compliance, Information Technology, Security, Software","Jakarta, Jakarta Raya, Indonesia",VIDA is an IT company that develops customized digital platforms to enhance compliance and security services.,"17,671",https://www.vida.id,https://www.linkedin.com/company/vidadigitalid/,https://www.facebook.com/vidadigitalid/?_rdc=1&_rdr,https://twitter.com/vidadigitalid,For Profit,,"Information Technology, Privacy and Security, Professional Services, Software",101-250,"Endeavor Catalyst, Alpha JWC Ventures, Bossa Invest, DST Global, Monk’s Hill Ventures",6,Early Stage Venture
Maka Motors,https://www.crunchbase.com/organization/maka-motors,,"Automotive, Electric Vehicle, Travel","Yogyakarta, Yogyakarta, Indonesia",MAKA is dedicated to building the best electric motorcycles for Indonesian riders.,"18,987",https://www.maka-motors.com/,,,,For Profit,,"Transportation, Travel and Tourism",101-250,"Peak XV Partners, East Ventures, Northstar Group, M Venture Partners (MVP), BEENEXT",2,Seed
Ralali,https://www.crunchbase.com/organization/ralali,,"E-Commerce, Marketplace, Retail, Shopping","Tangerang, Jawa Barat, Indonesia",Ralali is an online B2B marketplace for local trade connecting sellers and buyers.,"20,538",https://www.ralali.com,http://www.linkedin.com/company/ralali-com,https://www.facebook.com/ralalicom,https://x.com/ralalicom,For Profit,,Commerce and Shopping,101-250,"TNB Aura, East Ventures, CyberAgent Capital, Qualgro VC, Arbor Ventures",6,Late Stage Venture
Xurya,https://www.crunchbase.com/organization/xurya,,"Environmental Consulting, Environmental Engineering, Peer to Peer, Renewable Energy, Solar","Jakarta, Jakarta Raya, Indonesia",Pioneer in the solar lease business. Giving Indonesian businesses a chance to contribute to the solution climate change while saving money,"20,635",https://www.xurya.com/,https://www.linkedin.com/company/xurya,https://www.facebook.com/energixurya,,For Profit,,"Energy, Natural Resources, Other, Professional Services, Science and Engineering, Sustainability",51-100,"East Ventures, Schneider Electric, Clime Capital, AC Ventures, British International Investment",7,
Cakap,https://www.crunchbase.com/organization/squline,,"Apps, E-Learning, EdTech, Education","Jakarta, Jakarta Raya, Indonesia",Cakap is an upskilling platform that enables 2-way learning interactions between students and professional teachers.,"21,019",http://www.cakap.com,https://www.linkedin.com/company/cakap,http://www.facebook.com/cakapcom,http://twitter.com/cakapcom,For Profit,,"Apps, Education, Software",251-500,"MDI Ventures, Mandiri Capital Indonesia (MCI), Heritas Capital, Centauri Fund, KB Investment",7,Late Stage Venture
Hangry,https://www.crunchbase.com/organization/hangry-688e,,"Delivery Service, Food and Beverage, Food Delivery, Restaurants","Jakarta, Jakarta Raya, Indonesia",Hangry is a multi-brand virtual restaurant company that focuses on food delivery in Jakarta.,"21,368",https://ishangry.com/,https://in.linkedin.com/company/wearehangry,https://www.facebook.com/pg/Hangry-Career-112950770136641/,,For Profit,,"Food and Beverage, Transportation",1001-5000,"500 Global, Alpha JWC Ventures, InnoVen Capital, Genesis Alternative Ventures, Surge",4,Early Stage Venture
Brankas,https://www.crunchbase.com/organization/brankas,,"Financial Services, FinTech, Internet, Software","Dki Jakarta, Jakarta Raya, Indonesia",Brankas is a fintech company that provides financial software and solutions.,"21,727",https://www.brankas.com,https://www.linkedin.com/company/brankas/,https://www.facebook.com/brankasbetter,https://twitter.com/brankasbetter,For Profit,,"Financial Services, Internet Services, Software",51-100,"Plug and Play, Insignia Ventures Partners, Visa, BEENEXT, Integra Partners",4,Early Stage Venture
Eratani,https://www.crunchbase.com/organization/eratani,,"Agriculture, AgTech, Information Services, Information Technology, Supply Chain Management","Jakarta, Jakarta Raya, Indonesia",Eratani is an Agri-tech company that provides a positive and constructive social impact on agricultural ecosystems.,"21,767",https://eratani.co.id,https://www.linkedin.com/company/eratani,https://www.facebook.com/EraTani.Account,https://www.twitter.com/eratani_id,For Profit,,"Agriculture and Farming, Information Technology, Transportation",101-250,"TNB Aura, AgFunder, Kopi Kenangan, Bank Rakyat Indonesia, SBI Ven Capital",5,
Doku,https://www.crunchbase.com/organization/doku,,"Finance, InsurTech, Payments, Risk Management","Jakarta, Jakarta Raya, Indonesia",Doku is a electronic payment and risk management company.,"21,919",http://doku.com,https://www.linkedin.com/company/doku-indonesia,http://www.facebook.com/DOKUid,http://twitter.com/DOKUid,For Profit,,"Financial Services, Payments, Professional Services",251-500,Apis Partners,1,
Cermati,https://www.crunchbase.com/organization/cermati,,"E-Commerce Platforms, Financial Services, FinTech, Internet, Mobile Apps, Software, Web Development","Jakarta, Jakarta Raya, Indonesia",Cermati are a technology startup that engages in the Indonesian financial technology area.,"22,211",https://www.cermati.com,https://www.linkedin.com/company/cermati,https://www.facebook.com/cermati,https://twitter.com/cermati_ID,For Profit,,"Apps, Commerce and Shopping, Financial Services, Internet Services, Mobile, Software",11-50,"East Ventures, MDI Ventures, Finch Capital, Central Capital Ventura, Centauri Fund",6,Late Stage Venture
Dagangan,https://www.crunchbase.com/organization/dagangan,,"Delivery Service, E-Commerce, E-Commerce Platforms, Information Technology, Mobile Apps, Retail, Retail Technology, Wholesale","Kembangan, Jakarta Raya, Indonesia",Dagangan is a tech-enabled commerce platform that provides access to daily necessities at affordable prices to rural communities.,"22,325",https://www.dagangan.com/,https://www.linkedin.com/company/dagangan/,https://web.facebook.com/Dagangancom-456397421488534/,https://twitter.com/dagangan_id?lang=en,For Profit,,"Apps, Commerce and Shopping, Hardware, Information Technology, Internet Services, Mobile, Software, Transportation",251-500,"500 Global, CyberAgent Capital, Monk’s Hill Ventures, W inc., Spiral Ventures",5,M&A
Stockbit,https://www.crunchbase.com/organization/stockbit,,"Finance, Financial Services, Internet","Jakarta, Jakarta Raya, Indonesia",Stockbit is an Indonesian investment community platform for investors and traders to share information and their ideas.,"22,348",https://stockbit.com,https://www.linkedin.com/company/stockbit,https://www.facebook.com/Stockbit/,https://twitter.com/stockbit,For Profit,,"Financial Services, Internet Services",501-1000,"Quona Capital, Peak XV Partners, 500 Global, East Ventures, AC Ventures",5,Late Stage Venture
LinkAja,https://www.crunchbase.com/organization/linkaja,,"Financial Services, FinTech, Mobile Payments","Jakarta, Jakarta Raya, Indonesia",LinkAja is an electronic-based service that makes financial transactions more simple and easy.,"22,519",https://www.linkaja.id,https://www.linkedin.com/company/linkaja,https://www.facebook.com/linkaja.indonesia,https://twitter.com/linkaja,For Profit,,"Financial Services, Mobile, Payments, Software",251-500,"Grab, Gojek, BRI Ventures, Mandiri Capital Indonesia (MCI), Mitsui & Co",5,
TaniHub,https://www.crunchbase.com/organization/tanihub,,"Agriculture, B2B, E-Commerce, Farming, Marketplace","Jakarta, Jakarta Raya, Indonesia",TaniHub is a B2B platform connecting farmers with businesses that use or sell their products.,"22,640",http://www.tanihub.com,https://www.linkedin.com/company/tanihub,https://www.facebook.com/tanihub,https://twitter.com/TaniHubID,For Profit,,"Agriculture and Farming, Commerce and Shopping, Other",501-1000,"Flourish Ventures, Alpha JWC Ventures, Golden Gate Ventures, Vertex Ventures, MDI Ventures",4,Early Stage Venture
CoLearn,https://www.crunchbase.com/organization/colearn-ad95,,"EdTech, Education, Information Technology","Senayan, Sumatera Utara, Indonesia",CoLearn is an EdTech platform that empowers tuition centers and tutors to create online learning experiences for their students.,"22,971",https://colearn.id/,https://www.linkedin.com/company/colearnid/,https://www.facebook.com/colearn.id/,,For Profit,,"Education, Information Technology, Software",251-500,"Alpha JWC Ventures, TNB Aura, January Capital, Leo Capital, GSV Ventures",4,Early Stage Venture
Brick,https://www.crunchbase.com/organization/brick-96a6,,"Developer APIs, Financial Services, FinTech, Information Technology","Jakarta, Jakarta Raya, Indonesia",Brick is a financial data application programming interface that allows developers to offer in-app financial services.,"22,994",https://www.onebrick.io,https://www.linkedin.com/company/brick-api/about/,https://www.facebook.com/onebrick.io,https://twitter.com/brick_io,For Profit,,"Financial Services, Information Technology, Software",11-50,"Antler, Flourish Ventures, Better Tomorrow Ventures, 1982 Ventures, RaliCap",3,Seed
Jala Tech,https://www.crunchbase.com/organization/jala,,"AgTech, Aquaculture, Farming, Internet of Things","Yogyakarta, Yogyakarta, Indonesia",JALA offers and end-to-end solution to increase productivity and efficiency of shrimp farms.,"23,072",https://jala.tech/,https://www.linkedin.com/company/jalatech/,https://www.facebook.com/jalatech.official/,https://twitter.com/jalaindonesia,For Profit,,"Agriculture and Farming, Internet Services",101-250,"500 Global, Mirova, Intudo Ventures, Hatch Blue Ltd, UntroD Capital",7,Early Stage Venture
PasarPolis,https://www.crunchbase.com/organization/pasarpolis,,"Financial Services, FinTech, Insurance, InsurTech","Jakarta, Jakarta Raya, Indonesia",PasarPolis is an insurtech startup that offers an online insurance comparison platform for individuals.,"23,079",https://www.pasarpolis.com,https://www.linkedin.com/company/pasarpolis-com/?originalSubdomain=in,https://www.facebook.com/pasarpolis/,https://twitter.com/pasarpolis,For Profit,,Financial Services,251-500,"International Finance Corporation, Alpha JWC Ventures, SBI Investment, East Ventures, Intudo Ventures",6,Private Equity
TransTRACK,https://www.crunchbase.com/organization/transtrack-id,,"Internet of Things, Logistics","Dki Jakarta, Jakarta Raya, Indonesia",TransTRACK is a tech-enabler startup company that focuses on digitalizing fleet operations through fleet operation optimizer solutions,"24,082",https://transtrack.co/,https://www.linkedin.com/company/transtrack-id,https://www.facebook.com/transtrackindonesia/,,For Profit,,"Internet Services, Transportation",251-500,"AppWorks, Eurazeo, Accelerating Asia, Cocoon Capital, Goldbell Group",4,Early Stage Venture
Wagely,https://www.crunchbase.com/organization/wagely,,"Employee Benefits, Finance, Financial Services","Jakarta, Jakarta Raya, Indonesia","Wagely is a financial wellness app that gives employees visibility into their daily earnings, and instant access to earned wages.","24,309",https://www.wagely.app,https://www.linkedin.com/company/wagely,https://www.facebook.com/wagelyapp,https://twitter.com/wagelyapp,For Profit,,"Administrative Services, Financial Services, Health Care",51-100,"Asian Development Bank, Capria Ventures, East Ventures, Global Founders Capital, ADB Ventures",5,
Rukita,https://www.crunchbase.com/organization/rukita,,Real Estate,"Jakarta Pusat, Jakarta Raya, Indonesia",Rukita is a proptech company revolutionizing rental housing by providing lifestyle residences with all-in services & top-tier hospitality.,"24,894",https://www.rukita.co/,https://in.linkedin.com/company/rukita,,,For Profit,,Real Estate,501-1000,"Bossa Invest, Golden Gate Ventures, iSeed, Openspace, Shunwei Capital",5,Early Stage Venture
Raena,https://www.crunchbase.com/organization/raena,,"Consumer Goods, E-Commerce, Web Apps","Jakarta, Jakarta Raya, Indonesia",Raena is a web-based platform for Indonesian customers to purchase beauty products.,"24,906",https://www.raenabeauty.com,https://www.linkedin.com/company/raena/,https://www.facebook.com/Myraenacom-1727830903983711/,,For Profit,,"Apps, Commerce and Shopping, Consumer Goods, Software",101-250,"Alpha JWC Ventures, STRIVE, BEENEXT, AC Ventures, Alpha Wave Incubation",4,Early Stage Venture
Segari,https://www.crunchbase.com/organization/segari,,"Food and Beverage, Grocery, Retail","Jakarta, Jakarta Raya, Indonesia",Segari operates as an online grocery company that offers fresh food products.,"25,006",https://segari.id,https://www.linkedin.com/company/segari,https://www.facebook.com/segari.official,,For Profit,,"Commerce and Shopping, Food and Beverage",101-250,"Argor Capital, Saison Capital, BEENEXT, AC Ventures, Susquehanna International Group",3,Early Stage Venture
HappyFresh,https://www.crunchbase.com/organization/happyfresh,,"E-Commerce, Grocery, Mobile","Jakarta, Jakarta Raya, Indonesia","Build to deliver a simplified life, our mission is to provide an easy grocery shopping experience with a high-quality service.","25,077",http://happyfresh.com,https://www.linkedin.com/company/happyfresh,https://www.facebook.com/HappyFreshGroup,,For Profit,,"Commerce and Shopping, Food and Beverage, Mobile",251-500,"500 Global, Cherry Ventures, Vertex Ventures, Endeavor Catalyst, Vertex Ventures Southeast Asia & India",7,
OnlinePajak,https://www.crunchbase.com/organization/onlinepajak,,"FinTech, Information Services, Information Technology","Jakarta, Jakarta Raya, Indonesia","OnlinePajak simplifies the entire tax reporting process with instant, hassle-free, and secure online tax management technology.","25,369",https://www.online-pajak.com,https://www.linkedin.com/company/achilles-systems-pte-ltd/,https://www.facebook.com/onlinepajak/,https://twitter.com/OnlinePajak?,For Profit,,"Financial Services, Information Technology",51-100,"Sequoia Capital, Endeavor Catalyst, Warburg Pincus, Alpha JWC Ventures, Bossa Invest",6,Late Stage Venture
Dekoruma,https://www.crunchbase.com/organization/dekoruma,,"Construction, E-Commerce, Furniture, Home Decor, Interior Design","Jakarta, Jakarta Raya, Indonesia","Dekoruma is an e-commerce company that offers interior, furniture, and decoration services.","25,813",http://www.dekoruma.com,https://www.linkedin.com/company/dekoruma,http://www.facebook.com/dekoruma,,For Profit,,"Commerce and Shopping, Consumer Goods, Design, Real Estate",501-1000,"Foundamental, InterVest Co., BEENEXT, AC Ventures, Ondine Capital",6,M&A
bythen,https://www.crunchbase.com/organization/bythen,,"Information Services, Information Technology, Software","Jakarta, Jakarta Raya, Indonesia",bythen enables the production of autonomous 3D avatar bots powered by AI.,"26,058",https://www.bythen.ai/quest,https://www.linkedin.com/company/bythen,,,For Profit,,"Information Technology, Software",11-50,"AppWorks, East Ventures, BEENEXT, GuildFi, Skystar Capital",2,Seed
WAY Research and Technology,https://www.crunchbase.com/organization/way-research,,"Enterprise Software, Information and Communications Technology (ICT), Information Technology, Internet of Things, IT Infrastructure, IT Management, Network Security, SaaS, Software Engineering, Telecommunications","Kebayoran Baru, Jakarta Raya, Indonesia",IT Solutions and Consultant,"26,264",https://wayresearch.id,https://www.linkedin.com/company/way-research,,https://x.com/wayresearchco,For Profit,,"Hardware, Information Technology, Internet Services, Privacy and Security, Science and Engineering, Software",11-50,,1,Seed
OY!,https://www.crunchbase.com/organization/oy,,"Banking, Financial Services, FinTech, Information Technology","Jakarta, Jakarta Raya, Indonesia",OY! is a fintech application that simplifies the management of finances.,"26,300",https://www.oyindonesia.com,https://www.linkedin.com/company/oy,,https://twitter.com/oyindonesia,For Profit,,"Financial Services, Information Technology, Lending and Investments",251-500,"Pavilion Capital, Saison Capital, MDI Ventures, SBVA, AC Ventures",6,Early Stage Venture
Swap,https://www.crunchbase.com/organization/swap-5961,,"Automotive, Battery, Clean Energy","Penjaringan, Jakarta Raya, Indonesia",Swap is a e-mobility start-up that offers swappable battery product for e-motorcycles.,"26,527",https://swap.id,https://www.linkedin.com/company/swap-energi-indonesia,https://www.facebook.com/SwapEnergi,https://twitter.com/SwapEnergi,For Profit,,"Energy, Sustainability, Transportation",11-50,"Qiming Venture Partners, GGV Capital, Ondine Capital, Living Lab Ventures, New Energy Nexus",3,Early Stage Venture
Travelio,https://www.crunchbase.com/organization/travelio,,"Hospitality, Marketplace, Property Management, Real Estate, Rental Property, Travel Accommodations","Jakarta, Jakarta Raya, Indonesia","Travelio is an online home rental marketplace that offers apartments, villas, and houses.","26,530",https://www.travelio.com,https://www.linkedin.com/company/travelio-com,https://www.facebook.com/travelioid,https://twitter.com/travelioid,For Profit,,"Commerce and Shopping, Real Estate, Travel and Tourism",501-1000,"500 Global, Insignia Ventures Partners, Gobi Partners, Pegasus Tech Ventures, AppWorks",6,Late Stage Venture
Yupi,https://www.crunchbase.com/organization/yupi-4e4e,,"Confectionery, Food and Beverage, Food Processing","Bogor, Jawa Barat, Indonesia",Yupi is a gummy confectionery company that manufactures various type of gummy candies.,"26,561",https://www.yupindo.com,https://www.linkedin.com/company/yupi-indo-jelly-gummy,https://www.facebook.com/yupigummycandies,https://x.com/yupiers?lang=en,For Profit,,Food and Beverage,101-250,,,M&A
AdaKami,https://www.crunchbase.com/organization/adakami,,"Consumer Lending, Financial Services, Lending","Jakarta, Jakarta Raya, Indonesia",AdaKami is a local online peer-to-peer lending platform that provides loan facilities without collateral.,"26,675",https://www.adakami.id/,https://www.linkedin.com/company/pt-pembiayaan-digital-indonesia-adakami/,https://www.facebook.com/adakami.id,https://twitter.com/adakamiofficial,For Profit,,"Financial Services, Lending and Investments",501-1000,"Superbank, Jago, SeaBank Indonesia",3,
Bank Mandiri,https://www.crunchbase.com/organization/bank-mandiri,,"Finance, Financial Services","Jakarta, Jakarta Raya, Indonesia","Bank Mandiri, headquartered in Jakarta, is the largest bank in Indonesia in term of assets, loans and deposits.","26,782",http://bankmandiri.co.id/,https://www.linkedin.com/company/bank-mandiri,https://www.facebook.com/bankmandiri/,https://twitter.com/bankmandiri,For Profit,,Financial Services,10001+,,2,IPO
(한국야동 Movies) Dragon hunter koreaclub,https://www.crunchbase.com/organization/medan-sugar-industry,,"Food and Beverage, Food Processing, Wholesale","Jakarta, Jakarta Raya, Indonesia","야동클럽, 한국야동, 일본AV, 온리팬스, 무료야동 https://koreaclub.cloud","27,253",https://koreaclub.cloud,,,,For Profit,,"Commerce and Shopping, Food and Beverage",101-250,,,
PT Terra Link Technologies,https://www.crunchbase.com/organization/pt-terra-link-technologies,,,"Yogyakarta, Yogyakarta, Indonesia",PT Terra Link Technologies is a joint venture.,"28,203",,,,,,,,,MapmyIndia,1,
Lemonilo,https://www.crunchbase.com/organization/konsula,,"E-Commerce, Health Care, Internet","Jakarta, Jakarta Raya, Indonesia",Lemonilo is a curated marketplace for healthy food and cosmetics.,"28,656",https://www.lemonilo.com/,https://www.linkedin.com/company/lemonilo/,https://www.facebook.com/lemonilo/,https://twitter.com/lemonilo,For Profit,,"Commerce and Shopping, Health Care, Internet Services",251-500,"Alpha JWC Ventures, Peak XV Partners, East Ventures, Sofina, Unifam Capital",4,Late Stage Venture
AssistX Enterprise,https://www.crunchbase.com/organization/kecilin-id,,"Artificial Intelligence (AI), Information Technology, Software","Jakarta Pusat, Jakarta Raya, Indonesia",End-to-end artificial intelligence solution provider,"28,784",https://assistxenterprise.ai/,https://www.linkedin.com/company/assistx-enterprise/?viewAsMember=true,,,For Profit,,"Artificial Intelligence (AI), Data and Analytics, Information Technology, Science and Engineering, Software",51-100,"MDI Ventures, Mandiri Capital Indonesia (MCI), Arkana Ventures, BNI Ventures, Tinc",2,Seed
Blitz Electric Mobility,https://www.crunchbase.com/organization/blitz-ad62,,"Automotive, Electric Vehicle, Logistics, Software, Transportation","Jakarta, Jakarta Raya, Indonesia","Blitz is a data-driven EV logistic startup in Indonesia, bringing instant & same day electric delivery capabilities to enterprises","29,243",https://www.rideblitz.com/,https://www.linkedin.com/company/rideblitz/,https://www.facebook.com/Blitz-Electric-Mobility-348591049562970,https://twitter.com/BlitzMobility,For Profit,,"Software, Transportation",51-100,"Iterative, ADB Ventures, Third Derivative, SATVIK INVESTMENT PTE LTD, gbeta",4,Seed
KitaLulus,https://www.crunchbase.com/organization/kitalulus,,Mobile Apps,"Jakarta, Jakarta Raya, Indonesia",KitaLulus provides and offers employment opportunities for each individual through access to community education and technology.,"29,252",https://www.kitalulus.com,https://www.linkedin.com/company/kitalulusinternasional,,,For Profit,,"Apps, Mobile, Software",101-250,"Goodwater Capital, Tiger Global Management, Rocketship.vc, Argor Capital, FEBE Ventures",3,Early Stage Venture
FishLog,https://www.crunchbase.com/organization/fishlog,,"Aquaculture, Seafood, Supply Chain Management","Bogor, Jawa Barat, Indonesia",FishLog operates a supply chain marketplace designed to provide a cold chain network through community interaction.,"29,269",http://fishlog.co.id,https://www.linkedin.com/company/fishlogid,https://www.facebook.com/fishlogid,https://twitter.com/fishlogid,For Profit,,"Agriculture and Farming, Food and Beverage, Transportation",101-250,"Accel, Insignia Ventures Partners, Captain Fresh, MDI Ventures, Saison Capital",7,Seed
Bobobox Indonesia,https://www.crunchbase.com/organization/bobobox-indonesia,,"Energy, Information Technology, Renewable Energy, Travel","Bandung, Jawa Barat, Indonesia",Bobobox Indonesia is a capsule hotel startup .,"29,357",https://bobobox.com/,https://www.linkedin.com/company/bobobox-id/,https://www.facebook.com/pg/bobobox.id/,https://twitter.com/Bobobox_id,For Profit,,"Energy, Information Technology, Sustainability, Travel and Tourism",51-100,"Alpha JWC Ventures, Genesia Ventures, AC Ventures, Kakao Investment, Agaeti Venture Capital",5,Early Stage Venture
Hypefast,https://www.crunchbase.com/organization/hypefast,,"Baby, Beauty, Cosmetics, E-Commerce, Fashion","Dki Jakarta, Jakarta Raya, Indonesia",Hypefast building the largest house of eCommerce-native brands in SEA. It acquires & operates top brands passionately. 20 & counting.,"29,509",https://www.hypefast.id,https://www.linkedin.com/company/hypefast/mycompany/,https://www.facebook.com/HypeFastID,,For Profit,,"Clothing and Apparel, Commerce and Shopping, Community and Lifestyle, Consumer Goods, Design",251-500,"Jungle Ventures, Monk’s Hill Ventures, STRIVE, Amand Ventures, Arkblu Capital",3,Early Stage Venture
DELOS,https://www.crunchbase.com/organization/dewi-laut-aquaculture,,"AgTech, Aquaculture, Farming, Seafood","Jakarta, Jakarta Raya, Indonesia",Delos is a science-driven aqua-tech company that design and operate aqua farms to disrupt the traditional fragmented aquaculture industry.,"29,888",https://delosaqua.com/,https://www.linkedin.com/company/delosaqua,,,For Profit,,"Agriculture and Farming, Food and Beverage",101-250,"Alpha JWC Ventures, Monk’s Hill Ventures, MDI Ventures, iSeed, Mandiri Capital Indonesia (MCI)",3,Early Stage Venture
Paxel.co,https://www.crunchbase.com/organization/paxel-co,,"Lifestyle, Logistics, Supply Chain Management","Jakarta, Jakarta Raya, Indonesia","Paxel.co is a lifestyle,they live in todays socially connected community and strive.","30,011",https://paxel.co/,https://www.linkedin.com/company/paxel-co/about/,https://www.facebook.com/pg/paxel.co/,https://x.com/paxelco_?lang=en,For Profit,,"Community and Lifestyle, Transportation",251-500,"Endeavor Catalyst, FJ Labs, Bossa Invest, East Ventures, MDI Ventures",7,
Yummy Corp,https://www.crunchbase.com/organization/yummy-corp-9b7d,,"Catering, Food and Beverage, Food Delivery, Food Processing","Tangerang, Jawa Barat, Indonesia",Yummy Corp is a cloud kitchen management and online catering company that operates a network of delivery-only kitchens.,"30,451",https://www.yummycorp.com,https://www.linkedin.com/company/yummycorp,https://www.facebook.com/yummycorporation,https://twitter.com/yummy_corp,For Profit,,"Food and Beverage, Transportation",501-1000,"Bossa Invest, East Ventures, Intudo Ventures, AppWorks, Palm Drive Capital",4,Early Stage Venture
Pintarnya,https://www.crunchbase.com/organization/pintarnya,,"Financial Services, Mobile Apps","Jakarta, Jakarta Raya, Indonesia",Pintarnya is an mobile application to unlock employment and financial opportunities for millions of blue-collar workers in Indonesia.,"30,540",https://pintarnya.com/,https://www.linkedin.com/company/pintarnya/,,,For Profit,,"Apps, Financial Services, Mobile, Software",51-100,"General Catalyst, Peak XV Partners, East Ventures, Vertex Ventures Southeast Asia & India",3,Seed
Caxe Technologies,https://www.crunchbase.com/organization/caxe-technologies,,"Financial Services, FinTech, Software","Jakarta, Jakarta Raya, Indonesia",Caxe Technologies is a fintech company.,"30,552",https://caxe.tech,https://www.linkedin.com/company/caxe,,,For Profit,,"Financial Services, Software",51-100,"Titanium Ventures, responsAbility Investments, Monk’s Hill Ventures, Kejora Capital, Experian",1,Late Stage Venture
iSeller,https://www.crunchbase.com/organization/iseller,,"Information Services, Information Technology, Mobile Apps","Jakarta, Jakarta Raya, Indonesia",iSeller is an information technology company located in Jakarta.,"31,065",http://isellercommerce.com/,https://www.linkedin.com/company/iseller-id,,,For Profit,,"Apps, Information Technology, Mobile, Software",101-250,"Intudo Ventures, AppWorks, Openspace, Mandiri Capital Indonesia (MCI), Indogen Capital",3,Early Stage Venture
Moka,https://www.crunchbase.com/organization/moka,,"FinTech, Mobile Payments, Point of Sale, Small and Medium Businesses","Jakarta, Jakarta Raya, Indonesia",Moka is an Indonesian fintech startup that focuses on building mobile point-of-sale (mPOS) for small and medium businesses.,"31,227",http://mokapos.com,https://www.linkedin.com/company/mokapos,http://www.facebook.com/mokapos,http://twitter.com/mokapos,For Profit,,"Commerce and Shopping, Financial Services, Mobile, Other, Payments, Software",501-1000,"Peak XV Partners, East Ventures, Northstar Group, SBVA, Pegasus Tech Ventures",5,M&A
Bitwyre,https://www.crunchbase.com/organization/bitwyre-technologies,,"Bitcoin, Cryptocurrency, Financial Exchanges, Financial Services","Jakarta, Jakarta Raya, Indonesia",Cryptocurrency Spot and Derivative Exchange,"31,378",https://bitwyre.id,https://www.linkedin.com/bitwyre,https://www.facebook.com/bitwyre,https://www.x.com/bitwyre,For Profit,,"Blockchain and Cryptocurrency, Financial Services, Lending and Investments, Payments, Software",11-50,Dendi Suhubdy,8,Early Stage Venture
Mercedes-Benz,https://www.crunchbase.com/organization/mercedes-benz-f502,,"Automotive, Manufacturing, Sales","Bogor, Jawa Barat, Indonesia","Mercedes-Benz provides design, comfort, and driving safety through cutting-edge technological innovations and sophistication.","31,427",https://www.mercedes-benz.co.id/passengercars.html?group=all&subgroup=see-all&view=BODYTYPE,https://www.linkedin.com/company/mercedes-benz-indonesia/,https://www.facebook.com/MercedesBenzID,,For Profit,,"Manufacturing, Sales and Marketing, Transportation",501-1000,,,
Ringkas,https://www.crunchbase.com/organization/ringkas,,"Financial Services, FinTech, Real Estate","Jakarta, Jakarta Raya, Indonesia",Ringkas offers a mortgage application platform that digitalizes the mortgage process.,"31,699",https://ringkas.co.id,https://www.linkedin.com/company/ringkas,https://www.facebook.com/RingkasHomes,,For Profit,,"Financial Services, Real Estate",1-10,"Hustle Fund, 500 Global, East Ventures, Iterative Capital Management, Creative Gorilla Capital",3,
Komunal,https://www.crunchbase.com/organization/komunal,,"Commercial Lending, Financial Services, FinTech, Lending","Surabaya, Jawa Timur, Indonesia",Komunal is a financial technology-based company that provides Peer-to-Peer Lending services.,"31,760",https://komunal.co.id/,https://www.linkedin.com/company/komunal-id,https://www.facebook.com/komunalfinansial.id,https://twitter.com/komunal_id,For Profit,,"Financial Services, Lending and Investments",101-250,"JAFCO Asia, East Ventures, Gobi Partners, Sovereign’s Capital, Sumitomo",4,Early Stage Venture
Traveloka,https://www.crunchbase.com/organization/traveloka,,"Big Data, In-Flight Entertainment, Search Engine, Travel","Jakarta, Jakarta Raya, Indonesia",Traveloka is an online travel aggregator that helps customers choose and book their next travel location.,"32,145",http://traveloka.com,https://www.linkedin.com/company/traveloka-com/,http://www.facebook.com/Traveloka,http://twitter.com/traveloka,For Profit,,"Data and Analytics, Internet Services, Media and Entertainment, Travel and Tourism",1001-5000,"BlackRock, Sequoia Capital, Hillhouse Investment, East Ventures, Expedia",8,
EdenFarm Indonesia,https://www.crunchbase.com/organization/eden-farm-indonesian,,"Agriculture, Consumer Goods, Farming, Supply Chain Management","Jakarta, Jakarta Raya, Indonesia",EdenFarm is an agriculture supply chain startup that delivers fresh agricultural products to restaurants and cafes.,"32,710",https://www.edenfarm.id,https://www.linkedin.com/company/pt-eden-pangan-indonesia,https://www.facebook.com/EdenFarmId,,For Profit,,"Agriculture and Farming, Consumer Goods, Transportation",501-1000,"Y Combinator, Capria Ventures, AppWorks, Global Founders Capital, Investible",6,Early Stage Venture
PROTON Holdings,https://www.crunchbase.com/organization/proton-holdings,,"Automotive, Autonomous Vehicles, Machinery Manufacturing, Manufacturing","Subang, Jawa Barat, Indonesia","<a href=""https://proton.autodeal.my/"">PROTON</a> Holdings is a manufactures, assembles, and sells motor vehicles.","32,988",http://www.proton.com,,https://www.facebook.com/ProtonCarsOfficial,,For Profit,,"Manufacturing, Transportation",5001-10000,Geely,1,
Finfra,https://www.crunchbase.com/organization/finfra-3a02,,"Embedded Systems, FinTech, Information Technology","Jakatra, Jakarta Raya, Indonesia",Finfra enables non-financial platforms to integrate lending and unlock new revenue streams easily.,"33,242",https://www.finfra.io,https://www.linkedin.com/company/finfraio,,,For Profit,,"Financial Services, Hardware, Information Technology, Science and Engineering, Software",11-50,"Hustle Fund, Seedstars, Z Venture Capital, Accion Venture Lab, FIRSTPICK",3,Seed
Manuva,https://www.crunchbase.com/organization/tjetak,,"B2B, E-Commerce, Internet, Manufacturing, Packaging Services, Supply Chain Management","Jakarta Pusat, Jakarta Raya, Indonesia",Manuva is an integrated manufacturing platform for Packaging & Utilitarian goods.,"33,280",https://www.manuva.com/,https://www.linkedin.com/company/manuvaindonesia,,,For Profit,,"Administrative Services, Commerce and Shopping, Internet Services, Manufacturing, Other, Transportation",101-250,"Vertex Ventures, Tin Men Capital, Journey Capital Partners",5,
Reku,https://www.crunchbase.com/organization/rekeningku,,"Cryptocurrency, Financial Services, FinTech","Jakarta, Jakarta Raya, Indonesia",Rekeningku is an app-based platform for cryptocurrency financial services.,"33,297",https://reku.id,https://www.linkedin.com/company/rekeningku-com,https://www.facebook.com/Rekeningkucom,https://twitter.com/Rekeningkucom,For Profit,,"Blockchain and Cryptocurrency, Financial Services, Payments, Software",51-100,"Coinbase Ventures, AC Ventures, Skystar Capital, Mulia Sky Capital",1,Early Stage Venture
Kitabisa.com,https://www.crunchbase.com/organization/kitabisa-com,,"Crowdfunding, FinTech, Health Care, Non Profit, Social Entrepreneurship","Jakarta, Jakarta Raya, Indonesia",Indonesia's Largest Crowdfunding Platform,"33,373",http://kitabisa.com,https://www.linkedin.com/company/kitabisa.com/,https://www.facebook.com/kitabisadotcom,https://twitter.com/kitabisacom,For Profit,,"Community and Lifestyle, Financial Services, Health Care, Other, Social Impact",251-500,"International Finance Corporation, Endeavor Catalyst, 500 Global, Alto Partners, Endeavor Indonesia",5,Early Stage Venture
Klinik Pintar,https://www.crunchbase.com/organization/klinik-pintar,,"Fitness, Health Care, Information Technology, Wellness","Kebayoran Baru, Jakarta Raya, Indonesia",Klinik Pintar is a health-tech that provides consultation solutions for patients in collaboration with clinics through digital technology.,"33,664",https://klinikpintar.id,https://www.linkedin.com/company/klinikpintar,https://www.facebook.com/klinikpintarid,https://twitter.com/klinikpintaridi,For Profit,,"Health Care, Information Technology, Sports",51-100,"Golden Gate Ventures, Altara Ventures, Venturra, Venturra Discovery, Skystar Capital",4,Early Stage Venture
KitaBeli,https://www.crunchbase.com/organization/kitabeli,,"Consumer Goods, E-Commerce, Fast-Moving Consumer Goods, Grocery, Group Buying","Jakarta, Jakarta Raya, Indonesia",KitaBeli is a social commerce startup offering fast-moving consumer goods on its gamified platform.,"34,337",https://kitabeli.id/,https://www.linkedin.com/company/kitabeli/,https://www.facebook.com/kitabeliid/,,For Profit,,"Commerce and Shopping, Consumer Goods, Food and Beverage, Real Estate",11-50,"InnoVen Capital, Glade Brook Capital Partners, East Ventures, Argor Capital, AC Ventures",4,Early Stage Venture
IDCloudHost,https://www.crunchbase.com/organization/idcloudhost,,"Cloud Computing, Network Security","Jakarta, Jakarta Raya, Indonesia",IDCloudHost is a Cloud Hosting service designed for customer needs and also builds an abstraction of complex infrastructure in a service.,"34,510",https://idcloudhost.com/,https://www.linkedin.com/company/idcloudhost,https://www.facebook.com/Idcloudhostcom/,https://twitter.com/idcloudhostcom,For Profit,,"Information Technology, Internet Services, Privacy and Security, Software",11-50,Init 6,1,Seed
Tentang Anak,https://www.crunchbase.com/organization/tentang-anak,,"Child Care, Education, Health Care, Parenting","Jakarta Pusat, Jakarta Raya, Indonesia","Tentang Anak is Indonesia's fastest growing parenting tech company, providing a one stop solution child development ecosystem","34,744",https://tentanganak.com/,https://www.linkedin.com/company/tentanganak/,https://www.facebook.com/tentanganak.id/,https://x.com/tentanganakofc,For Profit,,"Community and Lifestyle, Education, Health Care",101-250,"Goodwater Capital, Insignia Ventures Partners, Venturra, Surge, Goodwater Genesis",2,Seed
Sirka,https://www.crunchbase.com/organization/sirka,,"Health Care, Information Services, Wellness","Jakarta, Jakarta Raya, Indonesia",Sirka is Indonesia's First Metabolic Clinic,"35,012",http://sirka.io,https://www.linkedin.com/company/sirkaio,https://www.facebook.com/sirkaio-109399087596343,,For Profit,,"Health Care, Information Technology",101-250,"Y Combinator, Sequoia Capital, Goodwater Capital, Peak XV Partners, AC Ventures",4,Seed
Lummo,https://www.crunchbase.com/organization/lummo,,"Business Development, Data Management, Online Portals","Jakarta, Jakarta Raya, Indonesia",Lummo empower entrepreneurs and brands in SEA to accelerate their growth and to serve their customers by giving them the best technology.,"35,229",https://www.lummoshop.co.id/,https://www.linkedin.com/company/lummoindonesia/,https://www.facebook.com/lummo.shop/,https://mobile.twitter.com/lummoshopid,For Profit,,"Data and Analytics, Internet Services, Professional Services",101-250,"Speedinvest, Endeavor Catalyst, Tiger Global Management, Peak XV Partners, Bossa Invest",6,Late Stage Venture
Jago Coffee,https://www.crunchbase.com/organization/jago-coffee,,"Coffee, Computer, Food and Beverage","Jakarta, Jakarta Raya, Indonesia",Jago Coffee serves freshly brewed coffee beverages wherever you are through a fleet of fully electric mobile cafes.,"35,279",https://www.jagocoffee.com/,https://www.linkedin.com/company/jago-coffee/,https://www.facebook.com/jagocoffee/,https://twitter.com/jago_coffee?lang=en,For Profit,,"Consumer Electronics, Food and Beverage, Hardware",1-10,"Intudo Ventures, CyberAgent Capital, BEENEXT, Prasetia Dwidharma, D Global Ventures",3,Early Stage Venture
Gravel,https://www.crunchbase.com/organization/gravel-61f8,,Internet,"Jakarta, Jakarta Raya, Indonesia",Gravel is a technology company that makes it simple for you to find qualified and trustworthy construction workers.,"35,395",https://gravel.co.id/,https://www.linkedin.com/company/graveltechnologies,,https://twitter.com/gravelindonesia,For Profit,,Internet Services,101-250,"New Enterprise Associates, East Ventures, SMDV, Lip-Bu Tan, Weili Dai",1,
Good Doctor Technology Indonesia,https://www.crunchbase.com/organization/pt-good-doctor-technology-indonesia,,Health Care,"Jakarta, Jakarta Raya, Indonesia",Good Doctor Technology Indonesia is building a digital health ecosystem.,"36,327",https://www.gooddoctor.co.id,https://www.linkedin.com/company/gooddoctorindonesia/,,,For Profit,,Health Care,101-250,"SoftBank Vision Fund, MDI Ventures, Grab",1,M&A
Pertamina Geothermal Energy,https://www.crunchbase.com/organization/pertamina-geothermal-energy,,"Energy, Geothermal Energy, Renewable Energy","Jakarta, Jakarta Raya, Indonesia",Pertamina Geothermal Energy is adding value by improving end-to-end management of geothermal potential and its derivative goods.,"37,026",https://www.pge.pertamina.com/id,https://www.linkedin.com/company/pertamina,,,For Profit,,"Energy, Sustainability",101-250,Masdar,1,IPO
Finku,https://www.crunchbase.com/organization/finku,,"Apps, Financial Services, FinTech, Personal Finance","Jakarta, Jakarta Raya, Indonesia",Finku is a fintech company that offers personal finance for Indonesians.,"37,655",https://www.finku.id,https://www.linkedin.com/company/finku,https://www.facebook.com/Finku.id,https://x.com/finku_id,For Profit,,"Apps, Financial Services, Software",11-50,"Y Combinator, B Capital, Goodwater Capital, 500 Global, Golden Gate Ventures",3,Seed
Zenius Education,https://www.crunchbase.com/organization/zenius-education,,Education,"Jakarta, Jakarta Raya, Indonesia",Zenius provides comprehensive self-learning materials for K12 students across Indonesia.,"37,675",https://www.zenius.net,https://www.linkedin.com/company/pt-zenius-education,https://www.facebook.com/zeniusmultimedialearning/,https://twitter.com/zeniuseducation,For Profit,,Education,251-500,"Alpha JWC Ventures, MDI Ventures, Northstar Group, BEENEXT, Openspace",5,Early Stage Venture
Dailybox,https://www.crunchbase.com/organization/dailybox,,"E-Commerce, Food and Beverage, Food Delivery","Jakarta, Jakarta Raya, Indonesia",A local (Indonesia) brand that focused on delivering a varieties of dishes in a form of a rice box. Fast and Affordable.,"37,873",https://dailybox.id/,https://www.linkedin.com/company/dailybox/,https://www.facebook.com/profile.php?id=100090846973523,,For Profit,,"Commerce and Shopping, Food and Beverage, Transportation",101-250,"Vertex Ventures Southeast Asia & India, Northstar Group, Kinesys Group, Vertex Growth Fund",3,Early Stage Venture
Tokopedia,https://www.crunchbase.com/organization/tokopedia,,"E-Commerce, FinTech, Internet, Marketplace, Shopping","Jakarta, Jakarta Raya, Indonesia",Tokopedia is a tech company that provides a C2C business platform for buyers and merchants.,"37,996",https://www.tokopedia.com,https://www.linkedin.com/company/pt--tokopedia,https://www.facebook.com/tokopedia,https://twitter.com/tokopedia,For Profit,,"Commerce and Shopping, Financial Services, Internet Services",5001-10000,"Temasek Holdings, Google, Peak XV Partners, SoftBank Vision Fund, East Ventures",10,M&A
Rekosistem,https://www.crunchbase.com/organization/rekosistem,,"Recycling, Waste Management","Melawai, Jakarta Raya, Indonesia",Rekosistem is a climate-tech startup that provides waste management and recycling services to optimise the waste value chain.,"38,097",https://rekosistem.com/,https://www.linkedin.com/company/rekosistem/,https://www.facebook.com/rekosistem.id,,For Profit,,Sustainability,11-50,"East Ventures, Saratoga Investment Corp., Skystar Capital, Endeavor Indonesia, Startup Studio Indonesia",3,Seed
Peeba,https://www.crunchbase.com/organization/Peeba,,"E-Commerce, Information Technology, Marketplace, Wholesale","Jakarta, Jakarta Raya, Indonesia",Peeba is a wholesale procurement platform for small and medium-sized retailers.,"38,159",https://www.peeba.com,https://www.linkedin.com/company/peeba,https://www.facebook.com/peebaofficial,https://twitter.com/Peeba_official,For Profit,,"Commerce and Shopping, Information Technology",51-100,"Y Combinator, Headline, Rebel Fund, Kima Ventures, MAGIC Fund",5,Seed
SUN Energy,https://www.crunchbase.com/organization/sun-energy,,"Energy, Environmental Consulting, Renewable Energy","Dki Jakarta, Jakarta Raya, Indonesia",SUN Energy is a Renewable Energy Service Company that focuses on solar energy system.,"38,225",https://sunenergy.id,https://www.linkedin.com/company/sunenergyid,https://www.facebook.com/sunenergyid,,For Profit,,"Energy, Professional Services, Sustainability",101-250,"Gan Kapital, TBS Energi Utama, DEG, PermataBank",3,Early Stage Venture
PINTAR,https://www.crunchbase.com/organization/pintar,,"E-Learning, Education, Higher Education, Online Portals","Jakarta Pusat, Jakarta Raya, Indonesia",PINTAR is an online education portal that offers courses to increase job opportunities.,"38,233",https://pintar.co/,https://www.linkedin.com/company/pintarco,https://www.facebook.com/pintar.co,,For Profit,,"Education, Internet Services, Software",101-250,"SIG venture capital, GDP Venture, Endeavor Indonesia, Havez Capital",2,Seed
Migo,https://www.crunchbase.com/organization/migo-entertainment,,"Content, Digital Media, Education, Media and Entertainment, Video","Tebet, Jakarta Raya, Indonesia",Migo is a digital content platform that allows customers to download an entire film.,"38,318",https://migo.io,https://www.linkedin.com/company/migo,https://www.facebook.com/MigoIndo,https://twitter.com/migoindonesia,For Profit,,"Education, Media and Entertainment, Video",1-10,"Vickers Venture Partners, Canaan Valley Capital, Steve Chen, Boon Hwee Koh, Rising Tide Africa",4,Late Stage Venture
Baskit,https://www.crunchbase.com/organization/baskit,,"B2B, Financial Services, Information Technology, Supply Chain Management","Jakarta, Jakarta Raya, Indonesia",Baskit enables supply chains by providing commercial support and tools to offline distribution businesses.,"38,508",https://baskit.app,https://www.linkedin.com/company/baskitapp,,,For Profit,,"Financial Services, Information Technology, Other, Transportation",51-100,"Forge Ventures, 1982 Ventures, Korea Investment Partners, Investible, Betatron Venture Group",4,Seed
NWP Property,https://www.crunchbase.com/organization/nwp-retail,,"Real Estate, Retail","Jakarta, Jakarta Raya, Indonesia",NWP Property is one of the largest and fastest-growing retail real estate platforms,"38,951",https://nwpproperty.com/,https://www.linkedin.com/company/nwpproperty,https://www.facebook.com/nwp.retail.77,,For Profit,,"Commerce and Shopping, Real Estate",1001-5000,"International Finance Corporation, Warburg Pincus, Bank OCBC NISP, CLSA, Korean Teachers Credit Union",3,Private Equity
Charged,https://www.crunchbase.com/organization/charged-8f2f,,"Electric Vehicle, Industrial, Manufacturing","Dki Jakarta, Jakarta Raya, Indonesia",A direct-to-user electric motorcycle manufacturer is called Charged Indonesia.,"38,968",https://charged.asia,https://www.linkedin.com/company/pt-industri-charged-mobilitas,https://www.facebook.com/chargedasia,https://twitter.com/ChargedAsia,For Profit,,"Manufacturing, Transportation",101-250,"Geo Energy Resources, DeClout Ventures",3,Seed
Waste4Change,https://www.crunchbase.com/organization/waste4change,,"CleanTech, GreenTech, Recycling, Waste Management","Bekasi Kota, Jawa Barat, Indonesia",Waste4Change is an environmental consulting company that offers waste management solutions using technology and collaboration.,"39,325",https://waste4change.com,https://www.linkedin.com/company/waste4change,https://www.facebook.com/waste4change,https://twitter.com/waste4change,For Profit,,Sustainability,101-250,"East Ventures, AC Ventures, Agaeti Venture Capital, Paloma Capital, Endeavor Indonesia",5,
Verihubs,https://www.crunchbase.com/organization/verihubs,,"Artificial Intelligence (AI), Computer Vision, Developer APIs, Developer Platform, Financial Services, FinTech, Machine Learning, Software","Jakarta, Jakarta Raya, Indonesia",Verihubs builds a digital infrastructure and provides a range of AI-based services for financial services enterprises.,"39,346",https://verihubs.com,https://www.linkedin.com/company/verihubs,https://www.facebook.com/VERIHUBS,,For Profit,,"Artificial Intelligence (AI), Data and Analytics, Financial Services, Hardware, Science and Engineering, Software",51-100,"Y Combinator, Insignia Ventures Partners, MAGIC Fund, Central Capital Ventura, Startup Studio Indonesia",3,Seed
TipTip,https://www.crunchbase.com/organization/tiptip,,"Content Creators, Video on Demand, Video Streaming","Jakarta, Jakarta Raya, Indonesia",TipTip is a monetization platform for creators and a one-stop-shopping & learning for digital content and live sessions.,"39,364",https://www.tiptip.tv,https://www.linkedin.com/company/tiptipnetwork,,https://twitter.com/tiptip_co,For Profit,,"Content and Publishing, Media and Entertainment, Video",101-250,"Vertex Ventures, East Ventures, Emtek Group, SMDV, BIG Ventures",2,Early Stage Venture
Lifepal,https://www.crunchbase.com/organization/lifepal,,"Auto Insurance, E-Commerce, Financial Services, FinTech, Insurance, InsurTech, Marketplace","Mampangprapatan, Jakarta Raya, Indonesia",Lifepal is an insurance marketplace that provides personal finance information and insurance protection.,"39,876",https://lifepal.co.id,https://www.linkedin.com/company/yourlifepal,https://www.facebook.com/lifepal,https://twitter.com/lifepal,For Profit,,"Commerce and Shopping, Financial Services",101-250,"Hustle Fund, Cathay Innovation, Insignia Ventures Partners, PruVen Capital, ATM Capital",3,M&A
Praktis,https://www.crunchbase.com/organization/pts-sc,,"Logistics, Management Consulting, Supply Chain Management","Bandung, Jawa Barat, Indonesia",Praktis is a supply chain management company located in Bandung.,"39,942",https://www.praktis.co/,https://www.linkedin.com/company/prakasa-triputra-solusi/about/,https://www.facebook.com/pg/praktis.co/,,For Profit,,"Professional Services, Transportation",101-250,"East Ventures, Startup Studio Indonesia, SMDV, Triputra Group",3,Early Stage Venture
Brik,https://www.crunchbase.com/organization/brik-513b,,"Building Material, Construction","Kembangan, Jakarta Raya, Indonesia",Brik is a construction material aggregator that enables small and midsize contractors to procure construction materials from vendors.,"40,088",https://www.brik.id,https://www.linkedin.com/company/brik-construction,,,For Profit,,Real Estate,51-100,"B Capital, Accel, Alter Global, AC Ventures, Living Lab Ventures",2,Seed
Lumina,https://www.crunchbase.com/organization/lumina-6a60,,"Human Resources, Information Technology, Recruiting, Training","Tangerang, Jawa Barat, Indonesia","Lumina is an online community for productive employees in that helps them find jobs quickly, easily, and safely.","40,149",https://lumina.mba/,https://www.linkedin.com/company/luminatechnologies/,https://www.facebook.com/lumina.mba,https://twitter.com/mba_lumina,For Profit,,"Administrative Services, Education, Information Technology, Professional Services",11-50,"Y Combinator, Goodwater Capital, Alpha JWC Ventures",1,Seed
Bank Indonesia,https://www.crunchbase.com/organization/bank-indonesia,,"Banking, Finance, Financial Services","Jakarta, Jakarta Raya, Indonesia",Bank Indonesia is the central bank of the Republic of Indonesia that establishes and maintains rupiah's stability.,"40,884",https://www.bi.go.id/id/default.aspx,https://www.linkedin.com/company/central-bank-of-indonesia/about/,https://www.facebook.com/bankindonesiaofficial,https://www.twitter.com/bank_indonesia,For Profit,,"Financial Services, Lending and Investments",5001-10000,,,
PT Pertamina International Shipping (PIS),https://www.crunchbase.com/organization/pt-pertamina-international-shipping-pis,,"Logistics, Marine Transportation, Oil and Gas, Shipping","Jakarta Pusat, Jakarta Raya, Indonesia","PIS is a sub-holding of Integrated Marine Logistics (IML), which handles all shipping, maritime services, and logistics operations.","40,985",https://pertamina-pis.com/,https://www.linkedin.com/company/pt-pertamina-international-shipping/,https://www.facebook.com/PertaminaPIS,https://twitter.com/pertamina_pis,For Profit,,"Energy, Natural Resources, Transportation",51-100,"Mizuho Bank, Mitsubishi UFJ Financial Group, Sumitomo Mitsui Banking Corporation, Bank BTPN, B.N.I.",1,
Mapan,https://www.crunchbase.com/organization/mapan,,"Apps, Communities, Enterprise, Financial Services, FinTech, Information Technology","Jakarta, Jakarta Raya, Indonesia",Community based social financial technology application.,"41,088",https://www.mapan.id/,https://www.linkedin.com/company/mapan-pt-ruma/life/,https://www.facebook.com/pg/MakinMapan,,For Profit,,"Apps, Community and Lifestyle, Financial Services, Information Technology, Other, Software",11-50,"Flourish Ventures, Endeavor Catalyst, 500 Global, BRI Ventures, Patamar Capital",3,M&A
Fairatmos,https://www.crunchbase.com/organization/fairatmos,,"Environmental Consulting, Service Industry","Kebayoran Baru, Jakarta Raya, Indonesia",Fairatmos works to improve technology in order to simplify carbon project design.,"41,433",https://www.fairatmos.com,https://www.linkedin.com/company/fairatmos,,,For Profit,,"Other, Professional Services",11-50,"Argor Capital, Vertex Ventures Southeast Asia & India, GO Ventures, Kreasi Terbarukan TBS",2,Seed
Bizzy,https://www.crunchbase.com/organization/bizzy-indonesia,,"Internet, Marketplace, Transportation, Wholesale","Jakarta, Jakarta Raya, Indonesia",Bizzy is an integrated B2B Supply Chain Platform For Logistics & Distribution in Indonesia.,"41,678",https://www.bizzy.co.id/,https://www.linkedin.com/company/bizzy-indonesia,https://www.facebook.com/BizzyIndonesia,https://twitter.com/@BizzyID,For Profit,,"Commerce and Shopping, Internet Services, Transportation",11-50,"AC Ventures, Agaeti Venture Capital, Alto Partners, Ardent Capital, EverHaüs",2,M&A
Otoklix,https://www.crunchbase.com/organization/otoklix,,"Automotive, Autonomous Vehicles, Software","Kebayoran, Jakarta Raya, Indonesia",Otoklix specializes in the fields of automotive aftermarket industry.,"41,703",https://otoklix.com/,https://id.linkedin.com/company/otoklix,,,For Profit,,"Software, Transportation",101-250,"Alpha JWC Ventures, Peak XV Partners, AC Ventures, Surge, Endeavor Indonesia",3,Early Stage Venture
Intrepid Group Asia,https://www.crunchbase.com/organization/intrepid-group-asia,,"Business Development, Business Intelligence, Developer APIs, E-Commerce, Information Technology","Jakarta, Jakarta Raya, Indonesia",Intrepid Group Asia gives priority to helping brand partners and vendors to seize every opportunity to develop e-commerce.,"41,750",https://www.intrepid.asia,https://www.linkedin.com/company/intrepid-group-sea/,,,For Profit,,"Commerce and Shopping, Data and Analytics, Information Technology, Professional Services, Software",251-500,"500 Global, Sun SEA Capital, Mirabaud Asset Management, Kairous Capital, Vulpes Investment Management Pte Ltd",4,M&A
Nusantics,https://www.crunchbase.com/organization/nusantics,,"Biotechnology, Health Care, Health Diagnostics","Jakarta, Jakarta Raya, Indonesia",A precision molecular diagnostics start-up that develops PCR and NGS-based solutions for both human and animal applications,"41,880",http://www.nusantics.com/,https://www.linkedin.com/company/nusantics-nusantara-genetics,https://www.facebook.com/pg/Nusantics-Official-311866996138011,,For Profit,,"Biotechnology, Health Care, Science and Engineering",51-100,"East Ventures, Illumina Accelerator",3,Early Stage Venture
EktaChain,https://www.crunchbase.com/organization/ektachain,,"Blockchain, Cryptocurrency, Internet, Real Estate, Software, Web3","Bali, Jawa Barat, Indonesia",EktaChain is a Layer 1 blockchain project that connects the physical world with Web3.,"42,185",https://www.ekta.io/,https://www.linkedin.com/company/ekta-io/,,https://twitter.com/EktaChain,For Profit,,"Blockchain and Cryptocurrency, Financial Services, Internet Services, Other, Payments, Real Estate, Software",11-50,The Global Emerging Markets Group,1,
Akulaku Group,https://www.crunchbase.com/organization/akulaku-inc,,"Banking, Financial Services, FinTech, Insurance, Wealth Management","Jakarta, Jakarta Raya, Indonesia",Akulaku is a banking and digital finance platform that provides a variety of virtual payment services.,"42,429",http://www.akulaku.com,https://in.linkedin.com/company/akulaku,https://www.facebook.com/AkuLakuIndonesia,https://twitter.com/akulaku,For Profit,,"Financial Services, Lending and Investments",1001-5000,"Qiming Venture Partners, HSBC, Peak XV Partners, Legend Capital, January Capital",13,
ESQA,https://www.crunchbase.com/organization/esqa-cosmetics,,"Beauty, Cosmetics, E-Commerce, Personal Care and Hygiene, Retail","Jakarta, Jakarta Raya, Indonesia",ESQA is a vegan cosmetics company that offers a comprehensive range of make-up and personal care items.,"42,609",https://esqacosmetics.com,https://www.linkedin.com/company/pt-keva-cosmetics-internasional,https://www.facebook.com/esqacosmetics/,,For Profit,,"Commerce and Shopping, Consumer Goods",51-100,"East Ventures, Unilever Ventures",2,Early Stage Venture
Desty,https://www.crunchbase.com/organization/desty,,"E-Commerce, Information Technology, Marketing, Marketplace, Product Management","Jakarta, Jakarta Raya, Indonesia","Desty is a platform that serves as an online destination for creators, influencers, and merchants to promote and sell their products.","42,610",https://www.desty.app,https://www.linkedin.com/company/destyapp,https://www.facebook.com/desty.commerce,https://twitter.com/destyapp,For Profit,,"Commerce and Shopping, Information Technology, Other, Sales and Marketing",51-100,"East Ventures, Jungle Ventures, January Capital, Square Peg Capital, 5Y Capital",5,Seed
PT SMI,https://www.crunchbase.com/organization/pt-sarana-multi-infrastruktur,,"Financial Services, Government, Infrastructure","Jakarta, Jakarta Raya, Indonesia",PT SMI is a government agency that offers a wide range of multi-finance services for various infrastructure sectors.,"42,810",https://www.ptsmi.co.id,https://www.linkedin.com/company/ptsmi/,https://www.facebook.com/ptsmi/,https://twitter.com/ptsmiID,Non-profit,,"Financial Services, Government and Military, Other",251-500,,1,
ESB,https://www.crunchbase.com/organization/esb-414e,,"Food and Beverage, Hotel, Information Technology, Restaurants, Small and Medium Businesses, Software","Tangerang, Jawa Barat, Indonesia",ESB provides restaurant technology that makes it easy for customers to manage their F&B business and ecosystem focus on operating business.,"42,974",https://www.esb.id,https://www.linkedin.com/company/pt-esensi-solusi-buana-esb,https://www.facebook.com/esb.co.id,https://twitter.com/esb_indonesia,For Profit,,"Food and Beverage, Information Technology, Other, Software, Travel and Tourism",251-500,"Alpha JWC Ventures, Northstar Group, BEENEXT, AC Ventures, Vulcan Capital",4,Early Stage Venture
Octopus,https://www.crunchbase.com/organization/octopus-cb84,,"Information Technology, Mobile Apps, Recycling, Waste Management","Jakarta Pusat, Jakarta Raya, Indonesia",Octopus is a reverse logistic platform for post-consumer products.,"43,043",https://octopus.co.id,https://www.linkedin.com/company/octopus-indonesia/,https://facebook.com/octopus.ina,https://twitter.com/octopus_ina,For Profit,,"Apps, Information Technology, Mobile, Software, Sustainability",11-50,"Google, SOSV, Openspace, Javas Venture LLC",3,Seed
DigiAsia Bios,https://www.crunchbase.com/organization/digiasia-bios,,"Financial Services, Information Services, Information Technology","Jakarta, Jakarta Raya, Indonesia",Digiasia Bios is a fintech-as-a-service company.,"43,663",http://digiasia.asia/,https://www.linkedin.com/company/digiasiabios/,https://www.facebook.com/kasprofamily,,For Profit,,"Financial Services, Information Technology",51-100,"Mastercard, Ion Pacific, Helena Special Opportunities",3,IPO
Kredivo,https://www.crunchbase.com/organization/kredivo,,"Credit Cards, Financial Services, FinTech, Lending, Payments","Jakatra, Jakarta Raya, Indonesia",Kredivo offers an online credit card with payment methods and installments in 30 days or monthly installments.,"43,738",https://kredivo.com,https://www.linkedin.com/company/finaccel-pte-ltd,https://www.facebook.com/kredivo,https://twitter.com/kredivo,For Profit,,"Financial Services, Lending and Investments, Payments",101-250,Endeavor Indonesia,1,
Pitik,https://www.crunchbase.com/organization/pitik,,"Agriculture, Farmers Market, Farming","Banten, Jawa Barat, Indonesia",Pitik is a modern agri-tech startup of poultry supply enabling chicken farmers with high efficienct technology.,"43,867",https://pitik.id/en/pitik-digital-indonesia/,https://www.linkedin.com/company/pitik-digital-indonesia/,,,For Profit,,"Agriculture and Farming, Food and Beverage",51-100,"Alpha JWC Ventures, MDI Ventures, Wavemaker Partners, ARISE",2,Early Stage Venture
Base,https://www.crunchbase.com/organization/base,,"Beauty, Cosmetics, E-Commerce, Wellness","Jakarta, Jakarta Raya, Indonesia","Base offers the next beauty experience through technology-based, vegan beauty and wellness products for Indonesian consumers.","44,068",https://www.base.co.id,https://www.linkedin.com/company/baseid,https://www.facebook.com/itsmybase,,For Profit,,"Commerce and Shopping, Consumer Goods, Health Care",11-50,"Antler, East Ventures, iSeed, Pegasus Tech Ventures, Skystar Capital",4,Early Stage Venture
Dropezy,https://www.crunchbase.com/organization/dropezy,,"Consumer Goods, Delivery, Delivery Service, E-Commerce, Grocery, Logistics, Retail","Jakarta, Jakarta Raya, Indonesia",15 Minutes Grocery Delivery,"44,198",https://www.dropezy.com/,https://id.linkedin.com/company/dropezy,https://www.facebook.com/dropezy,,For Profit,,"Administrative Services, Commerce and Shopping, Consumer Goods, Food and Beverage, Transportation",51-100,"Y Combinator, Partech, Rebel Fund, Forge Ventures, Nordstar",3,Seed
Pashouses.id,https://www.crunchbase.com/organization/pashouses-id,,"Information Services, Real Estate, Rental","Jakarta, Jakarta Raya, Indonesia",Pashouses.id provides selling a home and rental homes information services.,"44,483",https://pashouses.id/,https://www.linkedin.com/company/pashouses/about/,https://www.facebook.com/pashouses.id/,https://twitter.com/pashouses_id,For Profit,,"Commerce and Shopping, Information Technology, Real Estate",101-250,"QED Investors, Endeavor Indonesia, Living Lab Ventures, Endeavor ScaleUp Growth Program",3,Early Stage Venture
Gokomodo,https://www.crunchbase.com/organization/gokomodo,,"Consulting, Information Technology, Supply Chain Management","Kedoya Selatan, Jakarta Raya, Indonesia",Gokomodo is a supply Chain Platform and Services for Agribusiness and Commodities.,"44,523",https://gokomodo.com/,https://www.linkedin.com/company/gokomodo/,,,For Profit,,"Information Technology, Professional Services, Transportation",101-250,"East Ventures, waresix, SMDV, Indogen Capital, Eight Capital",1,Early Stage Venture
ReturnKey,https://www.crunchbase.com/organization/returnkey,,"E-Commerce Platforms, Financial Services, Retail","Jakarta, Jakarta Raya, Indonesia",ReturnKey is a returns management platform that helps to reclaim revenue through exchange and repurchases.,"44,710",https://www.returnkey.co/,https://www.linkedin.com/company/returnkey/,,,For Profit,,"Commerce and Shopping, Financial Services, Internet Services",1-10,"Vertex Ventures, Liquid 2 Ventures, Argor Capital, Genesis Alternative Ventures, D Global Ventures",2,Early Stage Venture
Somethinc Beauty,https://www.crunchbase.com/organization/somethinc-beauty,,"Beauty, Cosmetics, Personal Health","Kembangan, Jakarta Raya, Indonesia",Somethinc Beauty is a skincare brand on e-commerce.,"45,341",https://somethinc.com,https://www.linkedin.com/company/beautyhaul,https://www.facebook.com/somethinc,,For Profit,,"Consumer Goods, Health Care",501-1000,"Peak XV Partners, Prosus Ventures",1,Early Stage Venture
Lifepack.id,https://www.crunchbase.com/organization/lifepack-id,,"Health Care, Medical, Pharmaceutical, Wellness","Jakarta, Jakarta Raya, Indonesia",Lifepack.id is a digital pharmacy startup that provides drug subscription services for chronic patients.,"45,366",https://lifepack.id/,https://www.linkedin.com/company/lifepackid/,https://www.facebook.com/lifepack.id,,For Profit,,Health Care,51-100,"Golden Gate Ventures, Teja Ventures, Indogen Capital",1,Early Stage Venture
Qraved,https://www.crunchbase.com/organization/qraved,,"E-Commerce, Food and Beverage, Hospitality, Mobile Apps, News, Restaurants, Software, Video","Jakarta Pusat, Jakarta Raya, Indonesia","Qraved provides users with restaurant information, reviews, recommended dishes with photos, promotions, and an instant booking facility.","45,928",http://www.qraved.com,http://www.linkedin.com/company/qraved,http://www.facebook.com/Qraved,http://twitter.com/Qraved,For Profit,,"Apps, Commerce and Shopping, Content and Publishing, Food and Beverage, Media and Entertainment, Mobile, Software, Travel and Tourism, Video",51-100,"500 Global, Endeavor Catalyst, Gobi Partners, AC Ventures, Convergence Ventures",5,Late Stage Venture
CarbonEthics,https://www.crunchbase.com/organization/carbonethics,,"CleanTech, Environmental Consulting, Environmental Engineering","Jakarta, Jakarta Raya, Indonesia",CarbonEthics is an Indonesia-based developer of technology-enabled natural climate solutions.,"46,298",https://www.carbonethics.co/,https://www.linkedin.com/company/carbonethics/,,,,,"Professional Services, Science and Engineering, Sustainability",101-250,"Intudo Ventures, Spiral Ventures, Ecoxyztem",2,Seed
PT DCI Indonesia,https://www.crunchbase.com/organization/pt-dci-indonesia,,Data Center,"Jakarta, Jakarta Raya, Indonesia",DCI Indonesia provides data centers in Indonesia.,"46,601",http://www.dci-indonesia.com,https://www.linkedin.com/company/dci-indonesia/?originalSubdomain=ca,,,For Profit,,"Hardware, Information Technology",101-250,,,IPO
Semaai,https://www.crunchbase.com/organization/semaai,,"Agriculture, AgTech, Information Technology","Jakarta, Jakarta Raya, Indonesia",Full stack agriculture solution for Indonesian agriculture,"46,923",https://www.semaai.com,https://www.linkedin.com/company/semaai,https://www.facebook.com/semaai.ID,,For Profit,,"Agriculture and Farming, Information Technology",11-50,"CyberAgent Capital, Accion Venture Lab, BEENEXT, Ruvento, Sumitomo",4,Seed
Sampingan,https://www.crunchbase.com/organization/sampingan,,"Freelance, Human Resources, Information Technology","Jakarta, Jakarta Raya, Indonesia",Sampingan is an Indonesian company that connects businesses with freelancers for easily doable task-based jobs.,"47,014",https://www.sampingan.co.id/,https://www.linkedin.com/company/sampinganid,https://www.facebook.com/sampinganindonesia/,,For Profit,,"Administrative Services, Information Technology, Professional Services",101-250,"Antler, Bossa Invest, Golden Gate Ventures, iSeed, Altara Ventures",7,Early Stage Venture
Asaren,https://www.crunchbase.com/organization/asaren,,"Biometrics, Biotechnology","Jakarta, Jakarta Raya, Indonesia",Asaren is a genetic platform that provides a holistic approach to medical genetics.,"47,294",https://asaren.ai,https://www.linkedin.com/company/asa-r%C3%A9n,https://www.facebook.com/Asarenexperience,https://mobile.twitter.com/asa_experience,For Profit,,"Biotechnology, Data and Analytics, Science and Engineering",51-100,"Northstar Ventures, Kejora Capital, Marcy Venture Partners, Naya Capital, Top Harvest Capital",1,M&A
Zi.Care,https://www.crunchbase.com/organization/zi-care,,"Health Care, Medical","Jakarta, Jakarta Raya, Indonesia",Zi.Care operates as a health-tech startup.,"47,559",https://zicare.id/,https://www.linkedin.com/company/zicare/about/,,,For Profit,,Health Care,51-100,"Iterative, Telkomsel Mitra Inovasi, Choco Up, Startup Studio Indonesia, Tinc",4,Early Stage Venture
Jejakin,https://www.crunchbase.com/organization/jejak-in,,"Analytics, Information Services, Information Technology, Software","Dki Jakarta, Jakarta Raya, Indonesia",Jejakin is an end-to-end carbon management system and climate tech solutions,"47,678",https://www.jejakin.com/,,,,For Profit,,"Data and Analytics, Information Technology, Software",51-100,"East Ventures, Startup Studio Indonesia, SMDV, Indogen Capital, Aurum Ventures",3,Seed
Diri Care,https://www.crunchbase.com/organization/diri-care,,"Health Care, Medical","Kebon Jeruk, Jawa Barat, Indonesia",Diri Care provides Personalized healthcare solutions.,"47,708",http://diricare.com,https://www.linkedin.com/company/diri-care,https://www.facebook.com/diricare,https://www.twitter.com/DiriCare_,For Profit,,Health Care,11-50,"East Ventures, Surge, Henry Hendrawan",2,Seed
Staffinc,https://www.crunchbase.com/organization/staffinc,,"Information Technology, Marketing, Recruiting, Software","Dki Jakarta, Jakarta Raya, Indonesia",Staffinc is a platform that provides workers and workforce management services for businesses.,"48,069",https://staffinc.co,https://www.linkedin.com/company/staffinc-group,https://www.facebook.com/staffincjobs,,For Profit,,"Information Technology, Professional Services, Sales and Marketing, Software",101-250,"Antler, Altara Ventures, K9 Ventures, Access Ventures, Pacific Trustees Group International",1,Early Stage Venture
Banyu,https://www.crunchbase.com/organization/banyu,,"Information Technology, Supply Chain Management","Jakarta, Jakarta Raya, Indonesia","Banyu handles difficulties such as low-quality inputs, labor-intensive agricultural practices, and fluctuating market prices.","48,443",https://www.banyu.farm/,https://www.linkedin.com/company/banyu.farm/?viewAsMember=true,https://www.facebook.com/people/BANYU/61570074977540/,,For Profit,,"Information Technology, Transportation",1-10,Intudo Ventures,1,Seed
Atma,https://www.crunchbase.com/organization/atma-1641,,"Human Resources, Information Technology, Social Media","Jakarta, Jakarta Raya, Indonesia",Atma is an Indonesia based social job platform powered by community.,"48,543",https://www.atma.co.id,https://www.linkedin.com/company/atmaindonesia,https://www.facebook.com/atmaindonesia,,For Profit,,"Administrative Services, Information Technology, Internet Services, Media and Entertainment",11-50,"Advance Intelligence Group, Global Founders Capital, Ula, AC Ventures, Lummo",1,Seed
Gently,https://www.crunchbase.com/organization/gently,,"Beauty, Cosmetics, Personal Health","Bandung, Jawa Barat, Indonesia",Gently is a personal care brand that emphasizes efficacy and gentle formulas with natural ingredients and free from harmful chemicals.,"48,762",https://www.gently.co.id,https://www.linkedin.com/company/gentlyindonesia,https://www.facebook.com/Gentlycare.id,https://twitter.com/GentlyIndonesia,For Profit,,"Consumer Goods, Health Care",11-50,"Accel, Northstar Group, Init 6",2,Seed
YOU (Youvit),https://www.crunchbase.com/organization/you-youvit,,"Fitness, Health Care, Wellness","Jakarta, Jakarta Raya, Indonesia",YOU is a health and lifestyle company providing multivitamins for adults with delicious fruit flavors.,"48,926",https://youvit.co.id/,https://www.linkedin.com/company/you-pte-ltd/,,https://twitter.com/youvitforlife,For Profit,,"Health Care, Sports",101-250,"Btomorrow Ventures, DSG Consumer Partners, Unilever Ventures, Wipro Consumer Care Ventures, Endeavor Indonesia",3,Early Stage Venture
BroilerX,https://www.crunchbase.com/organization/broilerx,,"Enterprise Resource Planning (ERP), Farming, Livestock","Sleman, Yogyakarta, Indonesia","BroilerX is a poultry tech startup offering precision, sustainable, and scalable poultry technology and business to poultry farmers.","48,942",https://broilerx.com,https://www.linkedin.com/company/broilerxcom,,,For Profit,,"Agriculture and Farming, Software",101-250,"Insignia Ventures Partners, Saison Capital, Kopital Ventures, Orvel Ventures",2,Early Stage Venture
KUPU,https://www.crunchbase.com/organization/kupu,,"Artificial Intelligence (AI), Recruiting","Jakarta Pusat, Jakarta Raya, Indonesia",KUPU is an AI based mobile recruitment application for business owners and job seekers.,"48,993",https://www.kupu.id/,https://www.linkedin.com/company/kupu-id/,https://www.facebook.com/Kupu.official,,For Profit,,"Artificial Intelligence (AI), Data and Analytics, Professional Services, Science and Engineering, Software",101-250,"Smartfren, AGI Partners",2,Seed
Runchise,https://www.crunchbase.com/organization/runchise,,"Management Consulting, Publishing","Jakarta, Jakarta Raya, Indonesia",Runchise is an integrated restaurant and franchise management system to increase operational efficiency and profit.,"49,163",https://www.runchise.com/,https://www.linkedin.com/company/runchise.com,,,For Profit,,"Content and Publishing, Media and Entertainment, Professional Services",51-100,"Genesia Ventures, East Ventures, ARISE, Prasetia Dwidharma, Init 6",2,Seed
Jet Commerce,https://www.crunchbase.com/organization/jet-commerce,,"Advertising, B2B, Business Development, Business Information Systems, Business Intelligence, Consulting, Digital Marketing, E-Commerce","Jakarta, Jakarta Raya, Indonesia",Jet Commerce is a digital marketing company that offers one-stop e-commerce enabler services and solutions for B2B and B2C sectors.,"49,235",http://jetcommerce.co.id/,https://www.linkedin.com/company/jetcommerceglobal/,https://www.facebook.com/jetcommerceglobal/,,For Profit,,"Advertising, Commerce and Shopping, Data and Analytics, Information Technology, Other, Professional Services, Sales and Marketing",501-1000,"Hidden Hill Capital, ATM Capital, Hui Capital, Jinqiu Capital, Zhejiang Silk Road Fund",2,Early Stage Venture
Mimin,https://www.crunchbase.com/organization/mimin,,"Consulting, Information Technology","Jakarta, Jakarta Raya, Indonesia",Mimin is a smart admin program that uses artificial intelligence to assist online chat sellers handle their orders.,"50,120",https://www.mimin.io/,https://www.linkedin.com/company/mimin/,,,For Profit,,"Information Technology, Professional Services",11-50,"Kopital Ventures, Skystar Capital, Otto Digital Group, Urban Gateway Fund",2,
Moduit,https://www.crunchbase.com/organization/moduit-digital-indonesia,,"Finance, Financial Services, FinTech","Setiabudi, Jakarta Raya, Indonesia",Moduit Digital Indonesia offers financial services.,"50,131",http://www.moduit.id,https://in.linkedin.com/company/moduitapp,https://www.facebook.com/pg/Moduitapp,,For Profit,,Financial Services,11-50,"Reciprocus International, Alto Network",1,Seed
Noice,https://www.crunchbase.com/organization/noice-5b71,,"Audio, Content, Internet Radio, Mobile Apps, Music, Social Media","Setiabudi, Jakarta Raya, Indonesia",Audio content platform,"50,371",https://www.noice.id/,https://www.linkedin.com/company/noiceid/,https://www.facebook.com/noice.id,https://twitter.com/noice_id,For Profit,,"Apps, Internet Services, Media and Entertainment, Mobile, Music and Audio, Software",101-250,"Alpha JWC Ventures, Northstar Group, Argor Capital, Google for Startups, Kinesys Group",5,Early Stage Venture
FR8Labs,https://www.crunchbase.com/organization/fr8labs,,"Logistics, SaaS","Setiabudi, Jakarta Raya, Indonesia",FR8Labs builds a network of dispersed SME forwarders that are linked together by SaaS solution and other value-added capabilities.,"50,424",https://fr8labs.co,https://www.linkedin.com/company/fr8labs,,,For Profit,,"Software, Transportation",11-50,"Seedstars, East Ventures, Kaya Founders, Venturra, FEBE Ventures",1,Seed
Cimory Group,https://www.crunchbase.com/organization/cimory-group,,"Commercial, Food and Beverage, Sales","Jakarta, Jakarta Raya, Indonesia",Cimory Group is a manufacturer of packaged protein-based food and beverage products.,"50,553",https://cimory.com,https://www.linkedin.com/company/cimory-group,https://www.facebook.com/cimory,https://twitter.com/cimory,For Profit,,"Food and Beverage, Other, Sales and Marketing",501-1000,General Atlantic,1,IPO
Home Credit Indonesia,https://www.crunchbase.com/organization/home-credit,,"Banking, Financial Services, Venture Capital","Jakarta, Jakarta Raya, Indonesia",Home Credit is a financial services provider.,"50,978",http://homecreditus.com,https://www.linkedin.com/company/homecreditus/,https://www.facebook.com/HomeCreditUS/,https://twitter.com/HomeCreditUS,For Profit,,"Financial Services, Lending and Investments",51-100,Mitsubishi UFJ Financial Group,1,
Bababos,https://www.crunchbase.com/organization/bababos,,"Enterprise, Mineral, Procurement, Wholesale","Dki Jakarta, Jakarta Raya, Indonesia",Bababos is a raw material procurement firm.,"51,184",https://www.bababos.com,https://id.linkedin.com/company/bababos,,,For Profit,,"Commerce and Shopping, Natural Resources, Other, Transportation",101-250,"East Ventures, Accion Venture Lab, Patamar Capital",2,Seed
Juragan Material,https://www.crunchbase.com/organization/juragan-material,,"Building Material, Construction, E-Commerce","Tangerang, Jawa Barat, Indonesia",Juragan Material is a digital platform that provides construction materials.,"51,413",https://juraganmaterial.id/,https://www.linkedin.com/company/juragan-material/,https://www.facebook.com/juraganmaterial.id,,For Profit,,"Commerce and Shopping, Real Estate",51-100,"Argor Capital, Susquehanna International Group",1,Seed
Kin dairy,https://www.crunchbase.com/organization/kin-dairy,,"Farming, Manufacturing","Badung, Bali, Indonesia",Kin Dairy is a modern dairy farm and manufacturer of dairy products.,"51,515",https://www.kindairy.com/en,https://www.linkedin.com/company/pt-abc-kogen-dairy/,https://www.facebook.com/KINdairyid,,For Profit,,"Agriculture and Farming, Manufacturing",101-250,Growtheum Capital Partners,1,Private Equity
Beauty Haul,https://www.crunchbase.com/organization/beauty-haul,,"Beauty, E-Commerce, Fashion","Tangerang, Jawa Barat, Indonesia",Beauty Haul specializes in retail and wholesale of a spectrum of beauty products online and offline.,"51,759",https://www.beautyhaul.com,,https://www.facebook.com/BeautyHaulOfficial,,For Profit,,"Clothing and Apparel, Commerce and Shopping, Consumer Goods, Design",251-500,"Peak XV Partners, Prosus Ventures",1,Early Stage Venture
INDODAX,https://www.crunchbase.com/organization/bitcoin-indonesia,,"Bitcoin, Blockchain, Cryptocurrency, Financial Exchanges, Financial Services, FinTech","Jakatra, Jakarta Raya, Indonesia","INDODAX is the largest digital asset exchange in Indonesia, previously known as Bitcoin.co.id (Bitcoin Indonesia)","51,769",https://www.indodax.com/,https://www.linkedin.com/company/indodax/,https://www.facebook.com/indodax,https://twitter.com/indodax,For Profit,,"Blockchain and Cryptocurrency, Financial Services, Lending and Investments, Other, Payments, Software",251-500,East Ventures,2,
UpBanx,https://www.crunchbase.com/organization/upbanx,,"Financial Services, FinTech","Jakarta, Jakarta Raya, Indonesia","UpBanx is a next-generation financial technology platform for creators, brands, freelancers, agencies, and beyond.","52,318",https://upbanx.com/,https://www.linkedin.com/company/upbanx/,,,For Profit,,Financial Services,11-50,"Y Combinator, Alpha JWC Ventures, Oliver Jung, Alto Partners, Hendra Kwik",1,Seed
Jendela360,https://www.crunchbase.com/organization/jendela360,,"PropTech, Real Estate, Rental","Jakarta, Jakarta Raya, Indonesia",Jendela360 is an online resource for finding apartments.,"52,376",https://jendela360.com/,https://www.linkedin.com/company/jendela360,,,For Profit,,"Commerce and Shopping, Real Estate",51-100,"BEENEXT, W inc., Skystar Capital, Endeavor Indonesia, Prasetia Dwidharma",6,Early Stage Venture
Bukukas,https://www.crunchbase.com/organization/bukukas,,"Apps, Financial Services, Internet","Jakarta, Jakarta Raya, Indonesia","Bukukas offers tools for inventory management, payment-related analytics, and digital ledger for micro, small, and medium-sized businesses.","52,615",https://bukukas.co.id,https://www.linkedin.com/company/bukukas,https://www.facebook.com/BukuKasID,https://twitter.com/bukukas_id,For Profit,,"Apps, Financial Services, Internet Services, Software",51-100,"Endeavor Catalyst, Peak XV Partners, January Capital, Saison Capital, Endeavor Indonesia",2,Early Stage Venture
Plugo,https://www.crunchbase.com/organization/plugo-6774,,"E-Commerce, E-Commerce Platforms, Information Technology, SaaS, Software","Jakarta, Jakarta Raya, Indonesia","SaaS, e-commerce platform, online store, website builder","52,644",https://plugo.co,https://www.linkedin.com/company/plugo-co/,,,For Profit,,"Commerce and Shopping, Information Technology, Internet Services, Software",11-50,"BonAngels Venture Partners, Altos Ventures, Access Ventures, Mahanusa Capital, Pearl Abyss Capital",1,Early Stage Venture
MYCL | Mycotech Lab,https://www.crunchbase.com/organization/mycotech,,"Advanced Materials, Biotechnology, Fashion","Bandung, Jawa Barat, Indonesia",Mycotech is a mining company which deals on future bio-material with agricultural waste to empower farmers.,"52,763",https://mycl.bio,https://www.linkedin.com/company/mycotech/,https://www.facebook.com/mycotech/?fref=ts,,For Profit,,"Biotechnology, Clothing and Apparel, Design, Manufacturing, Science and Engineering",11-50,"AgFunder, EASME, Third Derivative, Fashion For Good, GROW Agrifoodtech Accelerator",5,Seed
Flimty,https://www.crunchbase.com/organization/flimty,,"Organic Food, Personal Care and Hygiene","Dki Jakarta, Jakarta Raya, Indonesia",Flimty is the parent of a health food and beverage company.,"53,357",https://flimty.com/,https://www.linkedin.com/company/flimty/,,,,,"Consumer Goods, Food and Beverage",251-500,Rodamas Group,1,
UangTeman,https://www.crunchbase.com/organization/uangteman,,"Credit, Financial Services, FinTech, Lending, Micro Lending","Jakarta, Jakarta Raya, Indonesia",UangTeman is an online lending service that provides instant short-term microcredit to Indonesian consumers.,"53,540",https://uangteman.com/,https://www.linkedin.com/company/uangteman,https://www.facebook.com/pg/uangteman.ID/,https://twitter.com/uangteman,For Profit,,"Financial Services, Lending and Investments",101-250,"Draper Associates, Alpha JWC Ventures, Global Brain Corporation, Pegasus Tech Ventures, Spiral Ventures",5,Early Stage Venture
FajarPaper,https://www.crunchbase.com/organization/fajarpaper,,Manufacturing,"Jakarta Pusat, Jakarta Raya, Indonesia","FajarPaper is a packaging paper manufacturer in Indonesia with an installed capacity of 1,300,000 metric tons per year.","54,105",http://www.fajarpaper.com,https://www.linkedin.com/company/pt-fajar-surya-wisesa-tbk,,,For Profit,,Manufacturing,1001-5000,SCG Packaging,1,M&A
Orami,https://www.crunchbase.com/organization/orami,,"E-Commerce, Internet, Parenting, Shopping","Tangerang, Jawa Barat, Indonesia","Orami is the first parenting platform in Indonesia that combines Commerce, Content, and Community within one ecosystem.","54,369",https://www.orami.co.id,https://www.linkedin.com/company/orami-id/,https://www.facebook.com/oramiindonesia/,https://twitter.com/orami_id,For Profit,,"Commerce and Shopping, Community and Lifestyle, Internet Services",51-100,"Gobi Partners, SMDV, Ardent Capital, Velos Partners",2,M&A
Avarik Saga Universe,https://www.crunchbase.com/organization/avarik-saga-universe,,"Blockchain, Gaming, Internet, Metaverse, Video Games","Jakarta, Jakarta Raya, Indonesia","Avarik Saga is a metaverse blockchain-based game with NFT generated characters with in-game currency, $Vortem.","54,474",http://www.avariksaga.com/,https://www.linkedin.com/company/avarik-saga-universe/,,https://twitter.com/avariksaga,For Profit,,"Blockchain and Cryptocurrency, Gaming, Internet Services, Media and Entertainment, Other, Software",11-50,Infinity Ventures Crypto,1,
KarmaClub,https://www.crunchbase.com/organization/karmaclub-efc7,,"Service Industry, Social Entrepreneurship","Jakarta, Jakarta Raya, Indonesia",KarmaClub is a private angel network making easy for members to back good entrepreneurs.,"54,550",https://karmaclub.id,,,,For Profit,,"Community and Lifestyle, Other, Social Impact",1-10,"Flourish Ventures, SMDV, Hyperjump Technology",1,Seed
Snapcart,https://www.crunchbase.com/organization/snapcart,,"Analytics, Apps, Big Data, Mobile","Jakarta, Jakarta Raya, Indonesia","Snapcart incentivizes consumers to take photos of their receipts, extracting big data and develop real-time, targeted engagements.","54,720",https://snapcart.global/,https://www.linkedin.com/company/snapcart/,https://www.facebook.com/SnapcartBusiness/,https://twitter.com/Snapcart_ID,For Profit,,"Apps, Data and Analytics, Mobile, Software",51-100,"Endeavor Catalyst, Bossa Invest, Social Capital, Vickers Venture Partners, Wavemaker Partners",7,
FLN,https://www.crunchbase.com/organization/fln,,"Industrial Manufacturing, Manufacturing, Plastics and Rubber Manufacturing","Bekasi, Jawa Barat, Indonesia","FLN is a manufacturer that offers plastic extrusion molding, injection, paint line, assembly, and vacuum forming services.","54,890",https://www.fln.co.id,https://www.linkedin.com/company/pt-frina-lestari-nusantara-fln-/,https://www.facebook.com/PT-Frina-Lestari-Nusantara-177455825642345/,,For Profit,,Manufacturing,501-1000,,2,
Pintek,https://www.crunchbase.com/organization/pintek-jawaban-pinjaman-pendidikan,,"Education, Financial Services, FinTech","Jakarta Pusat, Jakarta Raya, Indonesia",Pintek is a financial technology company aiming to democratise access to education in Indonesia through affordable and flexible credit.,"55,036",https://pintek.id/,https://www.linkedin.com/company/pintek,https://www.facebook.com/pintek.id,https://twitter.com/pintek_id,For Profit,,"Education, Financial Services",51-100,"Finch Capital, STRIVE, Accion Venture Lab, Accial Capital, Global Founders Capital",7,Early Stage Venture
Green Rebel Foods,https://www.crunchbase.com/organization/green-rebel-foods,,"Alternative Protein, Consumer Goods, Food and Beverage, Food Processing","Kedoya Selatan, Jakarta Raya, Indonesia",Green Rebel Foods is a manufacturer of whole-cut plant-based meats.,"55,048",https://greenrebelfoods.com/,https://www.linkedin.com/company/green-rebel-foods/,,,For Profit,,"Consumer Goods, Food and Beverage",51-100,"Unovis Asset Management, Better Bite Ventures, AgFunder, MoreThan Capital, Teja Ventures",2,
Pasarnow,https://www.crunchbase.com/organization/pasarnow,,"E-Commerce, Grocery, Retail","Jakarta, Jakarta Raya, Indonesia",Pasarnow offers fresh groceries and farm products to both individual and business customers.,"55,159",https://www.pasarnow.com/,https://www.linkedin.com/company/pasarnowid,,,For Profit,,"Commerce and Shopping, Food and Beverage",101-250,"East Ventures, January Capital, Skystar Capital, Prasetia Dwidharma, SMDV",2,Early Stage Venture
Logisly,https://www.crunchbase.com/organization/logisly,,"Internet, Logistics, Shipping, Transportation","Jakarta, Jakarta Raya, Indonesia",Logisly is a digital B2B logistics company that connects shippers and trucking companies in Indonesia.,"55,461",https://logisly.com/,https://www.linkedin.com/company/logistik-pintar-indonesia-logisly/,https://www.facebook.com/logisly/,,For Profit,,"Internet Services, Transportation",101-250,"Genesia Ventures, Monk’s Hill Ventures, Convergence Ventures, SeedPlus, Endeavor Indonesia",3,Early Stage Venture
GORO,https://www.crunchbase.com/organization/goro,,"Marketplace, Mobile Apps, Real Estate, Real Estate Investment, Rental","Jakarta, Jakarta Raya, Indonesia","Invest in indonesian property from IDR10,000","56,079",http://www.goro.id,https://www.linkedin.com/company/goroindonesia/,https://www.facebook.com/goroindonesia,,For Profit,,"Apps, Commerce and Shopping, Financial Services, Mobile, Real Estate, Software",51-100,"Iterative, XA Network, Mike Broomell",2,Seed
IDEAL Indonesia,https://www.crunchbase.com/organization/ideal-indonesia,,"Consumer Lending, Credit, Finance, Financial Services, FinTech, Information Technology, Property Development, Real Estate, Software","Jakarta, Jakarta Raya, Indonesia",Digital Lending Platform,"56,147",http://www.ideal.id,https://www.linkedin.com/company/ideal-indonesia,,,For Profit,,"Financial Services, Information Technology, Lending and Investments, Real Estate, Software",1-10,"Alpha JWC Ventures, AC Ventures, Living Lab Ventures, Ciputra Group",1,M&A
Olsera,https://www.crunchbase.com/organization/olsera,,"Internet, Mobile, Point of Sale, SaaS","Batam, Kepulauan Riau, Indonesia",Empowering Indonesian SMEs to grow. A truest partner thru innovation and support.,"56,294",http://www.olsera.com/,https://id.linkedin.com/in/novendychen,https://www.facebook.com/olseraindonesia,https://twitter.com/OlseraIndonesia,For Profit,,"Commerce and Shopping, Internet Services, Mobile, Software",251-500,Kejora-SBI Orbit,3,Seed
MAKMUR,https://www.crunchbase.com/organization/makmur,,"Financial Services, FinTech","Jakarta, Jakarta Raya, Indonesia",MAKMUR is a technology-based investment application that helps manage money and grow wealth according to personal conditions and goals.,"56,802",https://www.makmur.id/,https://www.linkedin.com/company/makmurapp/,,,For Profit,,Financial Services,51-100,"BEENEXT, Kinesys Group, Alto Partners, Trihill Capital, Yiping Goh",2,Early Stage Venture
Nimbly Technologies,https://www.crunchbase.com/organization/nimbly-technologies,,"Enterprise Software, Information Technology","Jakarta, Jakarta Raya, Indonesia",Nimbly Technologies is an information technology company located in DKI Jakarta.,"56,809",https://hellonimbly.com/,https://www.linkedin.com/company/nimblytechnologies/,,,For Profit,,"Information Technology, Software",11-50,"Saison Capital, Insignia Ventures Partners, Sovereign’s Capital, Zeal IT Consultants",2,Seed
Kopi Kenangan,https://www.crunchbase.com/organization/kopikenangan,,"Coffee, Food and Beverage","Jakarta, Jakarta Raya, Indonesia","Kopi Kenangan is Indonesia’s fastest-growing coffee chain, leveraging on a tech-based 'grab & go' strategy.","56,890",https://kopikenangan.com/,https://www.linkedin.com/company/kopi-kenangan/,https://www.facebook.com/kopikenangan.id/,https://twitter.com/kopikenangan_id,For Profit,,Food and Beverage,5001-10000,"B Capital, Alpha JWC Ventures, Peak XV Partners, Alpha Wave Global, Serena Ventures",6,Late Stage Venture
DAVID GROUP,https://www.crunchbase.com/organization/davidgroup,,"Artificial Intelligence (AI), Consulting, Cyber Security, Drones, Education, Electronics, Internet, Privacy, Renewable Energy, Software","Jakarta, Jakarta Raya, Indonesia",DAVID GROUP formed as a preventive solution to the urgency of cyberattacks on a global scale. DAVID GROUP is an Indonesian company.,"57,050",https://davidgroup.co.id,https://www.linkedin.com/company/davidgroupofficial/,https://www.facebook.com/davidgroupofficial,,For Profit,,"Artificial Intelligence (AI), Consumer Electronics, Consumer Goods, Data and Analytics, Education, Energy, Hardware, Information Technology, Internet Services, Privacy and Security, Professional Services, Science and Engineering, Software, Sustainability",11-50,David Samuel Haloho,8,Seed
Bank Jasa Jakarta,https://www.crunchbase.com/organization/bank-jasa-jakarta,,Financial Services,"Jakarta, Jakarta Raya, Indonesia",Bank Jasa Jakarta provides solutions for the financial needs of its customers & maintains the achievement of positive financial performance.,"57,079",https://www.bjj.co.id/,https://www.linkedin.com/company/bank-jasa-jakarta-pt-west-jakarta-/about/,https://www.facebook.com/bankjasajkt,https://www.twitter.com/bankjasajakarta,For Profit,,Financial Services,51-100,"Welab Holdings, WeLab, PT. Astra International Tbk",1,M&A
Gapai,https://www.crunchbase.com/organization/gapai,,"Recruiting, Training","Cilandak, Jakarta Raya, Indonesia",Online portal that connects Prospective Workers and Employers to meet the needs of Migrant workers,"57,256",https://gapai.id,https://www.linkedin.com/company/gapai,https://web.facebook.com/gapai.id/?_rdc=1&_rdr,,For Profit,,"Education, Professional Services",11-50,"Antler, Wavemaker Partners, Startup Studio Indonesia",3,Seed
Ismaya Group,https://www.crunchbase.com/organization/ismaya-group,,Lifestyle,"Jakarta, Jakarta Raya, Indonesia","ISMAYA GROUP is a market leader in conceptualizing, developing, operating exclusive yet diverse group of lifestyle/hospitality.","57,697",https://www.ismaya.com,https://www.linkedin.com/company/2294112,https://www.facebook.com/IsmayaGroup,https://twitter.com/ismaya,For Profit,,Community and Lifestyle,5001-10000,"East Ventures, Falcon House Partners",1,
Cosmart,https://www.crunchbase.com/organization/joybox,,"B2C, Retail, Retail Technology","Kembangan, Jakarta Raya, Indonesia","Cosmart is a technology startup with a mission to help users save time, money and mental burden in making recurring expenditures.","57,980",https://cosmart.id/,https://www.linkedin.com/company/joyboxid,,,For Profit,,"Commerce and Shopping, Hardware, Other, Software",11-50,"Lightspeed Venture Partners, East Ventures, Vertex Ventures Southeast Asia & India, Albert Lucius, Henry Hendrawan",1,Seed
Legit Group,https://www.crunchbase.com/organization/legit-group,,"Delivery, Food and Beverage, Food Delivery, Restaurants","Jakarta, Jakarta Raya, Indonesia","Legit Group is a multi-brand cloud kitchen operator that strives to provide everyone with tasty, hearty quality meals.","58,107",https://legit-group.com,https://www.linkedin.com/company/legit-group/,,,For Profit,,"Administrative Services, Food and Beverage, Transportation",101-250,"East Ventures, MDI Ventures, AC Ventures, SMDV, Winter Capital",2,Early Stage Venture
Orange Dental,https://www.crunchbase.com/organization/orange-dental-3d0f,,"Dental, Health Care, Medical","Jakarta, Jakarta Raya, Indonesia",a leading dental care provider offering a wide range of services to patients of all ages. With a strong focus on quality and affordability.,"58,388",https://orangedentalhouse.com,https://www.linkedin.com/company/orangedentalhouse/,,https://twitter.com/orangedhs,For Profit,,Health Care,101-250,"Northstar Group, Endeavor Indonesia, Achmad Zaky Foundation",3,
Avani,https://www.crunchbase.com/organization/avani-eco,,"Business Information Systems, Marketing","Jakarta, Jakarta Raya, Indonesia",Avani provides sustainable packaging and hospitality products.,"58,616",http://www.avanieco.com/,https://www.linkedin.com/company/avani-eco,https://www.facebook.com/realavanieco,https://twitter.com/Avanieco,For Profit,,"Information Technology, Sales and Marketing",101-250,"Mohammed Bin Rashid Innovation Fund (MBRIF), Benson Creativestment",2,
Dash EV,https://www.crunchbase.com/organization/dash-electric-9fda,,Food and Beverage,"Jakarta, Jakarta Raya, Indonesia",Food manufacturing sustainability,"59,337",https://dashelectric.com,https://www.linkedin.com/company/dash-electric,,,For Profit,,Food and Beverage,1-10,"Antler, Schneider Electric Energy Access Asia, The Radical Fund, Kevin Aluwi, Bali Investment Club",2,Seed
PT Kini Teknologi Indonesia,https://www.crunchbase.com/organization/pt-kini-teknologi-indonesia,,"Android, Human Resources, iOS, Software","Jakarta, Jakarta Raya, Indonesia",Kini is a business oriented HR technology platform.,"59,688",https://www.kini.id,https://www.linkedin.com/company/kini/,https://www.facebook.com/profile.php?id=100093612230248&is_tour_dismissed=true,,For Profit,,"Administrative Services, Mobile, Platforms, Software",1-10,"Goodwater Capital, East Ventures, OurCrowd, TEN13, K50 Ventures",1,Seed
GoWork,https://www.crunchbase.com/organization/gowork-d5d9,,"Coworking, Furniture, Real Estate, Rental","Jakarta, Jakarta Raya, Indonesia",GoWork is Indonesia’s premium coworking space with a mission to help people be their best.,"59,747",https://go-work.com/,https://www.linkedin.com/company/letsgowork/,https://www.facebook.com/LetsGoWork/,https://twitter.com/letsgowork,For Profit,,"Commerce and Shopping, Consumer Goods, Real Estate",51-100,"Global Brain Corporation, Gobi Partners, Social Capital, Ucommune, Genesis Alternative Ventures",7,
ASSEMBLR,https://www.crunchbase.com/organization/assemblr-app,,"3D Technology, Apps, Augmented Reality, Information Technology, Software, Virtual Reality","Bandung, Jawa Barat, Indonesia","Assemblr is a platform to discover, create, and share Augmented Reality experiences.","60,088",http://www.assemblrworld.com,https://www.linkedin.com/company/assemblr-app/,https://www.facebook.com/pg/assemblrworld/about/,http://twitter.com/assemblrworld,For Profit,,"Apps, Hardware, Information Technology, Software",11-50,"Techstars, Plug and Play, Insignia Ventures Partners, Ficus Capital, Startup Studio Indonesia",5,Seed
Supreme Energy,https://www.crunchbase.com/organization/supreme-energy-8f9e,,"Energy, Geothermal Energy, Industrial, Renewable Energy","Kebayoran Baru, Jakarta Raya, Indonesia",Supreme Energy is an energy company that offers geothermal exploration and production services.,"60,213",https://www.supreme-energy.com,https://www.linkedin.com/company/supreme-energy-muara-laboh,,,For Profit,,"Energy, Manufacturing, Sustainability",101-250,Asian Development Bank,1,
YOBO,https://www.crunchbase.com/organization/yobo-d465,,,"Dki Jakarta, Jakarta Raya, Indonesia","YOBO is an commerce and payment platform for offline businesses, connecting payment and customer data to drive sales and profit growth.","60,808",https://yobo.id/,https://www.linkedin.com/company/yobo-by-qraved/about/,,,,,,11-50,Antler,1,Seed
Blibli,https://www.crunchbase.com/organization/blibli,,"E-Commerce, Retail, Retail Technology","Jakarta, Jakarta Raya, Indonesia",Blibli is an e-commerce platform for a wide range of products.,"60,831",https://www.blibli.com,https://www.linkedin.com/company/bliblidotcom/,https://www.facebook.com/bliblidotcom,https://twitter.com/bliblidotcom,For Profit,,"Commerce and Shopping, Hardware, Software",1001-5000,,,IPO
Credibook,https://www.crunchbase.com/organization/credibook,,"B2B, Finance, Software","Jakarta, Jakarta Raya, Indonesia",Credibook is a startup helping retail wholesalers to keep track of receivables and payables.,"61,619",https://credibook.com/,https://www.linkedin.com/company/credibook,https://www.facebook.com/CrediBook,https://x.com/credibookid,For Profit,,"Financial Services, Other, Software",51-100,"Y Combinator, Alpha JWC Ventures, Insignia Ventures Partners, Monk’s Hill Ventures, Wavemaker Partners",3,Early Stage Venture
NOBI,https://www.crunchbase.com/organization/nobi-a2bc,,"Cryptocurrency, FinTech, Trading Platform","Jakarta, Jakarta Raya, Indonesia",Nobi is a cryptocurrency investment platform that helps people own crypto & earn yields.,"61,850",https://usenobi.com/,https://www.linkedin.com/company/usenobi/,https://www.facebook.com/usenobi/,https://twitter.com/usenobi,For Profit,,"Blockchain and Cryptocurrency, Financial Services, Lending and Investments, Payments, Software",51-100,"AppWorks, Global Founders Capital, AC Ventures, Skystar Capital, Cakra Ventures",1,Seed
Rose All Day,https://www.crunchbase.com/organization/rose-all-day,,"Beauty, Cosmetics, E-Commerce, Retail","Jakarta, Jakarta Raya, Indonesia","Rose All Day is an e-commerce cosmetics company that manufactures and sells makeup, beauty, and skincare products.","62,941",https://roseallday.co/,https://www.linkedin.com/company/pt-rose-cosmetics-international/,https://www.facebook.com/roseallday.co/,https://twitter.com/rosealldayco,For Profit,,"Commerce and Shopping, Consumer Goods",101-250,"DSG Consumer Partners, AC Ventures, SWC Global",2,Early Stage Venture
Opaper,https://www.crunchbase.com/organization/opaper,,"Consumer Applications, Food and Beverage, Point of Sale, Software","Jakarta Pusat, Jakarta Raya, Indonesia",Opaper offers solutions to automate the operational processes of restaurants and cafes.,"63,030",http://opaper.app/,,,,For Profit,,"Apps, Commerce and Shopping, Food and Beverage, Software",11-50,"Plug and Play, Precursor Ventures, On Deck, Ratio, Jay Eum",1,Seed
DayaTani,https://www.crunchbase.com/organization/dayatani,,"Agriculture, Farming","Dki Jakarta, Jakarta Raya, Indonesia",DayaTani supplies farmers with comprehensive services to increase their productivity.,"63,694",https://dayatani.id,https://www.linkedin.com/company/dayatanidigitalindonesia,,,For Profit,,Agriculture and Farming,11-50,"MDI Ventures, Northstar Group, BRI Ventures, Ascent Venture Group, Gentree Fund",1,Seed
Hacktiv8,https://www.crunchbase.com/organization/hacktiv8,,Education,"Jakarta, Jakarta Raya, Indonesia",Hacktiv8 is the leading coding bootcamp in Indonesia that turns absolute beginners into job ready developers.,"63,702",https://hacktiv8.com,https://www.linkedin.com/school/hacktiv8/,https://www.facebook.com/hacktiv8id,https://www.twitter.com/hacktiv8id,For Profit,,Education,251-500,"East Ventures, Sovereign’s Capital, AC Ventures, Convergence Ventures, Skystar Capital",2,Seed
SweetEscape,https://www.crunchbase.com/organization/sweetescape,,"Apps, Artificial Intelligence (AI), Developer Platform, Photography","Jakarta, Jakarta Raya, Indonesia",A global AI driven photography platform with tens of thousands of photographers that offers photoshoots for consumers and businesses.,"64,216",https://www.sweetescape.com/en,https://www.linkedin.com/company/sweetescape,https://www.facebook.com/sweetescapeglobal,https://twitter.com/sweetescapeteam,For Profit,Yes,"Apps, Artificial Intelligence (AI), Content and Publishing, Data and Analytics, Media and Entertainment, Science and Engineering, Software",101-250,"East Ventures, Jungle Ventures, BEENEXT, Openspace, Skystar Capital",3,Early Stage Venture
Nusantara Aplikasi Apartindo,https://www.crunchbase.com/organization/nusantara-aplikasi-apartindo,,"Computer, Consulting, Information Technology, Internet, SaaS","Jakarta, Jakarta Raya, Indonesia",Nusantara Aplikasi Apartindo provides solutions and services for computers and software.,"64,483",http://nusaapartindo.com/,,,,For Profit,,"Consumer Electronics, Hardware, Information Technology, Internet Services, Professional Services, Software",11-50,,2,
Kimia Farma Apotek,https://www.crunchbase.com/organization/kimia-farma-apotek,,"Health Care, Medical, Pharmaceutical, Retail","Jakarta Pusat, Jakarta Raya, Indonesia",Kimia Farma Apotek is a retail chain pharmaceutical company providing healthcare solutions.,"64,899",https://kimiafarmaapotek.co.id,https://www.linkedin.com/company/pt--kimia-farma-apotek,,https://twitter.com/KFMobile_id,For Profit,,"Commerce and Shopping, Health Care",1001-5000,"Indonesia Investment authority, Silk Road Fund",1,
Dachin,https://www.crunchbase.com/organization/dachin,,Database,"Bekasi, Jawa Barat, Indonesia",Dachin is a D2C brand creator that focuses on data collection and analytics systems.,"65,005",https://www.dachineg.com,https://www.linkedin.com/company/dachin,,,,,"Data and Analytics, Software",51-100,Northstar Group,1,Seed
VCGamers,https://www.crunchbase.com/organization/vcgamers,,"E-Commerce, Information Technology, Social Media, Social Network, Video Games","Bekasi Kota, Jawa Barat, Indonesia",VCGamers is a social commerce platform for gamers that enables its users to trade and socialize through our ecosystem,"65,322",https://vcgamers.com,https://www.linkedin.com/company/vcgamers,https://www.facebook.com/vcgamers.id,https://twitter.com/VCGamers_id,For Profit,,"Commerce and Shopping, Gaming, Information Technology, Internet Services, Media and Entertainment",11-50,"BEENEXT, Rans Ventures, Jerry Soer, Ari Fadyl",1,Seed
Ruangguru,https://www.crunchbase.com/organization/ruangguru,,"EdTech, Education, Training","Jakarta, Jakarta Raya, Indonesia",Ruangguru is an information technology company that focuses on education-based services.,"65,444",https://ruangguru.com/,https://www.linkedin.com/company/ruangguru-com,http://www.facebook.com/ruanggurucom,http://twitter.com/ruangguru,For Profit,,"Education, Software",1001-5000,"General Atlantic, Tiger Global Management, East Ventures, UOB Venture, EV Growth",9,Late Stage Venture
Mamikos,https://www.crunchbase.com/organization/mamikos,,"Apps, Property Management, Real Estate, Rental Property, Residential, Web Apps","Jakarta, Jakarta Raya, Indonesia","Mamikos is leading property rental platform and management company with over 140,000 Kost properties in Indonesia","65,993",http://mamikos.com/,https://www.linkedin.com/company/mamikos/,https://www.facebook.com/pg/mamikoscom/,https://twitter.com/mamikosapp,For Profit,,"Apps, Real Estate, Software",251-500,"Kakao Ventures, BonAngels Venture Partners, SBVA, Hana Ventures",2,Early Stage Venture
VKTR,https://www.crunchbase.com/organization/vktr,,"Electric Vehicle, GreenTech, Manufacturing","Jakarta, Jakarta Raya, Indonesia",VKTR is a manufacturer and developer of battery-powered electric vehicles.,"66,004",https://vktr.id,https://www.linkedin.com/company/vktrindonesia,https://www.facebook.com/VKTR.id,https://twitter.com/vktr_id,For Profit,,"Manufacturing, Sustainability, Transportation",1001-5000,Bank Central Asia,1,IPO
Chilibeli,https://www.crunchbase.com/organization/chilibeli,,"E-Commerce, E-Commerce Platforms, Information Technology, Shopping, Social Network","Setiabudi, Jakarta Raya, Indonesia",Chilibeli is a social commerce platform that connects manufactures/farmers with agents directly through various instant messaging tools.,"66,650",http://www.chilibeli.com/,https://sg.linkedin.com/company/chilibeli-pte-ltd,,,For Profit,,"Commerce and Shopping, Information Technology, Internet Services",101-250,"Lightspeed Venture Partners, Golden Gate Ventures, Blume Ventures, Alto Partners SGR, Kinesys Group",2,M&A
Agate,https://www.crunchbase.com/organization/agate,,"Console Games, Corporate Training, Gamification, Mobile Apps, Software, Video Games","Bandung, Jawa Barat, Indonesia",Agate is the largest Indonesian game company developing mobile and console games for B2C market and gamification solution for B2B market.,"66,921",http://agate.id,https://www.linkedin.com/company/agate-studio/,https://www.facebook.com/agateint/,https://twitter.com/agateint,For Profit,,"Apps, Education, Gaming, Mobile, Software",101-250,"Endeavor Indonesia, Maloekoe Ventures",2,Seed
Kommunitas,https://www.crunchbase.com/organization/kommunitas,,"Blockchain, Consulting, Financial Services, Funding Platform, Incubators, Software, Venture Capital","Cikarang, Jawa Barat, Indonesia",A decentralized and tier-less Launchpad. Kommunitas is the solution for Multi Chain oriented projects.,"67,107",https://kommunitas.net/,https://www.linkedin.com/company/kommunitas-net/,,https://twitter.com/kommunitas1,For Profit,,"Blockchain and Cryptocurrency, Financial Services, Lending and Investments, Other, Professional Services, Software",11-50,,,
Gringgo,https://www.crunchbase.com/organization/gringgo,,"Mobile Apps, Recycling, Web Apps","Kuta, Bali, Indonesia",Gringgo is a recycling company focusing on developing and improving waste management systems through digitalization and database creation.,"67,229",http://www.gringgo.co/,https://www.linkedin.com/company/gringgo-trash-tech,,,For Profit,,"Apps, Mobile, Software, Sustainability",11-50,"Google, Gan Kapital, GK-Plug and Play Indonesia",2,Seed
Ritase,https://www.crunchbase.com/organization/ritase,,"B2B, Freight Service, Logistics, Mobile Apps, SaaS, Shipping, Supply Chain Management, Transportation","Jakarta, Jakarta Raya, Indonesia",SaaS & marketplace for trucking logistics digital platform,"67,503",https://ritase.com,https://www.linkedin.com/company/ritase/,https://www.facebook.com/ID.ritase/,https://twitter.com/ritase_id,For Profit,,"Apps, Mobile, Other, Software, Transportation",51-100,"Golden Gate Ventures, Insignia Ventures Partners, JAFCO Asia, Pegasus Tech Ventures, BEENEXT",3,Early Stage Venture
Djoin,https://www.crunchbase.com/organization/djoin,,"Financial Services, FinTech, Information Technology, SaaS","Denpasar, Bali, Indonesia",A Technology Enabler start-up for microfinance institutions in Indonesia formerly called Solusisakti.,"67,711",https://djoin.id/,https://www.linkedin.com/in/djoin-id-36274b242,https://www.facebook.com/profile.php?id=100079220744313,,For Profit,,"Financial Services, Information Technology, Software",51-100,500 Global,3,Seed
Nafas,https://www.crunchbase.com/organization/nafas-4558,,"Apps, GreenTech, Renewable Energy","Jakarta, Jakarta Raya, Indonesia",Nafas creates an air quality sensor network to monitor the quality of outdoor air.,"67,767",https://nafas.co.id/,https://www.linkedin.com/company/nafasidn,,https://x.com/nafasidn,For Profit,,"Apps, Energy, Software, Sustainability",11-50,"Alto Partners, DBS Foundation, Achmad Zaky Foundation",2,Seed
Proglix,https://www.crunchbase.com/organization/proglix,,"B2B, Building Material, Construction, Manufacturing","Tangerang, Jawa Barat, Indonesia","Proglix provides comprehensive software solutions for businesses, optimizing operations and enhancing efficiency.","68,170",https://proglix.com,https://www.linkedin.com/company/proglixindonesia,https://www.facebook.com/profile.php?id=100086480051818&locale=hi_IN,,For Profit,,"Manufacturing, Other, Real Estate",11-50,"Y Combinator, 500 Global, Rebel Fund, MDI Ventures, MAGIC Fund",4,Seed
Bhinneka.Com,https://www.crunchbase.com/organization/bhinneka-com,,"Computer, E-Commerce, Internet, Sustainability","Jakarta, Jakarta Raya, Indonesia",Bhinneka.Com is Indonesia's pioneer of eCommerce website.,"68,272",http://www.bhinneka.com/,http://www.linkedin.com/company/bhinneka.com,http://www.facebook.com/bhinnekacom,http://twitter.com/bhinnekacom,For Profit,,"Commerce and Shopping, Consumer Electronics, Hardware, Internet Services, Sustainability",501-1000,Ideosource VC,1,
GREDU,https://www.crunchbase.com/organization/gredu,,"E-Learning, EdTech, Education","Jakarta, Jakarta Raya, Indonesia",GREDU is an education institution located in Pasar Minggu.,"68,338",https://gredu.asia/,https://www.linkedin.com/company/gredu/,,,For Profit,,"Education, Software",51-100,"Vertex Ventures, Intudo Ventures, Javas Venture LLC",2,M&A
Haus!,https://www.crunchbase.com/organization/haus-indonesia,,"Food and Beverage, Tea","Jakarta, Jakarta Raya, Indonesia","Haus! is engaged in the F&B industry with the MTO beverage concept serving tea, milk tea, chocolate, and coffee.","68,488",https://haus.co.id/,https://www.linkedin.com/company/pt-inspirasi-bisnis-nusantara-haus-indonesia,,https://twitter.com/haus_indonesia,For Profit,,Food and Beverage,101-250,"BRI Ventures, Prasetia Dwidharma, Strategic Year Holdings, Rama Notowidigdo, Atlas Global Ventures",2,Early Stage Venture
BeliMobilGue,https://www.crunchbase.com/organization/belimobilgue,,"Automotive, E-Commerce, E-Commerce Platforms, Trading Platform","Mampangprapatan, Jakarta Raya, Indonesia",BeliMobilGue operates a platform that enables car owners to sell their vehicle securely online.,"68,538",https://www.belimobilgue.co.id,https://www.linkedin.com/company/belimobilgue-co-id/,https://www.facebook.com/belimobilgue,https://twitter.com/belimobilgue,For Profit,,"Commerce and Shopping, Financial Services, Internet Services, Lending and Investments, Transportation",101-250,"Intudo Ventures, Frontier Car Group, Toyota Tunas, Michaelangelo Moran",2,Early Stage Venture
Materee,https://www.crunchbase.com/organization/materee,,"Building Material, Construction, E-Commerce","Karang Tengah, Jawa Barat, Indonesia",Materee is an e-commerce platform that enables customers to shop for construction and building materials.,"68,619",https://materee.id,https://www.linkedin.com/company/materee-ycs22,https://www.facebook.com/people/Materee/100082150043601/,https://x.com/materee_id,For Profit,,"Commerce and Shopping, Real Estate",11-50,"Y Combinator, BRI Ventures",2,Seed
Aman,https://www.crunchbase.com/organization/aman,,"Health Care, Human Resources, Internet, SaaS","Jakarta, Jakarta Raya, Indonesia",One stop platform for corporate healthcare solutions,"68,657",https://liveaman.com,https://www.linkedin.com/company/amancoid,,,For Profit,,"Administrative Services, Health Care, Internet Services, Software",11-50,"Global Founders Capital, 1982 Ventures, Alto Partners, Trihill Capital, Atlas Global Kapital",2,Seed
LingoTalk,https://www.crunchbase.com/organization/lingotalk,,"E-Learning, EdTech, Education, Language Learning","Jakarta, Jakarta Raya, Indonesia",LingoTalk provides a personalized remote language learning platform.,"68,776",https://www.lingotalk.co,https://www.linkedin.com/company/lingotalklc,https://www.facebook.com/LingoTalk,https://twitter.com/lingotalkco,For Profit,,"Education, Software",11-50,"Iterative Capital Management, Startup Studio Indonesia, Bhavik Bajaj, EduSpaze",6,Seed
PT ALBA Tridi Plastics Recycling Indonesia,https://www.crunchbase.com/organization/pt-alba-tridi-plastics-recycling-indonesia,,"Recycling, Water Purification","Kendal, Jawa Tengah, Indonesia","PT ALBA Tridi Plastics Recycling Indonesia's mission is to purify water, protect aquatic habitats, and promote a sustainable water economy.","68,804",,,,,For Profit,,Sustainability,,Asian Development Bank,1,
SnowSeed,https://www.crunchbase.com/organization/snowseed,,"Blockchain, Cryptocurrency, Non-Fungible Token (NFT)","Grogolpetamburan, Jakarta Raya, Indonesia","Snowseed connects real-world assets to NFT utilities, making NFTs more profitable and safer.","69,023",https://www.snowseed.io,,,https://twitter.com/SnowSeedasia,For Profit,,"Blockchain and Cryptocurrency, Financial Services, Other, Payments, Software",,"Medi Crypto International, PT Buckingham Holdings",1,Seed
Flip,https://www.crunchbase.com/organization/flip-4607,,"Finance, Financial Services, FinTech, Payments","Depok, Jawa Barat, Indonesia",Flip operates as a platform that allows users to send money securely without a transaction fee. With AUS dollar impacts forforth.,"70,137",https://flip.id/,https://www.linkedin.com/company/flip.id,https://www.facebook.com/HaiFlip/,https://twitter.com/flip_id,For Profit,,"Financial Services, Payments",251-500,"Insight Partners, Peak XV Partners, Tencent, Insignia Ventures Partners, Block, Inc.",4,Early Stage Venture
GrapixAI,https://www.crunchbase.com/organization/grapixai,,"Artificial Intelligence (AI), Cloud Data Services, Information Technology, Software","Jakarta, Jakarta Raya, Indonesia",GrapixAI is a provider of artificial intelligence server solution.,"70,285",https://www.grapixai.com,https://www.linkedin.com/company/grapixai,https://www.facebook.com/GrapixAI,https://twitter.com/GrapixAi,For Profit,,"Artificial Intelligence (AI), Data and Analytics, Information Technology, Internet Services, Science and Engineering, Software",251-500,"Gaorong Capital, Vision Plus Capital",3,Late Stage Venture
HIJAU,https://www.crunchbase.com/organization/hijau,,"Environmental Consulting, Renewable Energy","Jakarta, Jakarta Raya, Indonesia","HIJAU's vision is to provide affordable, reliable, and clean solar energy.","70,321",https://www.hijau.co.id/en/,https://www.linkedin.com/company/hijau/,,,For Profit,,"Energy, Professional Services, Sustainability",11-50,Clime Capital,1,
Pintu,https://www.crunchbase.com/organization/pintu,,"Bitcoin, Blockchain, Cryptocurrency, Financial Services, FinTech","Jakarta, Jakarta Raya, Indonesia","Pintu is a crypto assets platform for buying, selling, and investing in Bitcoin and Blockchain-based assets.","71,021",https://pintu.co.id,https://www.linkedin.com/company/pintu-indonesia,,https://twitter.com/pintuid,For Profit,,"Blockchain and Cryptocurrency, Financial Services, Other, Payments, Software",251-500,"Lightspeed Venture Partners, Castle Island Ventures, Coinbase Ventures, Intudo Ventures, Pantera Capital",3,Early Stage Venture
Lunash,https://www.crunchbase.com/organization/lunash,,"Artificial Intelligence (AI), Debt Collections, FinTech, SaaS","Jakarta, Jakarta Raya, Indonesia","SaaS, AI, Debt Collection, Debt Management Platform","71,101",https://lunash.id,https://www.linkedin.com/company/lunash,,,For Profit,,"Administrative Services, Artificial Intelligence (AI), Data and Analytics, Financial Services, Science and Engineering, Software",1-10,"Antler, Tenity",2,Seed
Good Games Guild,https://www.crunchbase.com/organization/good-games-guild,,"Blockchain, Gaming","Jakarta, Jakarta Raya, Indonesia",Good Games Guild is a gaming hub for play-to-earn games based on NFTs and collectible tokens.,"71,144",https://goodgamesguild.com,https://www.linkedin.com/company/good-games-guild/,https://www.facebook.com/GuildGoodGames/,https://twitter.com/goodgamesguild,For Profit,,"Blockchain and Cryptocurrency, Gaming, Other",1-10,"NGC Ventures, MV Global, LD Capital, OKX Ventures, Kyros Ventures",2,Seed
Mandaya Medical International,https://www.crunchbase.com/organization/mandaya-medical-international,,"Health Care, Hospital, Hospitality, Medical","Jakarta, Jakarta Raya, Indonesia",Mandaya Medical International is a healthcare company that operates hospitals.,"71,167",,,,,For Profit,,"Health Care, Travel and Tourism",1-10,"Bangkok Bank, Kendall Court",2,Early Stage Venture
Fabelio,https://www.crunchbase.com/organization/fabelio,,"E-Commerce, Furniture, Home Decor, Manufacturing","Jakarta, Jakarta Raya, Indonesia",Fabelio is an Indonesian online furniture retailer that works with local designers to manufacture unique furniture and home decor.,"71,577",http://www.fabelio.com/,https://www.linkedin.com/organization-guest/company/fabelio?challengeId=AQEwnWhoAb_LgQAAAXLHrdqCKW-DjsaXsU5mjTf27fc6YVnOlHQJVmT_8Jkm_CHRf23Q-chNwTSbLpe2giD9vBI9sOLaAbBnwA&submissionId=5c4d8c7f-5ca7-1916-1d7a-490facd9b47d,https://www.facebook.com/fabelio,https://www.twitter.com/hellofabelio,For Profit,,"Commerce and Shopping, Consumer Goods, Manufacturing, Real Estate",101-250,"500 Global, Endeavor Catalyst, Bossa Invest, AppWorks, MDI Ventures",6,Late Stage Venture
Indosurya Inti Finance,https://www.crunchbase.com/organization/indosurya-inti-finance,,"Business Information Systems, Finance, Financial Services","Jakarta, Jakarta Raya, Indonesia",Indosurya Inti Finance is a multi-finance company based in indonesia.,"71,851",https://indosurya.finance/,,,,For Profit,,"Financial Services, Information Technology",251-500,KFW DEG,1,
Binar Academy,https://www.crunchbase.com/organization/binar-academy,,"Education, Information Technology, Software Engineering","Dki Jakarta, Jakarta Raya, Indonesia",Binar Academy offers mentorship and non-formal education to aspiring tech engineers across Indonesia.,"71,931",https://www.binaracademy.com/,https://www.linkedin.com/company/13272323/,https://www.facebook.com/binaracademy/,,For Profit,,"Education, Information Technology, Science and Engineering, Software",51-100,"iGlobe Partners, Teja Ventures, EduSpaze, Blue7, Ango Ventures",3,
SIRCLO,https://www.crunchbase.com/organization/sirclo,,"E-Commerce, Information Technology, Web Design, Web Development","Tangerang, Jawa Barat, Indonesia",SIRCLO provides a website-building platform designed to create an e-commerce service that can facilitate online sales.,"72,111",http://www.sirclo.com,https://www.linkedin.com/company/sirclo,https://www.facebook.com/sirclosolution,https://www.twitter.com/sirclosolution,For Profit,,"Commerce and Shopping, Design, Information Technology, Software",1001-5000,"East Ventures, Vertex Ventures Southeast Asia & India, Traveloka, Skystar Capital, SMDV",8,Late Stage Venture
Batumbu,https://www.crunchbase.com/organization/batumbu,,"Financial Services, FinTech, Internet, Online Portals, Peer to Peer","Jakarta, Jakarta Raya, Indonesia",Batumbu presents information technology-based money lending services.,"72,295",https://batumbu.id/,https://www.linkedin.com/company/batumbu,,,For Profit,,"Financial Services, Internet Services, Other",51-100,Validus,1,
KedaiSayur,https://www.crunchbase.com/organization/kedai-sayur,,"AgTech, Farmers Market, Food and Beverage, Logistics, Supply Chain Management","Kedoya Selatan, Jakarta Raya, Indonesia","KedaiSayur is an agtech company that connects farmers, ranchers, and wholesalers with consumers to provide fresh farm products.","72,653",http://www.kedaisayur.com,https://www.linkedin.com/company/kedaisayur,https://www.facebook.com/kedaisayurcom,,For Profit,,"Agriculture and Farming, Food and Beverage, Transportation",101-250,"East Ventures, SMDV, Triputra Group, Kejora-SBI Orbit, Multi Persada",4,Early Stage Venture
CoHive,https://www.crunchbase.com/organization/ev-hive,,"Communities, Coworking, Office Administration","Jakarta, Jakarta Raya, Indonesia",CoHive is Indonesia’s largest co-working space company.,"73,169",https://cohive.space/,https://www.linkedin.com/company/cohive/,https://www.facebook.com/cohivespace/,https://twitter.com/cohivespace,For Profit,,"Administrative Services, Community and Lifestyle, Real Estate",51-100,"East Ventures, Z Venture Capital, Insignia Ventures Partners, Intudo Ventures, Naver",4,Early Stage Venture
WEAVE,https://www.crunchbase.com/organization/weave-3092,,"Railroad, Telecommunications, Wireless","Jakarta, Jakarta Raya, Indonesia","WEAVE manages railway fiber optic infrastructure, offering scalable bandwidth solutions.","73,262",https://www.weave.co.id,https://www.linkedin.com/company/pt-integrasi-jaringan-ekosistem-weave,,,For Profit,,"Hardware, Mobile, Transportation",51-100,Bank Negara Indonesia,1,
Garudafood,https://www.crunchbase.com/organization/garudafood,,"Food and Beverage, Hospitality, Snack Food","Gresik, Jawa Timur, Indonesia",GarudaFood is a food and beverage company subordinated to Tudung Group.,"73,552",https://garudafood.com,https://www.linkedin.com/company/pt-garudafood-putra-putri-jaya-tbk/about/,https://www.facebook.com/128133043916752,https://www.twitter.com/garudafood_,For Profit,,"Food and Beverage, Travel and Tourism",101-250,CVC Capital Partners,1,Private Equity
Elevenia,https://www.crunchbase.com/organization/elevenia,,"E-Commerce, Fashion, Marketplace","Jakarta, Jakarta Raya, Indonesia",Elevenia is a marketplace-based platform for buyers and sellers.,"73,989",http://www.elevenia.co.id/,https://www.linkedin.com/company/pt-xl-planet,https://www.facebook.com/elevenia.co.id,https://twitter.com/eleveniaID,For Profit,,"Clothing and Apparel, Commerce and Shopping, Design",101-250,"SK Planet, XL Axiata Tbk",2,Private Equity
Neurosensum,https://www.crunchbase.com/organization/neurosensum,,"Artificial Intelligence (AI), Consumer, Consumer Research, Machine Learning, Neuroscience","Kuningan, Jakarta Raya, Indonesia",Neurosensum is a neuroscience and AI-based company that uses neuroscience tools in understanding consumer’s subconscious response.,"74,217",http://neurosensum.com/,https://www.linkedin.com/company/pt-neurosensum-technology-international/,https://www.facebook.com/Neurosensum/,https://twitter.com/Neurosensum/,For Profit,,"Artificial Intelligence (AI), Biotechnology, Data and Analytics, Design, Other, Science and Engineering, Software",101-250,"Alpha JWC Ventures, Supermorpheus, SIG China (SIG Asia Investments)",4,Early Stage Venture
Slice Group,https://www.crunchbase.com/organization/slice-6e7a,,Software,"Jakarta, Jakarta Raya, Indonesia",Slice simplifies payments for the creator economy.,"74,278",https://slice.id,https://www.linkedin.com/company/slicegroup,,https://twitter.com/join_slice,For Profit,,Software,11-50,"Intudo Ventures, W inc., ARISE",1,Seed
PT Multifinance Anak Bangsa,https://www.crunchbase.com/organization/pt-multifinance-anak-bangsa,,"Financial Services, FinTech","Jakarta, Jakarta Raya, Indonesia",PT Multifinance Anak Bangsa provides technological solutions in financial services and lending.,"74,398",https://mab.co.id/,https://www.linkedin.com/company/pt.-multi-artha-bersama,,,For Profit,,Financial Services,,GoTo Group,1,
BukaPO,https://www.crunchbase.com/organization/bukapo,,"Food and Beverage, Marketplace, Snack Food","Badung, Bali, Indonesia","BukaPO is a food and beverage company that provides pulses, rice bowls, and various other snack food services.","74,467",https://www.bukapo.net/,https://www.linkedin.com/company/bukapo,,,For Profit,,"Commerce and Shopping, Food and Beverage",11-50,"Iterative, elea Foundation for Ethics in Globalization, Bali Investment Club",4,Seed
Flik,https://www.crunchbase.com/organization/flik-2fba,,"Brand Marketing, Direct Marketing","Jakarta, Jakarta Raya, Indonesia",Flik provides brands to improve direct-to-consumer transactions by integrating the checkout experience across various sales channels.,"74,816",https://flik.co.id,https://www.linkedin.com/company/flik-id,,,For Profit,,Sales and Marketing,11-50,"Saison Capital, East Ventures, GMO VenturePartners, Init 6",1,Seed
Pawprints Inspired,https://www.crunchbase.com/organization/pawprints-inspired,,"Nutrition, Pet","Jakarta, Jakarta Raya, Indonesia",Pawprints Inspired provides insect-based protein that gives pets their ideal nutrition.,"75,503",https://pawprints.id/,https://www.linkedin.com/company/pawprints-indonesia/,,,,,"Community and Lifestyle, Food and Beverage, Health Care",11-50,"Pavilion Capital, Creative Gorilla Capital, MSW Ventures, Altrui Investment Management, Tujuh Bersaudara Investindo",2,Seed
Terratai,https://www.crunchbase.com/organization/terratai,,"Business Development, Finance, Natural Resources","Denpasar, Bali, Indonesia",Terratai is a venture builder for nature that focuses on tackling the challenges of the food system that drive ecosystem.,"75,724",https://terratai.com,https://www.linkedin.com/company/terratai,,,,,"Financial Services, Natural Resources, Professional Services, Sustainability",1-10,"UBS, Swiss Re Foundation",1,Seed
Bank Bisnis Internasional,https://www.crunchbase.com/organization/bank-bisnis,,"Banking, Commercial, Financial Services","Bandung, Jawa Barat, Indonesia",Bank Bisnis Internasional is a non-foreign exchange private commercial bank.,"75,777",http://bankbisnis.id,,,,For Profit,,"Financial Services, Lending and Investments, Other",101-250,"Cathay Innovation, MDI Ventures, Kredivo Group, Square Peg Capital, Singtel Innov8",1,M&A
Gree Energy,https://www.crunchbase.com/organization/gree-energy,,"Biomass Energy, Industrial Engineering, Renewable Energy","Jakarta, Jakarta Raya, Indonesia","Gree Energy develops, operates, and builds biogas-to-energy solutions that transform industry waste into valuable resources.","75,842",http://www.gree-energy.com,https://www.linkedin.com/company/gree-energy/,,,For Profit,,"Energy, Manufacturing, Natural Resources, Science and Engineering, Sustainability",11-50,"Water Unite Impact (WUI), Earthcare Group",1,Seed
KoinWorks,https://www.crunchbase.com/organization/koinworks,,"Consumer Lending, Financial Services, FinTech, Information Technology, Lending, Peer to Peer","Jakarta, Jakarta Raya, Indonesia",Koinworks is an Indonesia Super Financial App that provides both investment and liabilities products under single platform,"76,035",https://koinworks.com/,https://www.linkedin.com/company/koinworks/,https://www.facebook.com/koinworks/,https://twitter.com/KoinWorks,For Profit,,"Financial Services, Information Technology, Lending and Investments, Other",251-500,"Quona Capital, East Ventures, Saison Capital, MDI Ventures, AC Ventures",8,Late Stage Venture
Sritex,https://www.crunchbase.com/organization/sritex,,"Manufacturing, Textiles","Jetis, Jawa Tengah, Indonesia","SRITEX is a textile and garment producer with production units that include spinning, weaving, dyeing, and garment.","76,098",https://www.sritex.co.id/,https://www.linkedin.com/company/sritex,https://www.facebook.com/sritex.indonesia/,https://twitter.com/sritexindonesia,For Profit,,Manufacturing,10001+,Adam Malik,1,IPO
Sorabel,https://www.crunchbase.com/organization/sale-stock-indonesia,,"Classifieds, Fashion, Retail","Jakarta, Jakarta Raya, Indonesia","Here Soraya sells beautiful, mall-quality clothes with honest prices. Free postage unconditionally.","76,398",http://www.salestockindonesia.com/,https://www.linkedin.com/company/sorabel-by-sale-stock/,https://www.facebook.com/sorabelofficial/,https://twitter.com/salestockid,For Profit,,"Clothing and Apparel, Commerce and Shopping, Design",1001-5000,"Alpha JWC Ventures, InnoVen Capital, Gobi Partners, Openspace, Kejora Capital",5,M&A
PT Geo Dipa Energi,https://www.crunchbase.com/organization/pt-geo-dipa-energi,,"Energy, Geothermal Energy, Oil and Gas, Renewable Energy","Dki Jakarta, Jakarta Raya, Indonesia","PT Geo Dipa Energi is a geothermal Energy Company through Geodipa Personnel, Operational Excellence and Sustainable Growth.","76,859",https://www.geodipa.co.id/,https://www.linkedin.com/company/pt-geo-dipa-energi-persero-/,,,For Profit,,"Energy, Natural Resources, Sustainability",251-500,,1,
Magalarva,https://www.crunchbase.com/organization/magalarva,,"Alternative Protein, Animal Feed, Biometrics, Biopharma, Biotechnology, Farming, Health Care","Jakarta, Jakarta Raya, Indonesia",Magalarva is a biotechnology company that produces sustainable proteins for animal feed.,"77,431",https://magalarva.com/,https://www.linkedin.com/company/magalarva/,https://www.facebook.com/Magalarva-2182622968483192/,,For Profit,,"Agriculture and Farming, Biotechnology, Data and Analytics, Food and Beverage, Health Care, Science and Engineering",11-50,"DBS Foundation, Bali Investment Club, SKALA",5,
OKHOME,https://www.crunchbase.com/organization/okhome,,"Heating, Ventilation, and Air Conditioning (HVAC), Home Services, Local, Service Industry","Jakarta, Jakarta Raya, Indonesia","OKHOME offers home cleaning, air conditioning, and disinfection services for apartments.","78,176",https://www.okhome.id/,https://www.linkedin.com/company/okhome,https://www.facebook.com/okhomeindonesia/,https://www.twitter.com/okhome_id,For Profit,,"Other, Real Estate, Sales and Marketing",51-100,"Kakao Ventures, Hana Ventures, Endeavor Indonesia, Enlight Ventures, Springcamp",3,Early Stage Venture
PT Mitra Pinasthika Mustika Rent,https://www.crunchbase.com/organization/pt-mitra-pinasthika-mustika-rent,,"Automotive, Car Sharing, Transportation","Serpong, Jawa Barat, Indonesia",PT Mitra Pinasthika Mustika Rent offers automotive rental and driver services.,"78,279",https://mpm-rent.com,https://www.linkedin.com/company/pt-mitra-pinasthika-mustika-rent-mpm-rent-,https://www.facebook.com/MPM-Rent-148287218633589,,For Profit,,Transportation,1001-5000,Carro,1,
Danacita,https://www.crunchbase.com/organization/danacita,,"Education, Financial Services","Jakarta, Jakarta Raya, Indonesia",Danacita is a loans to fund their tertiary education and training in Jakarta.,"78,346",https://www.danacita.co.id,https://www.linkedin.com/company/dana-cita,https://www.facebook.com/DanaCita.ID,https://twitter.com/dana_cita,For Profit,,"Education, Financial Services",51-100,"Monk’s Hill Ventures, Qualgro VC, Convergence Ventures, GE32 Capital",1,Early Stage Venture
Bananas,https://www.crunchbase.com/organization/bananas-6948,,"Delivery, E-Commerce, Grocery","Jakarta, Jakarta Raya, Indonesia",Bananas delivers fresh groceries direct to home in 10 minutes and at supermarket prices.,"78,697",https://www.bananas.id/,https://www.linkedin.com/company/bananasid/,,https://twitter.com/BananasIndo,For Profit,,"Administrative Services, Commerce and Shopping, Food and Beverage",51-100,"Y Combinator, East Ventures, MDI Ventures, Venturra, ARISE",1,Seed
Mangkokku,https://www.crunchbase.com/organization/mangkokku,,"Cooking, Food and Beverage, Hotel, Restaurants","Jakarta, Jakarta Raya, Indonesia",Mangkokku is a culinary startup that offers professional chef-level dishes in the form of rice bowls.,"78,762",https://www.mangkokku.com/,https://www.linkedin.com/company/mangkokku-indonesia/about/,https://www.facebook.com/pg/mangkokkuindonesia,https://twitter.com/Mangkokku_id,For Profit,,"Food and Beverage, Travel and Tourism",501-1000,"Alpha JWC Ventures, Emtek Group, Endeavor Indonesia, Cakra Ventures, PT karunia pangan indonesia",4,
BukuWarung,https://www.crunchbase.com/organization/bukuwarung,,"Accounting, Credit, FinTech, Payments, Small and Medium Businesses, Software","Jakarta, Jakarta Raya, Indonesia","BukuWarung is a startup focused on building bookkeeping, digital payments, and e-commerce solutions for MSMEs in Indonesia.","79,076",https://bukuwarung.com,https://www.linkedin.com/company/bukuwarung,https://www.facebook.com/bukuwarung,https://twitter.com/bukuwarung_,For Profit,,"Financial Services, Lending and Investments, Other, Payments, Professional Services, Software",101-250,"Y Combinator, Goodwater Capital, Quona Capital, Golden Gate Ventures, The Twenty Minute VC",6,Early Stage Venture
Elitery,https://www.crunchbase.com/organization/elitery,,"Cloud Computing, Cloud Infrastructure, Information Technology, IT Infrastructure, IT Management, Management Information Systems","Jakarta, Jakarta Raya, Indonesia","Elitery is an IT managed services company. Our team is well versed in all aspects of IT infrastructure, especially cloud technology.","79,265",https://elitery.com,https://www.linkedin.com/company/elitery,https://www.facebook.com/Elitery/,https://twitter.com/eliterycloud,For Profit,,"Hardware, Information Technology, Internet Services, Software",51-100,,,IPO
Fineksi,https://www.crunchbase.com/organization/finskor,,"Artificial Intelligence (AI), SaaS","Jakarta, Jakarta Raya, Indonesia","At Fineksi, we specialize in AI-driven SaaS solutions that enhance credit analysis and decision-making processes, along with fraud detection","79,448",https://www.fineksi.com/,https://www.linkedin.com/company/finskor,https://www.facebook.com/fineksi.official,,For Profit,,"Artificial Intelligence (AI), Data and Analytics, Science and Engineering, Software",1-10,"Tenity, Startup Studio Indonesia",2,Seed
Bank Index,https://www.crunchbase.com/organization/bank-index,,"Banking, Commercial, Financial Services, Small and Medium Businesses","Jakarta, Jakarta Raya, Indonesia",Bank Index provides lending services to small and medium enterprise.,"79,800",http://www.bankindex.co.id/,https://www.linkedin.com/company/pt-bank-index-selindo/,,https://twitter.com/bank_index,For Profit,,"Financial Services, Lending and Investments, Other",501-1000,"Funding Societies, Creador, Carro, Modalku, SBI Ven Capital",3,
Klikdaily,https://www.crunchbase.com/organization/klikdaily,,"Apps, Information Technology, Mobile Apps, Software","Serpong, Jawa Barat, Indonesia",Klikdaily is a supply chain tech ecosystem with its mission to empower mom n pop store businesses by digitizing FMCG supply chain process,"79,910",http://www.klikdaily.com/,https://www.linkedin.com/company/klikdaily/,https://www.facebook.com/klikdaily/,https://twitter.com/klikdaily,For Profit,,"Apps, Information Technology, Mobile, Software",51-100,"Global Founders Capital, Pegasus Tech Ventures, FundedHere, Teja Ventures, GnB Accelerator",3,Early Stage Venture
Super,https://www.crunchbase.com/organization/super-1f7d,,"Apps, Consumer, E-Commerce","Surabaya, Jawa Timur, Indonesia",Super is a social commerce platform that enables leaders to become self-made entrepreneurs and builds logistics network.,"80,015",https://superapp.id,https://www.linkedin.com/company/superapp-id,https://www.facebook.com/aplikasisuper,,For Profit,,"Apps, Commerce and Shopping, Other, Software",101-250,"Y Combinator, B Capital, Alpha JWC Ventures, New Enterprise Associates, Insignia Ventures Partners",4,Late Stage Venture
Grouu Baby Food,https://www.crunchbase.com/organization/grouu-baby-food,,"Food and Beverage, Food Delivery, Food Processing","Dki Jakarta, Jakarta Raya, Indonesia","Grouu is a fast grouu-ing baby food company based in Jakarta, Indonesia","80,288",https://www.grouu.id/,https://www.linkedin.com/company/grouu-baby-food/,https://www.facebook.com/grouu.id,,For Profit,,"Food and Beverage, Transportation",11-50,"Endeavor Indonesia, Teja Ventures, Javas Venture LLC, Arkana Ventures, Selera Kapital",4,Seed
Fuse,https://www.crunchbase.com/organization/fuse-pro,,"Apps, Finance, Insurance, InsurTech","Jakarta, Jakarta Raya, Indonesia",Fuse is an insurance platform that connects insurance products from insurance companies.,"80,795",https://www.fuse.co.id,https://www.linkedin.com/company/fuse-group-indo,https://www.facebook.com/fuseindo,https://twitter.com/fuseindo,For Profit,,"Apps, Financial Services, Software",251-500,"Golden Gate Ventures, EV Growth, GGV Capital, Emtek Group, Saratoga Partners",4,Early Stage Venture
Kalbe Genexine Biologics,https://www.crunchbase.com/organization/kalbe-genexine-biologics,,"Biotechnology, Life Science","Jakarta, Jakarta Raya, Indonesia",Kalbe Genexine Biologics is developing innovative biologic therapy for high unmet medical needs in largely underserved areas.,"81,012",https://www.kg-biologics.com,https://www.linkedin.com/company/kg-bio,,,For Profit,,"Biotechnology, Science and Engineering",51-100,General Atlantic,1,Private Equity
Rakamin Academy,https://www.crunchbase.com/organization/rakamin-academy,,"Education, STEM Education","Jakarta, Jakarta Raya, Indonesia","Platform for people to learn tech skills directly with experts, and get real working experience from our Virtual Internship Platform","81,131",https://rakamin.com/,https://www.linkedin.com/company/rakaminacademy/,,,For Profit,,"Education, Science and Engineering",51-100,"Open Campus, Investible, Newchip Accelerator, Startup Studio Indonesia, EduSpaze",4,Seed
TokoTalk,https://www.crunchbase.com/organization/tokotalk,,"E-Commerce, Information Technology, Management Information Systems","Kuningan, Jakarta Raya, Indonesia",TokoTalk is an Ease of doing business online according to their needs,"81,288",https://www.tokotalk.com/,https://www.linkedin.com/company/tokotalk-id/,https://www.facebook.com/tokotalk.id/,,For Profit,,"Commerce and Shopping, Information Technology",51-100,Altos Ventures,2,Early Stage Venture
Hyfen,https://www.crunchbase.com/organization/metabase-5468,,"Blockchain, Cryptocurrency, Gaming","Jakarta, Jakarta Raya, Indonesia","Hyfen is Indonesia's first all-in-one crypto gaming ecosystem, providing gamers with a seamless entry into the world of crypto gaming.","81,399",https://hyfen.gg,https://www.linkedin.com/company/hyfen-gg,https://www.facebook.com/hyfen.gg/,https://twitter.com/hyfen_gg,For Profit,,"Blockchain and Cryptocurrency, Financial Services, Gaming, Other, Payments, Software",11-50,"Xiaomi, HTX, Infinity Ventures Crypto, AC Capital",3,Seed
Paras,https://www.crunchbase.com/organization/paras-ba90,,"Blockchain, Cryptocurrency, Marketplace, Non-Fungible Token (NFT)","Jakarta, Jakarta Raya, Indonesia",Paras is a digital marketplace for crypto collectibles and non-fungible tokens (NFTs).,"81,451",https://paras.id,https://www.linkedin.com/company/paras-digital,https://www.facebook.com/parashq.digital,https://twitter.com/ParasHQ,For Profit,,"Blockchain and Cryptocurrency, Commerce and Shopping, Financial Services, Other, Payments, Software",11-50,"Dragonfly, Black Dragon Capital, Digital Renaissance, GFS Ventures, ConsenSys Mesh",2,Seed
Aino Indonesia,https://www.crunchbase.com/organization/aino-indonesia,,Information Technology,"Tebet, Jakarta Raya, Indonesia",Aino Indonesia is a payment processing company and system integrator for public transportation.,"81,473",https://ainosi.co.id/id/,https://www.linkedin.com/company/pt-aino-indonesia/,,,For Profit,,Information Technology,101-250,"EverHaüs, TIS Japan, Nippon Koei, Asia Summit Capital",3,Early Stage Venture
AssetFindr,https://www.crunchbase.com/organization/assetfindr,,"Analytics, Asset Management, Business Intelligence, Information Technology, SaaS, Software","Jakarta, Jakarta Raya, Indonesia","AssetFindr is a AI-optimized Asset Maintenance Management for efficiency, minimal downtime with real-time insights and seamless integration.","81,967",https://assetfindr.com/,https://www.linkedin.com/company/assetfindr/about/,,,For Profit,,"Data and Analytics, Financial Services, Information Technology, Software",1-10,Antler,1,Seed
RaRa Delivery,https://www.crunchbase.com/organization/rara-delivery,,"Customer Service, E-Commerce, Logistics","Jakarta, Jakarta Raya, Indonesia",RaRa Delivery is a e-commerc company that offers logistics services.,"82,128",https://www.rara.delivery/,https://www.linkedin.com/company/rara-delivery/,https://www.facebook.com/RaRaDeliveryID/,,For Profit,,"Commerce and Shopping, Other, Professional Services, Transportation",101-250,"500 Global, East Ventures, Surge, GK-Plug and Play Indonesia, AngelCentral",2,Seed
Halosis,https://www.crunchbase.com/organization/halosis,,"Artificial Intelligence (AI), Software","Cengkareng, Jakarta Raya, Indonesia",Halosis is building AI (Artificial Intelligence) technology.,"82,418",https://www.halosis.co.id/,https://www.linkedin.com/company/halosis,,,For Profit,,"Artificial Intelligence (AI), Data and Analytics, Science and Engineering, Software",11-50,Google for Startups,2,Seed
Indopasifik Teknologi Medika Indonesia,https://www.crunchbase.com/organization/indopasifik-teknologi-medika-indonesia,,"Dietary Supplements, Health Care, Medical, Wellness","Jakarta, Jakarta Raya, Indonesia",Indopasifik Teknologi Medika Indonesia is a health technology company located in Jakarta. Our products are Lifepack and Jovee.,"82,599",https://itmi.id/,https://www.linkedin.com/company/itmi-id/,,,For Profit,,"Food and Beverage, Health Care",51-100,Golden Gate Ventures,3,Early Stage Venture
SerMorpheus,https://www.crunchbase.com/organization/sermorpheus,,"Digital Entertainment, Event Promotion, Metaverse, Ticketing","Jakarta, Jakarta Raya, Indonesia",Sermorpheus is a company that focuses on NFT we bridge IRL to the Metaverse.,"82,940",https://sermorpheus.com/,https://www.linkedin.com/company/sermorpheus,,https://twitter.com/sermorpheus,For Profit,,"Events, Media and Entertainment, Software",11-50,"500 Global, Intudo Ventures, BRI Ventures, FEBE Ventures, Caladan",1,Seed
Crewdible,https://www.crunchbase.com/organization/crewdible,,"Information Services, Information Technology, Logistics","Tangerang, Jawa Barat, Indonesia",Crewdible is a micro-warehousing start up.,"82,981",https://crewdible.com/seller.html,https://www.linkedin.com/company/crewdible/,https://www.facebook.com/crewdible,,For Profit,,"Information Technology, Transportation",101-250,"Bukalapak, Global Founders Capital, Ondine Capital, Sequoia Scout",3,Early Stage Venture
Modalku,https://www.crunchbase.com/organization/modalku,,"Apps, B2B, Consumer Lending, E-Commerce, Financial Services, FinTech, Lending, Marketplace, Small and Medium Businesses","Kebon, Jawa Timur, Indonesia","Modalku is online marketplace based in Jakarta, Indonesia for small businesses to acquire loans & for lenders to fund small business loans.","83,305",https://modalku.co.id,https://www.linkedin.com/company/modalku,https://www.facebook.com/modalkuid,https://twitter.com/modalkuid,For Profit,,"Apps, Commerce and Shopping, Financial Services, Lending and Investments, Other, Software",251-500,"Peak XV Partners, SoftBank Vision Fund, Alpha JWC Ventures, SoftBank, AVV",7,Late Stage Venture
Goers,https://www.crunchbase.com/organization/goers,,"Media and Entertainment, Ticketing, Tourism","Jakarta, Jakarta Raya, Indonesia",Goers is an application that allows young smartphone users to discover local things to do around them and book it directly from the app.,"83,569",http://goersapp.com,https://www.linkedin.com/company-beta/6457806/,https://www.facebook.com/goersapp/,https://www.twitter.com/goersapp,For Profit,,"Events, Media and Entertainment, Travel and Tourism",11-50,"MDI Ventures, Prasetia Dwidharma, Mahanusa Capital, Indigo by Telkom Indonesia, Mahaka Group Media",3,Seed
Foom,https://www.crunchbase.com/organization/foom-85e5,,"Consumer Goods, Lifestyle","Jakarta, Jakarta Raya, Indonesia",Foom is an online seller of consumer products.,"83,663",https://foom.id,https://www.linkedin.com/company/foomlabglobal,https://www.facebook.com/foomlabglobal/,,For Profit,,"Community and Lifestyle, Consumer Goods",51-100,Gayo Capital,1,Seed
Cashlez,https://www.crunchbase.com/organization/cashlez,,"Banking, Financial Services, FinTech, Payments","Jakarta, Jakarta Raya, Indonesia","Cashlez operates as a financial technology company that provides value propositions for traders, and mobile payment players.","84,175",https://www.cashlez.com/,https://www.linkedin.com/company-beta/10886554/,https://www.facebook.com/cashlez.id,https://twitter.com/cashlez_id,For Profit,,"Financial Services, Lending and Investments, Payments",11-50,"Mandiri Capital Indonesia (MCI), Sumitomo, Gan Kapital",2,IPO
Rainmaker,https://www.crunchbase.com/organization/rainmaker-b4d5,,"Artificial Intelligence (AI), Chatbot, Lead Management, Sales","Kedoya Selatan, Jakarta Raya, Indonesia","Rainmaker is a software company that provides AI-based sales activity building and tracking, lead profiling, and chatbot solutions.","84,995",https://www.rainmaker.co.id/en,,,,For Profit,,"Artificial Intelligence (AI), Data and Analytics, Sales and Marketing, Science and Engineering, Software",1-10,Antler,1,Seed
Prixa,https://www.crunchbase.com/organization/prixa-ai,,Health Care,"Jakarta, Jakarta Raya, Indonesia",Prixa is a platform that manages corporate health benefits.,"85,113",https://www.prixa.ai,https://www.linkedin.com/company/14675653/,,https://twitter.com/prixaai,For Profit,,Health Care,51-100,"MDI Ventures, Venturra, Trans-Pacific Technology Fund (TPTF), PT Siloam International Hospitals",2,Seed
ArkoPay,https://www.crunchbase.com/organization/arko-faee,,"Building Material, Construction, Finance, Financial Services, Lending","Dki Jakarta, Jakarta Raya, Indonesia",ArkoPay provides payment and financing solutions for businesses within construction supply chain ecosystem.,"85,145",https://arkopay.com,https://www.linkedin.com/company/arkopay-indonesia/,,,For Profit,,"Financial Services, Real Estate",1-10,"Antler, Tenity, Startup Studio Indonesia",3,Seed
Finansialku,https://www.crunchbase.com/organization/finansialku,,"Consulting, Finance, Financial Services, InsurTech, Online Portals, Personal Finance","Bandung, Jawa Barat, Indonesia","Finansialku is a financial planning company that offers educational portal, financial applications, and financial consulting services.","85,745",https://www.finansialku.com,https://www.linkedin.com/company/finansialku-com/,https://www.facebook.com/finansialku,https://www.twitter.com/finansialku,For Profit,,"Financial Services, Internet Services, Professional Services",11-50,"Hesham Zreik, FasterCapital, Bashar Hamood",2,Seed
Adilmart,https://www.crunchbase.com/organization/adilmart,,,"Tangerang, Jawa Barat, Indonesia",Adilmart is a cold storage retailer offering frozen foods.,"85,797",https://adilmart.co.id,,,,For Profit,,,,Astrantia,1,
PT Mitra Bisnis Keluarga Ventura,https://www.crunchbase.com/organization/pt-mitra-bisnis-keluarga-ventura,,"Finance, Financial Services, Micro Lending","Banten, Jawa Barat, Indonesia",PT Mitra Bisnis Keluarga Ventura is a microfinance institution that provides working capital to low-income women.,"85,834",https://www.mbk-ventura.com/,https://www.linkedin.com/company/pt-mitra-bisnis-keluarga-ventura,,,For Profit,,"Financial Services, Lending and Investments",51-100,Belgian Investment Company for Developing Countries,2,
CareNow Indonesia,https://www.crunchbase.com/organization/carenow-50bb,,"Finance, Financial Services, FinTech, Health Care, Information Technology","Jakarta, Jakarta Raya, Indonesia",CareNow is a technology company in Indonesia that develops business solutions for medical services.,"86,048",https://www.carenow.id,https://www.linkedin.com/company/carenow-indonesia/,,,For Profit,,"Financial Services, Health Care, Information Technology",11-50,"Antler, Iterative, Startup Studio Indonesia",3,Seed
Bibit.id,https://www.crunchbase.com/organization/bibit-id,,"Financial Services, FinTech, Information Technology, Internet of Things","Jakarta, Jakarta Raya, Indonesia",Bibit.id is a Robo-investing app developed to provide assistance on smart mutual fund investments.,"86,575",https://bibit.id/,https://www.linkedin.com/company/bibit/,https://www.facebook.com/bibitapp,https://twitter.com/bibitid,For Profit,,"Financial Services, Information Technology, Internet Services",501-1000,"500 Global, Peak XV Partners, East Ventures, Tencent, Prosus Ventures",4,M&A
Vidavox,https://www.crunchbase.com/organization/vidavox,,"Content, Digital Media, Generative AI, Personalization","Jakarta, Jakarta Raya, Indonesia",Vidavox is an AI company dedicated to encouraging corporate AI adoption through on-premise GPT-like solution. Smart. Secure. Private.,"86,577",https://vidavox.ai/,https://www.linkedin.com/company/vidavox/,,,For Profit,,"Artificial Intelligence (AI), Commerce and Shopping, Media and Entertainment",1-10,Antler,1,Seed
Greenhope,https://www.crunchbase.com/organization/greenhope,,"Biotechnology, Recycling, Renewable Energy","Kedoya Selatan, Jakarta Raya, Indonesia",Greenhope offers biodegradable resin and eco-friendly finish products.,"86,591",https://greenhope.co,https://www.linkedin.com/company/greenhope-co,https://www.facebook.com/greenhope.co,https://twitter.com/greenhope_co,For Profit,,"Biotechnology, Energy, Science and Engineering, Sustainability",51-100,"Mandiri Capital Indonesia (MCI), Brama One Ventures, Indonesia Impact Fund",2,
Coldspace,https://www.crunchbase.com/organization/coldspace,,"Marketplace, Supply Chain Management, Warehousing","Jakarta, Jakarta Raya, Indonesia",Coldspace is an integrated cold chain company that aims to deliver seamless logistics solutions.,"86,756",https://www.coldspace.id,https://www.linkedin.com/company/coldspace-id,,,For Profit,,"Commerce and Shopping, Transportation",51-100,"Intudo Ventures, Triputra Group, ASSA, MKA & ITS",1,Seed
Easyport,https://www.crunchbase.com/organization/easyport-a922,,"Professional Services, Software","Jakarta Pusat, Jakarta Raya, Indonesia","B2B SaaS, Supply Chain","86,828",https://easyport.co,https://www.linkedin.com/company/easyport,,,For Profit,,"Other, Software",1-10,Antler,1,Seed
MyRobin.id,https://www.crunchbase.com/organization/myrobin-id,,"B2B, Big Data, Customer Service, Employee Benefits, Logistics, Retail Technology, Warehousing","Jakarta, Jakarta Raya, Indonesia",MyRobin is an end-to-end talent hub that provides Indonesian businesses with pre-screened blue-collar workers,"87,323",https://myrobin.id,https://www.linkedin.com/company/myrobinid,,,For Profit,,"Administrative Services, Commerce and Shopping, Data and Analytics, Hardware, Health Care, Other, Professional Services, Software, Transportation",101-250,"Antler, Seedstars, SOSV, Investible, Accion Venture Lab",4,M&A
Bizhare,https://www.crunchbase.com/organization/bizhare,,"Crowdfunding, Financial Services, FinTech","Jakarta, Jakarta Raya, Indonesia",Bizhare is a business investment company that offers equity crowdfunding services.,"87,409",https://www.bizhare.id,https://www.linkedin.com/company/bizhare-id,https://www.facebook.com/bizhare,https://twitter.com/bizhare,For Profit,,Financial Services,51-100,"Kejora Capital, Telkomsel Mitra Inovasi, Gan Kapital, AngelCentral, Tinc",2,Seed
PT Bank KEB Hana Indonesia,https://www.crunchbase.com/organization/pt-bank-keb-hana-indonesia,,"Banking, Commercial, Financial Services","Jakarta, Jakarta Raya, Indonesia",PT Bank KEB Hana Indonesia provides commercial banking services.,"87,631",https://www.hanabank.co.id,https://www.linkedin.com/company/bank-hana,https://www.facebook.com/Hanabankid/,,For Profit,,"Financial Services, Lending and Investments, Other",1001-5000,International Finance Corporation,1,
Tarrasmart,https://www.crunchbase.com/organization/tarrasmart,,"Artificial Intelligence (AI), Information Technology, Internet, Machine Learning, Mobile Apps, Software","Jakarta Pusat, Jakarta Raya, Indonesia","Tarrasmart focused on developing AI technologies that advance the world’s economies, society and humanity for a better tomorrow.","87,970",https://tarrasmart.com,https://www.linkedin.com/company/tarrasmart,https://www.facebook.com/tarra.co.id,https://www.twitter.com/tarra_co_id,For Profit,,"Apps, Artificial Intelligence (AI), Data and Analytics, Information Technology, Internet Services, Mobile, Science and Engineering, Software",101-250,"Yunnan Provincial Industrial Investment, Siong Angpeng",2,M&A
HarukaEdu,https://www.crunchbase.com/organization/harukaedu,,"Education, Internet","Jakarta, Jakarta Raya, Indonesia",PT Haruka Edukasi Utama or HarukaEdu is a company that provides a turn-key solution,"88,161",http://www.harukaedu.com/,http://www.linkedin.com/company/pt-haruka-edukasi-utama-harukaedu-,http://www.facebook.com/harukaedu/info,https://www.twitter.com/harukaedu_id,For Profit,Yes,"Education, Internet Services",101-250,"CyberAgent Capital, AppWorks, Susquehanna International Group, GDP Venture, Pearson Affordable Learning Fund (PALF)",3,Late Stage Venture
PrivyID,https://www.crunchbase.com/organization/privyid,,"Identity Management, Information Technology","Jakarta, Jakarta Raya, Indonesia","PrivyID is building an unprecedented business model by combining trusted digital ID, digital signature, and document management.","88,219",https://privy.id/,https://www.linkedin.com/company/privyid/,https://www.facebook.com/privyid,https://twitter.com/privyid,For Profit,,"Information Technology, Privacy and Security",101-250,"Endeavor Catalyst, Bossa Invest, Kohlberg Kravis Roberts, MDI Ventures, GGV Capital",6,Late Stage Venture
Printerous,https://www.crunchbase.com/organization/printerous,,"Art, E-Commerce, Printing","Jakarta, Jakarta Raya, Indonesia",Printerous is a software company that offers a platform for online digital printing.,"88,403",https://www.printerous.com/en/,https://www.linkedin.com/company/printerous,https://www.facebook.com/printerous,https://twitter.com/printerous,For Profit,,"Commerce and Shopping, Content and Publishing, Media and Entertainment",51-100,"Golden Gate Ventures, Gobi Partners, Sovereign’s Capital, BAce Capital, Endeavor Indonesia",4,Early Stage Venture
Titipku,https://www.crunchbase.com/organization/titipku,,"E-Commerce, Retail, Small and Medium Businesses","Banten, Jawa Barat, Indonesia",Titipku is an online shopping app that focuses on facilitating the needs of everyday consumers.,"89,290",https://titipku.com,https://www.linkedin.com/company/titipku,https://www.facebook.com/titipkuofficial,https://twitter.com/titipkuofficial,For Profit,,"Commerce and Shopping, Other",101-250,"Y Combinator, Goodwater Capital, Quiet Capital, Sovereign’s Capital",3,
Kopitagram,https://www.crunchbase.com/organization/kopitagram,,"Coffee, Food and Beverage","Palmerah, Jakarta Raya, Indonesia",Kopitagram operates a café franchise that serves coffee while making customers feel nice and comfortable.,"89,869",https://kopitagram.com/,https://www.linkedin.com/company/kopitagram/,,,For Profit,,Food and Beverage,101-250,OCBC Ventura,1,
Grivy,https://www.crunchbase.com/organization/grivy,,"Analytics, Artificial Intelligence (AI), Big Data, Consumer Electronics, Internet, Retail, Software","Jakarta, Jakarta Raya, Indonesia",Enabling data driven growth for brands and retailers.,"90,040",https://business.grivy.com,http://www.linkedin.com/company/grivy,https://www.facebook.com/Grivy.id,http://twitter.com/Grivy_ID,For Profit,Yes,"Artificial Intelligence (AI), Commerce and Shopping, Consumer Electronics, Data and Analytics, Hardware, Internet Services, Science and Engineering, Software",51-100,,5,Seed
Payable,https://www.crunchbase.com/organization/payable-46d5,,"Finance, Financial Services, Payments","Jakarta, Jakarta Raya, Indonesia",Payable is an app that allows Indonesian businesses to take online payments without having to write any code.,"90,278",https://www.payable.id/,https://www.linkedin.com/company/payableid/,,,For Profit,,"Financial Services, Payments",1-10,"Y Combinator, Eight Capital, Startup Studio Indonesia",3,Seed
Off Meat,https://www.crunchbase.com/organization/off-meat,,"Alternative Protein, Food and Beverage, Organic Food, Sustainability","Jakarta, Jakarta Raya, Indonesia",Off Meat primarily produces animal-free alternative proteins.,"90,432",https://offmeat.io/,https://www.linkedin.com/company/offfoods/,,https://twitter.com/offmeat_id,For Profit,,"Food and Beverage, Sustainability",11-50,"Alpha JWC Ventures, Global Founders Capital, Jungle Ventures, Lemonilo, Creative Gorilla Capital",2,Seed
Cavos,https://www.crunchbase.com/organization/cavos,,"Artificial Intelligence (AI), CRM, Quality Assurance","Jakarta, Jakarta Raya, Indonesia","Cavos is an AI-based quality assurance platform offering automated auditing, conversational AI, and CRM integration solutions for companies.","90,606",https://cavos.io/,https://www.linkedin.com/company/cavos-io/,,,For Profit,,"Artificial Intelligence (AI), Data and Analytics, Information Technology, Professional Services, Sales and Marketing, Science and Engineering, Software",1-10,Antler,1,Seed
Paper.id,https://www.crunchbase.com/organization/paper-id,,"FinTech, Mobile Apps, Payments, Software","Dki Jakarta, Jakarta Raya, Indonesia","Paper.id is a free invoicing, payment, accounting, and inventory app for SMEs.","90,872",https://www.paper.id,https://www.linkedin.com/company/paper-id,https://www.facebook.com/paperinvoice/,,For Profit,,"Apps, Financial Services, Mobile, Payments, Software",101-250,"Golden Gate Ventures, Argor Capital, SMBC Asia Rising Fund, Square Peg Capital, Modalku",4,Early Stage Venture
Fita,https://www.crunchbase.com/organization/fita-ab5f,,Health Care,"Jakarta, Jakarta Raya, Indonesia",Fita is a health application with complete features and programs to help you start a healthy life.,"91,083",https://fita.co.id/,https://www.linkedin.com/company/myfita/,,,For Profit,,Health Care,11-50,"Endeavor Indonesia, Tinc, Indico",2,Seed
KBM,https://www.crunchbase.com/organization/kbm,,"Content Creators, Digital Entertainment, Education, Mobile Apps, Social Media","Jakarta, Jakarta Raya, Indonesia","Social Media for Author & Reader. KBM help author and reader to connect, share their content creation and greet directly.","91,179",https://kbm.id/,https://www.linkedin.com/company/kbmid/,,,For Profit,,"Apps, Education, Internet Services, Media and Entertainment, Mobile, Software",11-50,Public Investors,2,Seed
Alner,https://www.crunchbase.com/organization/alner,,"Consumer Goods, E-Commerce, Retail","Jakarta, Jakarta Raya, Indonesia",A platform where you can daily essentials like soaps and foods waste-free in returnable and refillable containers.,"91,277",https://www.alner.id/,https://www.linkedin.com/company/alner/,,,For Profit,,"Commerce and Shopping, Consumer Goods",11-50,"Asian Development Bank, Ecoxyztem, Strive Community Innovation Fund, TRANSFORM",5,Seed
Qlue,https://www.crunchbase.com/organization/qlue-2,,"Analytics, Artificial Intelligence (AI), Data Visualization, Internet of Things, Software","Jakarta, Jakarta Raya, Indonesia",Qlue is a smart city ecosystem company that offers business solutions based on artificial intelligence and IoT technology.,"91,499",http://qlue.co.id,http://www.linkedin.com/company/qluesmartcity,https://www.facebook.com/pg/qluesmartcity,https://x.com/qluesmartcity,For Profit,,"Artificial Intelligence (AI), Data and Analytics, Design, Information Technology, Internet Services, Science and Engineering, Software",51-100,"Global Brain Corporation, MDI Ventures, Merah Putih, Endeavor Indonesia, GDP Venture",8,Early Stage Venture
AdaKerja,https://www.crunchbase.com/organization/adakerja,,"Apps, B2B, Employment, Human Resources, Internet, Recruiting, Software","Jakarta, Jakarta Raya, Indonesia",chat to get a job ; push a button to hire,"92,008",https://adakerja.com,https://www.linkedin.com/company/adakerja,https://www.facebook.com/adakerja.id,,For Profit,,"Administrative Services, Apps, Internet Services, Other, Professional Services, Software",11-50,"BEENEXT, Ashwin Tiwari",6,Seed
FUNDtastic,https://www.crunchbase.com/organization/fundtastic,,"Financial Services, FinTech, Insurance, InsurTech, Mobile Apps","Kebayoran Baru, Jakarta Raya, Indonesia","FUNDtastic is an investment platform that offers mutual fund, finance, and insurance services.","92,053",https://fundtastic.co.id,https://in.linkedin.com/company/fundtastic,https://www.facebook.com/Fundtastic/,https://twitter.com/fundtastic_id,For Profit,,"Apps, Financial Services, Mobile, Software",51-100,"Ascend Capital Group, INDIVARA GROUP",1,Early Stage Venture
Social Bread,https://www.crunchbase.com/organization/social-bread,,"Internet, Social Media, Social Media Management","Tangerangscheweg, Jakarta Raya, Indonesia",Social Bread is a social media management platform.,"92,806",https://socialbread.id,https://www.linkedin.com/company/social-bread-indonesia/,,,For Profit,,"Internet Services, Media and Entertainment, Sales and Marketing",11-50,"East Ventures, Living Lab Ventures",1,Seed
Lintasarta,https://www.crunchbase.com/organization/lintasarta,,"Information Services, Information Technology, IT Infrastructure","Jakarta, Jakarta Raya, Indonesia",Lintasarta is a information technology information services company located in Jakarta.,"93,041",http://www.lintasarta.net/,https://www.linkedin.com/company/lintasarta/,https://www.facebook.com/lintasarta.official/,https://twitter.com/Lintasarta,For Profit,,Information Technology,501-1000,,,
Furtados School of Music,https://www.crunchbase.com/organization/furtados-school-of-music,,"Education, Music, Music Education","Tulangan, Jawa Timur, Indonesia",FSM partners with visionary schools to help them provide their children the best in music education and therefore its resultant benefits.,"93,215",http://furtadosschoolofmusic.com/,https://www.linkedin.com/company/furtados-school-of-music,https://www.facebook.com/furtadosschoolofmusic?ref=tn_tnmn,https://twitter.com/FSM_School,For Profit,,"Education, Media and Entertainment, Music and Audio",501-1000,"DSG Consumer Partners, IAN Fund",1,
GudangAda,https://www.crunchbase.com/organization/gudangada,,"B2B, E-Commerce, Information Technology, Internet, Logistics, Micro Lending","Banten, Jawa Barat, Indonesia",GudangAda vision to build B2B ecosystem to transform and digitalize Indonesia's Distribution Chain.,"93,357",https://gudangada.com/,https://www.linkedin.com/company/gudangada,https://www.facebook.com/gudangadacom/,,For Profit,,"Commerce and Shopping, Financial Services, Information Technology, Internet Services, Lending and Investments, Other, Transportation",501-1000,"Alpha JWC Ventures, Peak XV Partners, Alpha Wave Global, Pavilion Capital, Asia Partners Fund Management",3,Early Stage Venture
Citra Borneo Utama,https://www.crunchbase.com/organization/citra-borneo-utama,,"Business Development, Food Processing","Tengah, Kalimantan Barat, Indonesia",Citra Borneo Utama is a a business that oversees the trade and processing of palm oil downstream.,"93,580",https://www.citraborneoutama.co.id,,,,For Profit,,"Food and Beverage, Professional Services",,Bank Rakyat Indonesia,1,IPO
Limakilo,https://www.crunchbase.com/organization/limakilo,,"Agriculture, Farming, Internet","Dki Jakarta, Jakarta Raya, Indonesia",Limakilo is a Indonesian agritech startup,"93,970",http://limakilo.id/,https://www.linkedin.com/company/limakilo,https://www.facebook.com/limakilo.id/,https://twitter.com/limakilo_id,For Profit,,"Agriculture and Farming, Internet Services",1-10,"East Ventures, EV Growth, OVO, LINE Ventures",2,M&A
Kulina,https://www.crunchbase.com/organization/kulina,,"Delivery Service, Food and Beverage, Food Delivery, Mobile Apps","Jakarta, Jakarta Raya, Indonesia",Kulina is an online meal plan and subscription marketplace.,"94,319",http://kulina.id,https://www.linkedin.com/company/kulina,https://www.facebook.com/kulina.id,https://www.twitter.com/kulinaid,For Profit,,"Apps, Food and Beverage, Mobile, Software, Transportation",101-250,"East Ventures, Monk’s Hill Ventures, Coffee Ventures, Google Launchpad Accelerator",4,Seed
Jutsoo,https://www.crunchbase.com/organization/jutsoo,,"Analytics, Finance, Predictive Analytics, Software","Kebayoran Baru, Jakarta Raya, Indonesia",Jutsoo is a software development company that provides treasury management and financial data analysis solutions.,"94,503",https://www.jutsoo.com/,https://www.linkedin.com/company/jutsoo/,https://www.facebook.com/profile.php?id=100088662230019,,For Profit,,"Artificial Intelligence (AI), Data and Analytics, Financial Services, Software",1-10,"Y Combinator, Ascent Venture Group, Central Capital Ventura, OCBC Ventura",2,
PAYFAZZ,https://www.crunchbase.com/organization/payfazz,,"Banking, Financial Services, FinTech, Mobile, Payments","Jakarta, Jakarta Raya, Indonesia",PAYFAZZ is an agency-based financial platform that facilitates digital transactions and payments.,"94,680",https://www.payfazz.com/,https://www.linkedin.com/company/payfazz.com,https://www.facebook.com/payfazz,https://twitter.com/payfazz,For Profit,,"Financial Services, Lending and Investments, Mobile, Payments",501-1000,"Y Combinator, B Capital, Vertex Ventures, Tiger Global Management, Quiet Capital",5,Early Stage Venture
Risetcar,https://www.crunchbase.com/organization/risetcar,,"Automotive, Autonomous Vehicles, Fleet Management, Software","Kedoya Selatan, Jakarta Raya, Indonesia",We are an autonomous driving technology company committed to becoming the best partner for all smart car owners and passengers,"94,707",http://www.risetcar.com,https://www.linkedin.com/company/risetcar/,https://www.facebook.com/profile.php?id=61569820073938,https://x.com/risetcar,,,"Software, Transportation",251-500,,,
Waku,https://www.crunchbase.com/organization/wakuliner,,"Catering, E-Commerce, Food and Beverage, Hospitality","Jakarta, Jakarta Raya, Indonesia",Indonesia's F&B Solution Provider,"94,885",https://wakuliner.com/,https://in.linkedin.com/company/bigit-mobile,https://www.facebook.com/pg/wakuliner/,,For Profit,,"Commerce and Shopping, Food and Beverage, Travel and Tourism",11-50,"Sapien Ventures, Indigo by Telkom Indonesia, Nasa Venture",4,Seed
Five Jack,https://www.crunchbase.com/organization/fivejack,,"Gaming, Online Games, PC Games, Trading Platform, Video Games, Virtual Reality","Jakarta, Jakarta Raya, Indonesia",Fivejack is a startup company offering game-related products and value-added services.,"95,124",http://fivejack.com/,https://www.linkedin.com/company/pt-fivejack,https://www.facebook.com/itemku,,For Profit,,"Financial Services, Gaming, Hardware, Lending and Investments, Software",11-50,"500 Global, BonAngels Venture Partners, K-Run Ventures",3,Early Stage Venture
Eizper Chain,https://www.crunchbase.com/organization/eizper-chain,,"Blockchain, Gaming","Jakarta, Jakarta Raya, Indonesia",Eizper Chain is a blockchain action online multiplayer role-playing game that celebrates adventure and arena battle.,"95,352",https://www.eizperchain.com,https://www.linkedin.com/company/eizper,https://www.facebook.com/eizperchain,https://twitter.com/EizperChain,For Profit,,"Blockchain and Cryptocurrency, Gaming, Other",1-10,"Crypto.com Capital, Nyan Heroes, MH Ventures, Alameda Research, 2Shares",3,Seed
Grow Commerce,https://www.crunchbase.com/organization/grow-commerce-602d,,"E-Commerce, Fashion, Marketplace, Retail, Women's","Jakarta, Jakarta Raya, Indonesia","Grow Commerce buy online marketplace brands, operate and GROW them to reach new heights.","95,486",https://www.growcommerce.id/,https://www.linkedin.com/company/grow-commerce-indonesia/,,,For Profit,,"Clothing and Apparel, Commerce and Shopping, Community and Lifestyle, Design",101-250,"East Ventures, AC Ventures, Irongrey",2,Seed
Matahari Mall,https://www.crunchbase.com/organization/matahari-mall,,"E-Commerce, Fashion, Retail","Jakarta, Jakarta Raya, Indonesia","Matahari Mall is an Indonesian e-commerce platform that covers the fashion, health and beauty, electronics, home, and many other industries.","95,710",http://mataharimall.com,https://www.linkedin.com/company/mataharimall-com,https://www.facebook.com/mataharimallcom,https://twitter.com/MatahariMallCom,For Profit,,"Clothing and Apparel, Commerce and Shopping, Design",501-1000,"Mitsui & Co, Lippo Group, Matahari Department Stores (MDS)",3,
REDY,https://www.crunchbase.com/organization/redy,,"Apps, E-Learning, Employment, Human Resources, Recruiting","Jakarta, Jakarta Raya, Indonesia","REDY is an online job-search and recruitment platform with online tests, e-interview and e-learning features.","95,792",https://www.getredy.id,https://www.linkedin.com/company/redy-indonesia/,https://www.facebook.com/redyindonesia/,https://twitter.com/redyindonesia,For Profit,,"Administrative Services, Apps, Education, Professional Services, Software",1-10,PT Lawina Indonesia Berkarya,1,Seed
Taralite,https://www.crunchbase.com/organization/taralite,,"Financial Services, FinTech, Lending","Dki Jakarta, Jakarta Raya, Indonesia",Taralite is a financial technology startup that focuses on lending money to the unbankables.,"95,831",https://www.taralite.com/,https://www.linkedin.com/company-beta/7584204/,https://www.facebook.com/Taralitecom-1609153249355848/,https://twitter.com/taralite_id,For Profit,,Financial Services,11-50,SBI Group,1,M&A
Advotics,https://www.crunchbase.com/organization/advotics,,"Analytics, Software","Kedoya Selatan, Jakarta Raya, Indonesia",Advotics is an Indonesian offline-to-offline analytics platform.,"95,883",https://www.advotics.com/,https://www.linkedin.com/company/advotics/,,,For Profit,,"Data and Analytics, Software",101-250,East Ventures,2,Early Stage Venture
T.E.A.M DAO,https://www.crunchbase.com/organization/team-dao,,"eSports, Fantasy Sports, Gaming, Sports, Web3","Bali, Jawa Barat, Indonesia","Team DAO is a decentralized, next-generation crypto gaming guild 3.0 offering for aspiring players and asset managers.","96,009",https://www.teamdao.com/,https://www.linkedin.com/company/teamdao/,https://www.facebook.com/TEAMDAOcom,https://twitter.com/TEAMDAOcom,Non-profit,,"Blockchain and Cryptocurrency, Gaming, Internet Services, Sports",51-100,"NGC Ventures, Animoca Brands, CoinHako, Algorand, Anti Fund",1,Early Stage Venture
GeoSquare.ai,https://www.crunchbase.com/organization/geosquare-ai,,"Analytics, Artificial Intelligence (AI), Geospatial, Mapping Services","Cilandak, Jakarta Raya, Indonesia","GeoSquare.ai is a geospatial technology company offering AI solutions for data collection, analysis, mapping, and GIS platform integration.","96,280",https://geosquare.ai/,https://www.linkedin.com/company/geosquareai/,,,For Profit,,"Artificial Intelligence (AI), Data and Analytics, Navigation and Mapping, Science and Engineering, Software",1-10,Antler,1,Seed
WalletKu,https://www.crunchbase.com/organization/walletku,,"Financial Services, Payments","Jakarta Pusat, Jakarta Raya, Indonesia","WalletKu is a company which offers prepaid mobile phones credit top up, bill payments and sports ticket bookings and payments.","96,330",https://www.walletku.com/,https://www.linkedin.com/company/walletkuindonesia/,https://www.facebook.com/WalletkuID/,,For Profit,,"Financial Services, Payments",101-250,TNG FinTech Group,2,M&A
Qoo10-Indonesia,https://www.crunchbase.com/organization/qoo10-indonesia,,"Consumer, E-Commerce","Selatan, Jawa Timur, Indonesia",Qoo10 is the number one ranked ecommerce website,"96,406",http://www.qoo10.co.id/,https://www.linkedin.com/company/qoo10-indonesia,https://www.facebook.com/qoo10id/timeline?ref=page_internal,https://twitter.com/qoo10indo,For Profit,,"Commerce and Shopping, Other",251-500,"eBay, Saban Capital Group, Brookside Capital, Oak Investment Partners, UVM 2 Venture Investments",1,Early Stage Venture
Pintap,https://www.crunchbase.com/organization/pintap,,"Apps, Communities, Consulting, Fast-Moving Consumer Goods, Information Technology, Market Research, Professional Services, Retail, Retail Technology, Software","Jakarta, Jakarta Raya, Indonesia",A SaaS start up to provide service to all clients who do business in Traditional Trade in Indonesia.,"96,460",https://pintap.id/,https://www.linkedin.com/company/pintap/,,,For Profit,,"Apps, Commerce and Shopping, Community and Lifestyle, Consumer Goods, Data and Analytics, Design, Hardware, Information Technology, Other, Professional Services, Real Estate, Software",51-100,Mitsubishi Corporation,1,Seed
Delman,https://www.crunchbase.com/organization/delman,,"Analytics, Big Data, Data Management, Software","Jakarta, Jakarta Raya, Indonesia",Delman is a big data management and analytics provider.,"96,936",https://delman.io/,https://www.linkedin.com/company/delman-io,,,For Profit,,"Data and Analytics, Software",11-50,"Intudo Ventures, Qlue, Prasetia Dwidharma",1,Seed
NeoNesia,https://www.crunchbase.com/organization/neonesia-ezyload,,"B2B, E-Commerce, Retail","Jakarta, Jakarta Raya, Indonesia",NeoNesia is a marketplace and SaaS company for SMEs selling and buying prepaid top-ups in Indonesia.,"97,247",https://www.neonesia.net/,https://www.linkedin.com/company/kepooid,https://www.facebook.com/kepooindonesia,,For Profit,,"Commerce and Shopping, Other",1-10,"Primer Sazze Partners, Yuanta Investment, Magellan Technology Investment, HB Investment, KIWOOM SECURITIES",3,Early Stage Venture
Maha Karta,https://www.crunchbase.com/organization/maha-karta,,"Art, Collectibles, Furniture, Home Decor, Manufacturing, Recycling, Waste Management, Wood Processing","Yogyakarta, Yogyakarta, Indonesia","Circular green technology and e-waste management. Award-winning innovation (European Union, 2016).","97,259",,,,,For Profit,,"Commerce and Shopping, Consumer Goods, Manufacturing, Media and Entertainment, Real Estate, Sustainability",11-50,"European Union, Prima Zarira Muslimah",3,Seed
Tunas Farm,https://www.crunchbase.com/organization/tunas-farm,,"Agriculture, Farming, Horticulture, Hydroponics, Information Technology, Internet of Things","Tangerang, Jawa Barat, Indonesia",Tunas Farm is an agritech company.Integrated urban farming solutions thru automation & controlled environment,"97,413",https://tunasfarm.id,https://www.linkedin.com/company/tunas-farm/,https://www.facebook.com/tunasfarmindo,,For Profit,,"Agriculture and Farming, Information Technology, Internet Services",11-50,Gayo Capital,1,Seed
Open Labs (Brand Aggregator),https://www.crunchbase.com/organization/open-labs-brand-aggregator,,"Digital Marketing, Logistics, Supply Chain Management","Jakarta, Jakarta Raya, Indonesia",Open Labs (Brand Aggregator) provide operational support to brands it invests in and help them grow.,"97,564",https://openlabs.id/,https://www.linkedin.com/company/openlabsid/,,,For Profit,,"Sales and Marketing, Transportation",11-50,,,
Notti Pet Food,https://www.crunchbase.com/organization/notti-pet-food,,"Food Processing, Pet","Lumpur, Jawa Tengah, Indonesia","Notti Pet Food is committed to enhancing pet nutrition, with expertise in both food science and veterinary research.","97,995",https://nottipetfood.com,https://www.linkedin.com/company/notti-sdn-bhd,https://www.facebook.com/nottipetfood,,For Profit,,"Community and Lifestyle, Food and Beverage",1-10,"500 Global, First Move",1,Seed
Ayoconnect,https://www.crunchbase.com/organization/ayopop,,"B2B, Billing, Developer APIs, Enterprise Software, Financial Services, FinTech, Internet","Jakarta, Jakarta Raya, Indonesia",Southeast Asia's Largest Open Finance API Platform,"98,070",https://www.ayoconnect.id/,https://www.linkedin.com/company/ayoconnect/,,,For Profit,,"Financial Services, Internet Services, Other, Payments, Software",101-250,"Tiger Global Management, Finch Capital, STRIVE, Susquehanna International Group, BRI Ventures",8,
Fit Hub Indonesia,https://www.crunchbase.com/organization/fit-hub-indonesia,,"Health Care, Wellness","Jakarta, Jakarta Raya, Indonesia",Fit Hub Indonesia is a health & wellness company.,"98,107",https://fithub.id/,https://www.linkedin.com/company/fit-hub-id/,,,For Profit,,Health Care,251-500,"Goodwater Capital, East Ventures, Global Founders Capital, Wavemaker Partners, BAce Capital",4,Early Stage Venture
Claude,https://www.crunchbase.com/organization/claude,,"Apparel, E-Commerce, Fashion","Dki Jakarta, Jakarta Raya, Indonesia",Claude is a fashion apparels company for women.,"98,452",https://www.claude.co.id/,https://www.linkedin.com/company/officialclaude/,,,For Profit,,"Clothing and Apparel, Commerce and Shopping, Design",1-10,"CyberAgent Capital, Prima Fund I.",2,Seed
StickEarn,https://www.crunchbase.com/organization/stickearn,,"Advertising, Marketing","Jakarta Pusat, Jakarta Raya, Indonesia",Stickearn connects consumer drivers and brands looking for exposure effectively with their modern approach.,"98,473",https://stickearn.com/,https://www.linkedin.com/company/stickearn/,https://www.facebook.com/stickearn/,,For Profit,,"Advertising, Sales and Marketing",51-100,"East Ventures, Grab, AC Ventures, Agaeti Venture Capital, OVO",2,Early Stage Venture
Genexyz,https://www.crunchbase.com/organization/genexyz,,"Virtual Reality, Web3","Jakarta, Jakarta Raya, Indonesia","GenexyzA is a Creator of metahumans and aggregator of virtual influencer IPs, disrupting the advertising + web3 ecosystem.","99,772",http://www.genexyz.world,https://www.linkedin.com/company/genexyzmetahuman,,https://twitter.com/genexyz_world,For Profit,,"Blockchain and Cryptocurrency, Hardware, Internet Services, Software",11-50,"East Ventures, MDI Ventures, Emtek Group, Future Creative Network, MassiveMusic",2,Seed
Kyoko.finance,https://www.crunchbase.com/organization/kyoko-finance,,Financial Services,"Japan, Jawa Tengah, Indonesia",Kyoko is a cross-chain GameFi NFT lending market for guilds and players.,"100,239",https://www.kyoko.finance/#/,,,https://twitter.com/kyokofinance,For Profit,,Financial Services,11-50,"NGC Ventures, Animoca Brands, Cherubic Ventures, Yield Guild Games Southeast Asia, BlockchainSpace",1,Seed
Komida,https://www.crunchbase.com/organization/komida-cooperative-mitra-dhuafa,,"Financial Services, Lending, Training","Jakarta, Jakarta Raya, Indonesia",Komida is a savings and loan cooperative that offers financial assistance in the form of savings and loan services to members.,"100,496",https://mitradhuafa.com,https://www.linkedin.com/company/ksp-mitra-dhuafa-komida/,https://www.facebook.com/komidaofficial/,https://twitter.com/komidaofficial/,For Profit,,"Education, Financial Services",1001-5000,Belgian Investment Company for Developing Countries,1,
NAMA Beauty,https://www.crunchbase.com/organization/nama-beauty,,"Beauty, Cosmetics","Jakarta, Jakarta Raya, Indonesia","NAMA Beauty is a direct-to-consumer brand that offers cosmetics, skincare, and beauty products.","101,101",https://namabeauty.co,https://www.linkedin.com/in/nama-beauty,,,For Profit,,Consumer Goods,51-100,"AC Ventures, Sicepat Express, Digital Mediatama Maxima",1,Seed
Koltiva,https://www.crunchbase.com/organization/pt-cultivate,,"B2B, CRM, Enterprise Resource Planning (ERP), Information Technology, Software","Jakarta, Jakarta Raya, Indonesia",Koltiva is an information technology and software consulting firm providing tailored IT solutions and agri-tech services.,"101,566",https://koltiva.com/,https://www.linkedin.com/company/pt-koltiva/,https://www.facebook.com/koltiva.id,,For Profit,,"Information Technology, Other, Sales and Marketing, Software",501-1000,"AC Ventures, Silverstrand Capital, The Meloy Fund, Blue7, Development Finance Asia",2,Early Stage Venture
Brightcollar,https://www.crunchbase.com/organization/brightcollar,,"Human Resources, Information Technology","Jakarta, Jakarta Raya, Indonesia",Future of Workforce Management Solution,"102,408",https://brightcollar.id/,https://www.linkedin.com/company/brightcollar/,,,For Profit,,"Administrative Services, Information Technology",11-50,Antler,1,Seed
Champ Resto,https://www.crunchbase.com/organization/champ-resto,,"Food and Beverage, Food Processing, Restaurants","Jakarta, Jakarta Raya, Indonesia",Champ Resto is a restaurant chain company thta specializes in multicultural cuisines.,"103,042",https://www.champ-group.com,https://www.linkedin.com/company/pt-champ-resto-indonesia/,,,For Profit,,Food and Beverage,1001-5000,,,M&A
Mindtera,https://www.crunchbase.com/organization/mindtera,,"EdTech, Education","Jakarta, Jakarta Raya, Indonesia",Mindtera is a personal growth learning platform focuses on multiple intelligences education through life coaching approach.,"103,289",https://www.mindtera.com/,https://www.linkedin.com/company/71606369/,https://www.facebook.com/search/top?q=mindtera,,For Profit,,"Education, Software",11-50,"Hustle Fund, Seedstars, East Ventures, Google for Startups, Henry Hendrawan",4,Seed
Ternakin,https://www.crunchbase.com/organization/ternakin,,"Aquaculture, Information Technology","Jakarta, Jakarta Raya, Indonesia",Hyperlocal fish farm operator for sustainable fish farming practice,"103,694",https://ternakin.co/en,https://www.linkedin.com/company/ternakinco/about/,,,For Profit,,"Agriculture and Farming, Information Technology",11-50,Antler,1,Seed
Kata.ai,https://www.crunchbase.com/organization/kata,,"Artificial Intelligence (AI), Chatbot, Machine Learning, Natural Language Processing, PaaS, SaaS","Jakarta, Jakarta Raya, Indonesia","Kata.ai is a Conversational Artificial Intelligence company, providing the ultimate toolset for developers to build sophisticated chatbots.","103,975",http://kata.ai/,https://www.linkedin.com/company/kata-ai/,https://www.facebook.com/katadotai/,https://twitter.com/katadotai,For Profit,,"Artificial Intelligence (AI), Data and Analytics, Science and Engineering, Software",51-100,"500 Global, MDI Ventures, Spiral Ventures, AC Ventures, Access Ventures",3,Early Stage Venture
Aido Health,https://www.crunchbase.com/organization/aido-health,,"Health Care, Home Health Care, Information Technology, InsurTech, Wellness","Jakarta, Jakarta Raya, Indonesia","Aido Health is a digital health platform company that provides online consultation, palliative care, and nasogastric services.","104,396",https://aido.id,https://linkedin.com/company/aido-health-indonesia,https://www.facebook.com/aidohealth/,,For Profit,,"Financial Services, Health Care, Information Technology",11-50,,1,Seed
JayJay,https://www.crunchbase.com/organization/jayjay-916d,,"E-Learning, Education, Higher Education, Information Technology","Jakarta, Jakarta Raya, Indonesia",JayJay is an innovative educational institution that provides online courses and comprehensive career programs in IT.,"104,516",https://jayjay.co/,https://www.linkedin.com/company/jay-jay/,,,For Profit,,"Education, Information Technology, Software",51-100,Jooble Venture Lab,1,Seed
Lenna.ai,https://www.crunchbase.com/organization/sd-technologies,,"Artificial Intelligence (AI), Machine Learning, Virtual Assistant","Tangerang, Jawa Barat, Indonesia",Lenna.ai is a customer-centric AI company that specializes in innovative AI Powered Customer Support Platform for individual and enterprise.,"104,577",https://Lenna.ai/,https://www.linkedin.com/company/lenna/,https://www.facebook.com/lennaindonesia/,,For Profit,,"Artificial Intelligence (AI), Data and Analytics, Science and Engineering, Software",11-50,,2,Seed
Green Butcher,https://www.crunchbase.com/organization/green-butcher,,Food and Beverage,"Jakarta, Jakarta Raya, Indonesia",Green Butcher operates as a plant-based eatery chain.,"105,930",https://greenbutcherfoods.com/,,,,For Profit,,Food and Beverage,,"Unovis Asset Management, AgFunder, C4D Partners, Teja Ventures, Ango Ventures",3,
Mad For Makeup,https://www.crunchbase.com/organization/mad-for-makeup,,"Beauty, Cosmetics","Jakarta, Jakarta Raya, Indonesia",Co-created Acne Safe Beauty,"106,114",https://madformakeup.co,https://www.linkedin.com/company/madverse/,,,For Profit,,Consumer Goods,11-50,Teja Ventures,1,Seed
GreatDay HR,https://www.crunchbase.com/organization/greatday-hr,,"Mobile, SaaS, Software","Jakarta, Jakarta Raya, Indonesia","Mobile Human Resource Management for employee data, attendance tracking, benefits, payroll, and engagement","106,115",https://www.greatdayhr.com,https://www.linkedin.com/company/greatdayhr/,https://www.facebook.com/greatday.hr/,https://twitter.com/greatday_hr,For Profit,,"Mobile, Software",101-250,Otium Capital,1,Seed
Member.id,https://www.crunchbase.com/organization/member-id,,Travel,"Jakarta, Jakarta Raya, Indonesia",They are avid travelers and consumers.,"107,662",http://member.id/,https://www.linkedin.com/company-beta/13284098/,https://www.facebook.com/memberidglobal,,For Profit,,Travel and Tourism,1-10,"East Ventures, Traveloka, Benson Creativestment, ACE Capital, InvestIdea Ventures",3,Early Stage Venture
Eureka,https://www.crunchbase.com/organization/eureka-bf81,,"Analytics, Artificial Intelligence (AI), Big Data, Machine Learning","Jakarta, Jakarta Raya, Indonesia","Eureka is an information technology company that specializes in data analytics, big data, and artificial intelligence.","107,689",https://eureka.ai/,https://www.linkedin.com/company/eureka-analytics-pt,https://www.facebook.com/pg/team.eureka.analytics/,https://twitter.com/EurekaAI1,For Profit,,"Artificial Intelligence (AI), Data and Analytics, Science and Engineering, Software",51-100,"Apis Partners, Gobi Partners, Mars Growth Capital, GDP Venture, PacificBridge Asset Management",2,
GoTo Group,https://www.crunchbase.com/organization/goto-group,,"Delivery Service, Health Care, Information Technology, Same Day Delivery","Jakarta, Jakarta Raya, Indonesia","GoTo Group offers a digital ecosystem for on-demand services, e-commerce, fintech, and logistics.","107,807",https://www.gotocompany.com,https://www.linkedin.com/company/gotogroup,,,For Profit,,"Health Care, Information Technology, Transportation",10001+,"Temasek Holdings, International Finance Corporation, Google, Tencent, Abu Dhabi Investment Authority",2,IPO
McEasy,https://www.crunchbase.com/organization/mceasy,,"Fleet Management, Logistics, SaaS, Software, Supply Chain Management, Transportation","Surabaya, Jawa Timur, Indonesia",McEasy is a software-as-a-service (SaaS) provider for logistics vehicle management and tracking.,"108,162",https://www.mceasy.co.id/,https://www.linkedin.com/company/mceasy/,https://www.facebook.com/mceasy.id,,For Profit,,"Software, Transportation",251-500,"East Ventures, Granite Asia",3,Early Stage Venture
Esensi Solusi Buana,https://www.crunchbase.com/organization/esensi-solusi-buana,,"Information Technology, Restaurants","Tangerang, Jawa Barat, Indonesia",Esensi Solusi Buana is the first restaurant technology in Indonesia with the most complete solution under ONE integrated platform.,"108,808",https://esb.co.id/,https://id.linkedin.com/company/pt-esensi-solusi-buana,,,For Profit,,"Food and Beverage, Information Technology",251-500,"Alpha JWC Ventures, Northstar Group, BEENEXT, AC Ventures, Vulcan Capital",5,Early Stage Venture
Nexmedis,https://www.crunchbase.com/organization/nexmedis,,"Artificial Intelligence (AI), Health Care, Health Diagnostics, SaaS","Jakarta Pusat, Jakarta Raya, Indonesia",The GPT of Healthcare,"109,053",https://nexmedis.com,https://www.linkedin.com/company/nexmedis,,,For Profit,,"Artificial Intelligence (AI), Data and Analytics, Health Care, Science and Engineering, Software",11-50,"East Ventures, Forge Ventures, Startup Studio Indonesia",2,Seed
Carepedia,https://www.crunchbase.com/organization/carepedia,,"Information Services, Information Technology, Management Information Systems","Jakarta, Jakarta Raya, Indonesia",Carepedia is a management system that helps merchants to manage their entire operations.,"109,209",https://www.carepedia.co/,https://www.linkedin.com/company/carepedia/,,,For Profit,,Information Technology,1-10,Antler,1,Seed
Tanamduit,https://www.crunchbase.com/organization/tanamduit,,Financial Services,"Dki Jakarta, Jakarta Raya, Indonesia",Tanamduit is a digital platform that helps customer comprehensively in financial planning.,"109,501",https://id.tanamduit.com,https://www.linkedin.com/company/tanamduit/,,,For Profit,,Financial Services,11-50,RND Capital,1,Seed
Tanaku,https://www.crunchbase.com/organization/tanaku,,"Construction, Property Management, Real Estate, Rental Property","Jakarta, Jakarta Raya, Indonesia","Tanaku is a real estate firm that specializes in property development, real estate sales, and short-term rental homes.","109,692",https://tanaku.co/,https://www.linkedin.com/company/tanaku/,https://www.facebook.com/tanakuid/,https://mobile.twitter.com/tanaku_id,For Profit,,Real Estate,11-50,East Ventures,2,Seed
Visinema,https://www.crunchbase.com/organization/visinema,,"Film, Media and Entertainment","Jakarta, Jakarta Raya, Indonesia",Visinema operates as an entertainment and IP development company.,"109,862",https://visinema.co/,https://www.linkedin.com/company/visinema-pictures,https://www.facebook.com/VisinemaID,https://twitter.com/visinemaid,For Profit,,"Media and Entertainment, Video",11-50,"Intudo Ventures, GDP Venture, Ancora",1,Early Stage Venture
Little Joy Indonesia,https://www.crunchbase.com/organization/little-joy-indonesia,,Consumer Goods,"Kedoya Selatan, Jakarta Raya, Indonesia",Little Joy Indonesia provide transparency and targeted data-driven decision making in sourcing and production.,"110,827",https://littlejoy.id/,https://www.linkedin.com/company/little-joy-indonesia,,,For Profit,,Consumer Goods,11-50,BRI Ventures,2,Early Stage Venture
Finfleet,https://www.crunchbase.com/organization/finfleet,,"Finance, Financial Services, Fleet Management, Information Services, Information Technology, Logistics","Jakarta, Jakarta Raya, Indonesia",Finfleet is a logistics financial services company located in Jakarta.,"111,707",http://finfleet.id/,https://www.linkedin.com/company/finfleet/,,,For Profit,,"Financial Services, Information Technology, Transportation",101-250,"Kejora Capital, Asiantrust Capital Partners, XL Axiata Tbk, Fatima Gobi Ventures, Skystar Ventures",1,
Akar,https://www.crunchbase.com/organization/akar,,"Agriculture, AgTech, Farming","Jakarta, Jakarta Raya, Indonesia","Akar is a hyperlocal indoor vertical farming solution that helps provide high-quality produce of leafy greens, herbs, and edible flowers.","111,873",https://akar.farm,https://www.linkedin.com/company/akarfarm,,,For Profit,,Agriculture and Farming,1-10,Antler,1,Seed
Radana Bhaskara Finance,https://www.crunchbase.com/organization/radana-bhaskara-finance,,"Finance, Financial Services, FinTech, Leasing","Pinggirrawa Barat, Jakarta Raya, Indonesia",Radana Finance is an Indonesia-based company engaged in motorcycle financing and multipurpose financing.,"111,971",http://radanafinance.co.id/,https://www.linkedin.com/company/radana-finance/,https://www.facebook.com/radanafinance,https://twitter.com/radanafinance,For Profit,,Financial Services,101-250,International Finance Corporation,1,
Grupin,https://www.crunchbase.com/organization/grupin,,"E-Commerce, Retail, Shopping","Kebayoran Baru, Jakarta Raya, Indonesia","Grupin is a social commerce platform offering an interactive, community-based shopping experience to consumers.","111,972",https://www.grupin.com/,https://www.linkedin.com/company/grupin/,https://www.facebook.com/grupinindonesia,,For Profit,,Commerce and Shopping,11-50,"East Ventures, Skystar Capital, Surge",2,Seed
Pahamify,https://www.crunchbase.com/organization/pahamify,,"E-Learning, Education","Bogor, Jawa Barat, Indonesia",Pahamify is a EdTech Startup with a vision to create education super app that provides high quality content.,"111,988",https://pahamify.com/,https://www.linkedin.com/company/pahamify,https://www.facebook.com/pahamify,https://twitter.com/pahamify,For Profit,,"Education, Software",251-500,"Y Combinator, Insignia Ventures Partners, Shunwei Capital, Wah Hin & Co.",2,Early Stage Venture
Bakool,https://www.crunchbase.com/organization/bakool,,"Food Delivery, Information Technology, Internet","Semarang, Jawa Barat, Indonesia",Bakool is an app for online food delivery.,"112,065",https://bakool.id,https://www.linkedin.com/company/bakool,https://www.facebook.com/bakoolapp.id,,For Profit,,"Food and Beverage, Information Technology, Internet Services, Transportation",101-250,"Y Combinator, Goodwater Capital, Global Brain Corporation, Kleiner Perkins, Insignia Ventures Partners",2,Seed
BION ERP,https://www.crunchbase.com/organization/bion-erp,,"Consulting, Enterprise Resource Planning (ERP), Information Technology","Kembangan, Jakarta Raya, Indonesia","BION ERP provides ERP implementation, IT consulting, and business process improvement services.","112,211",https://bionerp.com,https://www.linkedin.com/company/bion-erp,https://www.facebook.com/profile.php?id=100089747601464,,For Profit,,"Information Technology, Professional Services, Software",51-100,,1,Seed
Brambang.com,https://www.crunchbase.com/organization/brambang-com,,"Delivery Service, Internet","Jakarta, Jakarta Raya, Indonesia",Brambang.com delivers fresh food and groceries throughout the Greater Jakarta Area.,"112,288",https://www.brambang.com,https://www.linkedin.com/company/13299732/,https://www.facebook.com/brambangcom-1721424091482872,,For Profit,,"Internet Services, Transportation",51-100,Dustin Haliman,1,Seed
Konstruksi.AI,https://www.crunchbase.com/organization/konstruksi-ai,,,"Jakarta, Jakarta Raya, Indonesia","Transforming construction inspection with AI for precise, efficient results, elevating projects with quality and compliance","112,549",https://www.konstruksi.ai/,https://www.linkedin.com/company/konstruksi-ai/about/,,,,,,1-10,Antler,1,Seed
Rams Casa,https://www.crunchbase.com/organization/ram-s-casa,,"B2B, B2C, Housekeeping Service, Information Technology, Property Management, Software","Tangerang, Jawa Barat, Indonesia",Rams Casa adalah pionir layanan jasa dalam mengatasi permasalahan rumahmu.,"112,570",https://wa.me/ramscasa,https://www.linkedin.com/company/rams-casa/about/?viewAsMember=true,https://www.facebook.com/profile.php?viewas=100000686899395&id=61553399854250,,For Profit,,"Administrative Services, Information Technology, Other, Real Estate, Software",11-50,Rams Capital,2,Private Equity
Coalignment,https://www.crunchbase.com/organization/coalignment,,Artificial Intelligence (AI),"Yogyakarta, Yogyakarta, Indonesia",Coalignment is an independent research lab aligning AI with human preferences.,"112,952",https://coalignment.com,https://linkedin.com/company/coalignment,,,For Profit,,"Artificial Intelligence (AI), Data and Analytics, Science and Engineering, Software",1-10,,1,Seed
PT Adiwisista Finansial Teknologi,https://www.crunchbase.com/organization/pt-adiwisista-financial-teknologi,,"Finance, Financial Services, FinTech","Jakarta, Jakarta Raya, Indonesia","PT Adiwisista Finansial Teknologi offers financial services with a tech-driven approach, licensed by Indonesia FSA, branded as Danai.id.","113,449",https://www.danai.id,https://www.linkedin.com/company/14546761,,,For Profit,,Financial Services,51-100,Luminor Capital,2,Early Stage Venture
PT IDStar Cipta Teknologi,https://www.crunchbase.com/organization/idstar,,"Consulting, Information Technology, Mobile, Outsourcing, Robotic Process Automation (RPA), Software","Jakarta, Jakarta Raya, Indonesia",Business Transformation Services (IT Consultant and Automation Provider),"113,572",https://www.idstar.co.id,https://www.linkedin.com/company/pt-idstar-cipta-teknologi/,https://web.facebook.com/idstar.id/,,For Profit,,"Artificial Intelligence (AI), Information Technology, Mobile, Professional Services, Software",251-500,,1,Seed
Rankpillar,https://www.crunchbase.com/organization/rankpillar,,"Advertising, Consulting, Digital Marketing, Marketing","Jakarta, Jakarta Raya, Indonesia",Enterprise Marketing Lab,"113,679",https://rankpillar.com/,https://www.linkedin.com/company/14686513/,,,For Profit,,"Advertising, Professional Services, Sales and Marketing",11-50,,2,
aviana,https://www.crunchbase.com/organization/aviana,,"IT Infrastructure, IT Management, Software","Denpasar, Bali, Indonesia",Aviana is an IT-based firm that deals with software development and cloud-based services for businesses.,"113,825",https://aviana.co.id/,,,,For Profit,,"Information Technology, Software",1-10,,,IPO
Kurio,https://www.crunchbase.com/organization/kurio,,"Apps, Audio, Content, Content Creators, Content Syndication, Mobile, Mobile Advertising, News","Dki Jakarta, Jakarta Raya, Indonesia","Kurio is a smart news app, aggregates news and media content into a single app","113,939",https://kurio.id/,https://www.linkedin.com/company/kurio/,http://www.facebook.com/KurioApps,http://twitter.com/KurioID,For Profit,,"Advertising, Apps, Content and Publishing, Media and Entertainment, Mobile, Music and Audio, Sales and Marketing, Software",101-250,"CyberAgent Capital, Gunosy",2,Early Stage Venture
Aigis,https://www.crunchbase.com/organization/aigis-05b1,,"Health Care, Information Services, Information Technology","Jakarta, Jakarta Raya, Indonesia",Aigis provide full stack comprehensive employee health benefits in one easy-to-manage platform.,"114,375",https://www.aigis.id/,https://www.linkedin.com/company/aigis-id/,,,For Profit,,"Health Care, Information Technology",1-10,"Y Combinator, Goodwater Capital, Init 6, Quek Siu Rui, Robin Tan",1,Seed
BJTech,https://www.crunchbase.com/organization/bjtech,,"Apps, Artificial Intelligence (AI), B2B, Customer Service, Information Services, Information Technology, Marketing, Natural Language Processing, Virtual Assistant","Jakarta, Jakarta Raya, Indonesia",Artificial Intelligence conversation platform designed for SMEs and Businesses who want to enhance their customer care experience,"114,763",https://balesin.id/,https://www.linkedin.com/company/pt-jualan-online-indonesia/,https://www.facebook.com/bangjonibot/,https://twitter.com/bangjoniid,For Profit,,"Apps, Artificial Intelligence (AI), Data and Analytics, Information Technology, Other, Professional Services, Sales and Marketing, Science and Engineering, Software",11-50,"GDP Venture, Stellar Kapital, Muhammad Fitno",2,Seed
Yuna & Co.,https://www.crunchbase.com/organization/yuna-co,,"B2C, Consulting, Direct Sales, E-Commerce, Fashion","Jakarta, Jakarta Raya, Indonesia",D2C brand Incubator and Consolidator for the women of tomorrow in SouthEast Asia driven by Data-Driven CRM to manage the ecosystem.,"114,863",https://www.helloyuna.io/,https://www.linkedin.com/company/yunaandco,https://x.facebook.com/yunaandco/,,For Profit,,"Clothing and Apparel, Commerce and Shopping, Design, Other, Professional Services, Sales and Marketing",11-50,"SOSV, Prasetia Dwidharma, EverHaüs, FarSight Capital",2,Seed
Goola,https://www.crunchbase.com/organization/goola,,Food and Beverage,"Jakarta, Jakarta Raya, Indonesia",Goola is a food and beverage startup.,"114,944",http://www.drinkgoola.com/,https://id.linkedin.com/company/semanisgoola?trk=public_profile_topcard_current_company,https://d.facebook.com/Goola-Drinks-284978982091578/,,For Profit,,Food and Beverage,11-50,Alpha JWC Ventures,1,
Selleri,https://www.crunchbase.com/organization/selleri,,"E-Commerce, Information Technology, Software","Jakarta, Jakarta Raya, Indonesia","Mobile App, Social Commerce","115,683",https://selleri.id/,https://www.linkedin.com/company/toko-ok/mycompany/,https://www.facebook.com/Selleri.Indonesia,,For Profit,,"Commerce and Shopping, Information Technology, Software",11-50,"Arkblu Capital, Kejora-SBI Orbit",3,Seed
Warung Pintar,https://www.crunchbase.com/organization/warung-pintar,,"Analytics, Commercial, Communities, Information Technology, Retail, Retail Technology, Security, Software","Jakarta, Jakarta Raya, Indonesia",Warung Pintar is a micro retail technology company.,"116,004",https://warungpintar.co.id,https://www.linkedin.com/company/warungpintar/,https://www.facebook.com/Warung-Pintar-435271646888678/,https://twitter.com/warungpintarco,For Profit,,"Commerce and Shopping, Community and Lifestyle, Data and Analytics, Hardware, Information Technology, Other, Privacy and Security, Software",101-250,"Vertex Ventures, Insignia Ventures Partners, East Ventures, Vertex Ventures Southeast Asia & India, Pavilion Capital",4,M&A
Datanest,https://www.crunchbase.com/organization/datanest,,"Artificial Intelligence (AI), Big Data, Machine Learning, SaaS, Sales Automation, Software","Dki Jakarta, Jakarta Raya, Indonesia",Data Science as a Service startup providing with AI-based API for Enterprises.,"116,140",https://Datanest.io,https://www.linkedin.com/company/datanest,https://www.facebook.com/pg/datanest.io/,https://twitter.com/datanest_io/,For Profit,,"Artificial Intelligence (AI), Data and Analytics, Information Technology, Sales and Marketing, Science and Engineering, Software",11-50,"Gan Kapital, Accelerating Asia, GK-Plug and Play Indonesia",2,Seed
Chandra Asri,https://www.crunchbase.com/organization/chandra-asri,,"Chemical, Manufacturing","Jakarta, Jakarta Raya, Indonesia","Chandra Asri is a petrochemical company that produces olefins, pygas, mixed C4, and polyolefins.","116,246",http://chandra-asri.com/,https://www.linkedin.com/company/pt-chandra-asri/,https://www.facebook.com/chandraasripetrochemicalofficial/,https://twitter.com/ChandraasriID,For Profit,,"Manufacturing, Science and Engineering",5001-10000,Electricity Generating Public Company,2,IPO
Rekava,https://www.crunchbase.com/organization/rekava-buid,,"SaaS, Software, Software Engineering","Grogolpetamburan, Jakarta Raya, Indonesia",Rekava is a startup company developing engineering and design software,"116,333",https://rekava.build,https://www.linkedin.com/company/rekavabuild,,,For Profit,,"Science and Engineering, Software",11-50,Antler,1,Seed
HealthPro,https://www.crunchbase.com/organization/healthpro-dda2,,"Health Care, Human Resources, Outsourcing, Service Industry","Kedoya Selatan, Jakarta Raya, Indonesia",Healthpro is a platform that connects healthcare workers and healthcare facilities.,"116,415",https://www.healthpro.id/,https://www.linkedin.com/company/healthproid/,https://www.facebook.com/Healthproid,,For Profit,,"Administrative Services, Health Care, Other, Professional Services",1-10,"Antler, Accelerating Asia, Startup Studio Indonesia",3,Seed
FranchiseOne,https://www.crunchbase.com/organization/franchiseone,,"Information Technology, Internet, Management Consulting","Jakarta, Jakarta Raya, Indonesia","FranchiseOne offers a platform for franchising, including inventory, promotions, and finance, to drive growth and streamline operations.","116,456",https://franchise.one/,https://www.linkedin.com/company/franchise-one/,,,For Profit,,"Information Technology, Internet Services, Professional Services",1-10,Antler,1,Seed
Itemku,https://www.crunchbase.com/organization/itemku,,"E-Commerce, Marketplace, Online Portals","Jakarta, Jakarta Raya, Indonesia",Itemku is an online marketplace for game-related digital products.,"116,463",https://itemku.com/,,https://www.facebook.com/itemku,,For Profit,,"Commerce and Shopping, Internet Services",101-250,"BonAngels Venture Partners, 500 Startups Korea",1,M&A
Indosat Ooredoo Hutchison,https://www.crunchbase.com/organization/indosat-ooredoo-hutchison,,Telecommunications,"Jakarta Pusat, Jakarta Raya, Indonesia",Indosat Ooredoo Hutchison provides digital telecommunications and internet services.,"116,864",https://ioh.co.id,https://www.linkedin.com/company/indosat,https://www.facebook.com/indosat,https://twitter.com/indosat,For Profit,,Hardware,1001-5000,,,
Kehamilan Sehat Sejahtera,https://www.crunchbase.com/organization/kehamilan-sehat-sejahtera,,Health Care,"Jakarta, Jakarta Raya, Indonesia",Maternity and Pediatric Clinic,"117,053",https://kehamilansehat.com/en/,,,,For Profit,,Health Care,251-500,Salt Ventures,2,Seed
Majoo,https://www.crunchbase.com/organization/majoo,,"Apps, Business Development, SaaS, Small and Medium Businesses, Software","Jakarta, Jakarta Raya, Indonesia",Majoo is a business Software-as-a-Service provider for small and medium-sized enterprises solutions.,"117,246",https://www.majoo.id/,https://www.linkedin.com/company/majoo-indonesia/,https://www.facebook.com/revolusimajoo,https://twitter.com/MajooIndonesia,For Profit,,"Apps, Other, Professional Services, Software",501-1000,"Quona Capital, AC Ventures, Xendit, BRI Ventures, Hedosophia",4,Early Stage Venture
Jago,https://www.crunchbase.com/organization/bank-artos,,"Banking, Financial Services","Jakarta, Jakarta Raya, Indonesia",Jago provides banking and financial services.,"118,554",https://www.jago.com/,https://www.linkedin.com/company/pt-bank-jago-tbk/,,https://twitter.com/jadijago,For Profit,,"Financial Services, Lending and Investments",251-500,"Ribbit Capital, Gojek",2,IPO
Loop,https://www.crunchbase.com/organization/loop-5923,,"Diabetes, Lifestyle, Mobile Apps, Personal Health","Jakarta, Jakarta Raya, Indonesia","Loop is a diabetes management mobile application that provides digital lifestyle coaching, management, and monitoring facilities.","118,877",https://loophealth.id,https://www.linkedin.com/company/loop-health-indonesia,,,For Profit,,"Apps, Community and Lifestyle, Health Care, Mobile, Software",11-50,Antler,1,Seed
FairFlavor Foods,https://www.crunchbase.com/organization/fairflavor,,"Food and Beverage, Food Processing","Jakarta, Jakarta Raya, Indonesia",FairFlavor develops nutritious vegan alternative dairy food made of a super nut from Indonesia using a patented fermentation technology,"119,283",http://www.nthwonder.com/,https://www.linkedin.com/company/fairflavor/,,,For Profit,,Food and Beverage,1-10,"Brinc, Artesian VC, Artesian Investment",2,Seed
"PT Widodo Makmur Perkasa, Tbk",https://www.crunchbase.com/organization/pt-widodo-makmur-perkasa-tbk,,"Agriculture, Consumer Goods, Food and Beverage, Food Processing","Jakarta, Jakarta Raya, Indonesia","PT Widodo Makmur Perkasa, Tbk is engaged in the consumer goods and agricultural commodities sector.","119,658",https://widodomakmurperkasa.co.id/,https://www.linkedin.com/company/pt-wmp-group,,,For Profit,,"Agriculture and Farming, Consumer Goods, Food and Beverage",1001-5000,LDA Capital,1,IPO
Sei Balai Green Energy,https://www.crunchbase.com/organization/sei-balai-green-energy,,Renewable Energy,"Jakarta, Jakarta Raya, Indonesia",Development of Tapioca Starch Processing Plant on the island of North Sumatra.,"120,472",https://www.sbge.co.id,,https://www.facebook.com/PTSeiBalaiGreenEnergy,,For Profit,,"Energy, Sustainability",51-100,Aavishkaar Venture Capital,1,
Manuport,https://www.crunchbase.com/organization/manuport,,"B2B, Fashion, Marketplace, Supply Chain Management, Textiles","Jakarta, Jakarta Raya, Indonesia",Manuport develops and operates a digital platform that connects fashion business owners to manufacturers.,"120,646",https://manuport.co,https://www.linkedin.com/company/manuport-id,https://www.facebook.com/manuport.co/,,For Profit,,"Clothing and Apparel, Commerce and Shopping, Design, Manufacturing, Other, Transportation",1-10,Antler,1,Seed
Emtek Group,https://www.crunchbase.com/organization/emtek-group,,"Information Technology, Social Media, Telecommunications","Jakarta, Jakarta Raya, Indonesia","Emtek Group is a modern group of companies with three main business divisions: Media, Telecommunications and IT Solutions, and Connectivity.","120,776",https://www.emtek.co.id,https://www.linkedin.com/company/emtek-group/,,,For Profit,,"Hardware, Information Technology, Internet Services, Media and Entertainment",1001-5000,"Grab, Naver",2,IPO
SafeLog.ai,https://www.crunchbase.com/organization/safelog-ai,,"Human Resources, Recruiting, Staffing Agency","Jakarta, Jakarta Raya, Indonesia",SafeLog.ai is a background screening tool that helps companies to hire right candidates.,"120,828",https://www.safelogai.com/,https://www.linkedin.com/company/safelog-ai/,https://www.facebook.com/profile.php?id=61554678425922,https://twitter.com/safelogAI,For Profit,,"Administrative Services, Professional Services",1-10,Antler,1,Seed
iGrow,https://www.crunchbase.com/organization/igrow,,"Agriculture, Crowdfunding, Impact Investing, Marketplace","Depok, Jawa Barat, Indonesia",iGrow is a scalable organic farm that is funded by urban people from around the world.,"121,984",http://igrow.asia,https://www.linkedin.com/company/igrow-resources-indonesia/,https://www.facebook.com/igrowclub/,https://twitter.com/iGrowAsia,For Profit,,"Agriculture and Farming, Commerce and Shopping, Financial Services, Lending and Investments",101-250,"500 Global, East Ventures, Rekanext, Google Launchpad Accelerator",4,M&A
WLabku,https://www.crunchbase.com/organization/wlabku,,"Animal Feed, Waste Management","Majalengka, Jawa Barat, Indonesia",Waste Management to Animal Feed Stock,"122,517",,https://www.linkedin.com/company/wlabku/about/,,,For Profit,,"Agriculture and Farming, Sustainability",1-10,,2,Seed
Astadava,https://www.crunchbase.com/organization/pt-astadava-bali-wisata,,"Hospitality, Information Technology, Property Management, Travel Agency","Denpasar, Bali, Indonesia",Unlock Exceptional Hospitality Experiences with SmartPro Management and Our Travel Online Platform,"122,832",https://www.astadava.com/,https://www.linkedin.com/company/astadava/,https://www.facebook.com/baliota/,https://twitter.com/astadavabalI,For Profit,,"Information Technology, Real Estate, Travel and Tourism",11-50,,1,Seed
Hatten Bali,https://www.crunchbase.com/organization/hatten-bali,,"Food and Beverage, Food Processing, Wine And Spirits","Sanur, Bali, Indonesia",Hatten Bali is a food processing company that produces and sells grape wines.,"122,902",https://hattenbali.co.id,https://www.linkedin.com/company/pt.-hatten-bali,https://www.facebook.com/hattenwinesbali,,For Profit,,Food and Beverage,51-100,,,IPO
TiinTiin,https://www.crunchbase.com/organization/tiintiin,,"Automotive, Marketplace","Jakarta, Jakarta Raya, Indonesia",TiinTiin is a multi-vertical transactional marketplace for used cars and motorcycles.,"123,499",https://tiintiin.id/,https://www.linkedin.com/company/tiintiin-indonesia,https://www.facebook.com/tiintiin.id,,For Profit,,"Commerce and Shopping, Transportation",11-50,"Amand Ventures, Rolf Monteiro, Luminary Media Nusantara",1,Seed
Nusa Digital Works Technology,https://www.crunchbase.com/organization/teknologi-karya-digital-nusa,,"Information and Communications Technology (ICT), Information Technology, Internet of Things","Jakarta, Jakarta Raya, Indonesia",Nusa Digital Works Technology develops integrated smart cities that utilise ICT and the Internet of Things.,"124,142",https://tkdn.co.id/en,https://www.linkedin.com/company/teknologi-karya-digital-nusa,,,For Profit,,"Information Technology, Internet Services",11-50,,,IPO
N-1 SUPERSEA,https://www.crunchbase.com/organization/n-1-supersea,,"Aerospace, Air Transportation, Manufacturing","Sleman, Yogyakarta, Indonesia","Amphibious aircraft manufacturer that builds a cheap, comfortable, and convenient flight across island","124,306",https://www.n-1supersea.com/,https://www.linkedin.com/company/74363171/admin/,https://web.facebook.com/N1.SuperSea?_rdc=1&_rdr,https://twitter.com/N1_Supersea,For Profit,,"Manufacturing, Science and Engineering, Transportation",11-50,,3,Early Stage Venture
Gelora,https://www.crunchbase.com/organization/gelora,,"Information Technology, Online Portals, Software, Sports","Bandung, Jawa Barat, Indonesia",Gelora enabling sports facility to provide online booking services.,"124,581",https://gelora.id,https://www.linkedin.com/company/geloraid,,,For Profit,,"Information Technology, Internet Services, Software, Sports",11-50,,1,Seed
DiLan,https://www.crunchbase.com/organization/dilan,,"Career Planning, Collaboration, Content Discovery, Education, Health Care, Marketplace, Productivity Tools, SaaS","Yogyakarta, Yogyakarta, Indonesia",Interactive platform for your real-time engagement. #selaluterhubung,"124,592",https://one.dilan.id,https://linkedin.com/company/dilanhq,,,For Profit,,"Commerce and Shopping, Content and Publishing, Education, Health Care, Media and Entertainment, Other, Professional Services, Software",1-10,Randy Aries Saputra,1,Seed
Human Initiative,https://www.crunchbase.com/organization/human-initiative,,"Communities, Humanitarian, Non Profit","Depok, Jawa Barat, Indonesia",Human Initiative conducts programs for social development in education and living conditions.,"125,337",https://human-initiative.org,https://www.linkedin.com/company/humaninitiative,https://www.facebook.com/humaninitiative.id,https://x.com/hum_initiative,,,"Community and Lifestyle, Other, Social Impact",251-500,Citi Foundation,1,
Temanmedia,https://www.crunchbase.com/organization/temanmedia-com,,"Advertising, Consulting, Digital Marketing, Digital Media, Information Technology, Semantic Web, Web Development","Jakarta, Jakarta Raya, Indonesia",Temanmedia is a digital business agency that offers web consulting and internet marketing services for e-commerce and brands.,"125,430",https://www.temanmedia.com,https://www.linkedin.com/company/temanmedia.com/,https://web.facebook.com/temanmediacom/,https://twitter.com/temanmediacom,For Profit,,"Advertising, Information Technology, Internet Services, Media and Entertainment, Professional Services, Sales and Marketing, Software",51-100,8Ventures,1,Seed
Indika Energy,https://www.crunchbase.com/organization/indika-group,,"Energy, Energy Management, Mining, Solar","Jakarta, Jakarta Raya, Indonesia",Indika Energy is an energy company providing customers with integrated energy solutions through its diversified investments.,"125,751",http://www.indikaenergy.co.id,https://www.linkedin.com/company/pt.-indika-energy-tbk./,https://www.facebook.com/indikaresources,https://twitter.com/indikaenergy,For Profit,,"Energy, Natural Resources, Sustainability",501-1000,,1,IPO
Adiwisista,https://www.crunchbase.com/organization/adiwisista-finansial-teknologi,,"Finance, Financial Services","Jakarta, Jakarta Raya, Indonesia",Adiwisista is a financial services firm that offers innovative employee solutions.,"126,041",https://danai.id/,https://www.linkedin.com/company/danai-indonesia/,https://www.facebook.com/danai.indonesia,,For Profit,,Financial Services,11-50,Luminor Financial,1,Seed
Asumsi,https://www.crunchbase.com/organization/asumsi,,"Digital Media, Film, Media and Entertainment, Music","Jakarta, Jakarta Raya, Indonesia",Asumsi is a media and entertainment company located in Jakarta.,"126,188",http://asumsi.co/,https://www.linkedin.com/company/asumsi/,https://www.facebook.com/asumsico/,https://twitter.com/asumsico,For Profit,,"Media and Entertainment, Music and Audio, Video",11-50,East Ventures,2,Seed
IguVerse,https://www.crunchbase.com/organization/iguverse,,"Blockchain, Information Technology","Bali, Jawa Barat, Indonesia",IguVerse is an innovative Play to Earn social-network game which aims to socialize pet owners using Blockchain technologies,"126,594",https://iguverse.com,https://www.linkedin.com/company/iguverse,,https://twitter.com/iguverse,For Profit,,"Blockchain and Cryptocurrency, Information Technology, Other",11-50,,1,Seed
Teroka,https://www.crunchbase.com/organization/teroka,,"E-Commerce, E-Commerce Platforms, Retail","Dki Jakarta, Jakarta Raya, Indonesia",Teroka utilizes a matching algorithm and data-driven ideation that simplifies the process of product and brand creation.,"127,334",https://teroka.id,https://www.linkedin.com/company/teroka,https://www.facebook.com/teroka.id,,For Profit,,"Commerce and Shopping, Internet Services",1-10,Antler,1,Seed
Skuling,https://www.crunchbase.com/organization/skuling,,Education,"Yogyakarta, Yogyakarta, Indonesia","Skuling is a web-based educational platform that leverages gamification to make learning fun, engaging, and accessible for all students.","127,965",https://skuling.id/,https://www.linkedin.com/company/skuling/,,,For Profit,,Education,11-50,ADRA CANADA,1,Seed
J&T Express,https://www.crunchbase.com/organization/j-t-express,,"Courier Service, E-Commerce, Freight Service","Jakarta, Jakarta Raya, Indonesia",J&T Express is a freight service e-commerce company that supports the growth of the e-commerce business.,"128,071",http://jet.co.id/,https://www.linkedin.com/company/pt--global-jet-express-j&t-express-/,,https://twitter.com/jntexpressid,For Profit,,"Administrative Services, Commerce and Shopping, Transportation",10001+,"Hillhouse Investment, Temasek Holdings, HSG, Tencent, EWTP Arabia Capital",5,
Rey.id,https://www.crunchbase.com/organization/rey-id,,"Health Care, Health Diagnostics, Health Insurance, InsurTech","Setiabudi, Jakarta Raya, Indonesia","Rey.id is the dedicated and integrated health, life and critical illness insurtech company.","128,308",https://rey.id,https://www.linkedin.com/company/reyidhealth/about/,https://www.facebook.com/reyhealthid,https://twitter.com/reyidhealth,For Profit,,"Financial Services, Health Care",101-250,"Genesia Ventures, CyberAgent Capital, Startup Studio Indonesia, Trans-Pacific Technology Fund (TPTF), Arthazen Capital",4,Seed
Agrigate,https://www.crunchbase.com/organization/agrigate-b161,,"Agriculture, AgTech, Fashion, Supply Chain Management, Trading Platform","Jakarta, Jakarta Raya, Indonesia",Agrigate develops and creates digital tools that manages data and business processes of the agriculture industry.,"128,443",https://www.agrigate.id,https://www.linkedin.com/company/agrigate-id/,,,For Profit,,"Agriculture and Farming, Clothing and Apparel, Design, Financial Services, Lending and Investments, Transportation",1-10,Antler,1,Seed
INDORIVER,https://www.crunchbase.com/organization/indoriver,,"B2B, E-Commerce, Manufacturing","Jakarta, Jakarta Raya, Indonesia",B2B E-commerce for Manufacturing - All Made in Indonesia.,"129,063",https://www.indoriver.com,,https://www.facebook.com/indoriver,,For Profit,,"Commerce and Shopping, Manufacturing, Other",1-10,,2,Early Stage Venture
TruClimate,https://www.crunchbase.com/organization/truclimate,,"Professional Services, Renewable Energy, Software, Sustainability","Jakarta, Jakarta Raya, Indonesia",Enterprise Carbon Management SaaS offering data-driven decarbonization strategy and easy access to high integrity Carbon Credit Marketplace,"129,102",https://truclimate.earth,https://www.linkedin.com/company/truclimate,,,For Profit,,"Energy, Other, Software, Sustainability",1-10,Antler,1,Seed
Habibi Garden,https://www.crunchbase.com/organization/habibi-garden,,"Farmers Market, Food and Beverage, Food Processing","Jakarta, Jakarta Raya, Indonesia",Habibi Garden is a company in the field of agricultural technology.,"129,376",http://habibigarden.com/,https://www.linkedin.com/company/habibi-garden,,,For Profit,,Food and Beverage,11-50,"Brinc, Artesian VC, Indigo by Telkom Indonesia",2,
PLans,https://www.crunchbase.com/organization/plans-7dfd,,"Health Care, Personal Health, Women's","Jakarta, Jakarta Raya, Indonesia",Plans provides fertility services and helps to plan pregnancy.,"129,709",https://with-plans.com/,,,,For Profit,,"Community and Lifestyle, Health Care",1-10,Antler,1,Seed
Beyond Running,https://www.crunchbase.com/organization/beyond-running,,"Apparel, Fashion, Retail","Kebayoran Baru, Jakarta Raya, Indonesia",Beyond Running is an Indonesian brand that provides performance apparel for athletes,"129,883",https://beyond-running.com/,https://www.linkedin.com/company/beyondrunning/,,,For Profit,,"Clothing and Apparel, Commerce and Shopping, Design",1-10,,1,Seed
Populix,https://www.crunchbase.com/organization/populix,,"Big Data, Database, Enterprise Software, Market Research, SaaS","Jakarta, Jakarta Raya, Indonesia",A consumer insights platform that connects businesses with readily accessible high qualified respondents,"131,120",https://info.populix.co,https://www.linkedin.com/company/populix/,https://www.facebook.com/populix.co,https://twitter.com/populixco,For Profit,,"Data and Analytics, Design, Software",101-250,"Gobi Partners, Intudo Ventures, Pegasus Tech Ventures, Acrew Capital, Altos Ventures",6,Early Stage Venture
Indobamboo,https://www.crunchbase.com/organization/indobamboo,,Furniture,"Klungkung, Bali, Indonesia","Indobamboo has been producing laminated bamboo products in Bali, using bamboo that originates in Flores.","131,237",https://indobamboo.com/,https://www.linkedin.com/company/pt-indobamboo-lestari/,https://www.facebook.com/pages/category/Industrial-Company/PT-Indobamboo-Lestari-474955749226115/,,For Profit,,Consumer Goods,51-100,Dutch Fund for Climate and Development,1,
Outpost,https://www.crunchbase.com/organization/outpost-fb8e,,,"Bali, Jawa Barat, Indonesia","Outpost is a hospitality brand delivering live, work and travel services to a community of remote workers.","131,239",https://destinationoutpost.co,https://www.linkedin.com/company/destination-outpost/,https://www.facebook.com/DestinationOutpost,,For Profit,,,11-50,"EverHaüs, Strypes Holdings, Clarenberg Ventures",1,Seed
PT. WIdodo Makmur Unggas,https://www.crunchbase.com/organization/pt-widodo-makmur-unggas,,"Food and Beverage, Food Processing","Cipayung, Jakarta Raya, Indonesia",PT. WIdodo Makmur Unggas involves in poultry business that supplies animal based food products.,"131,251",http://www.widodomakmurunggas.co.id,,https://www.facebook.com/PT-Widodo-Makmur-Unggas-Tbk-345168863282673/,,For Profit,,Food and Beverage,51-100,,,IPO
Bonza,https://www.crunchbase.com/organization/bonza-56bd,,"Analytics, Big Data","Jakarta, Jakarta Raya, Indonesia",Bonza is an big data analysis startup.,"131,422",https://www.thebonza.com/,https://www.linkedin.com/company/thebonza/,,,For Profit,,Data and Analytics,11-50,"East Ventures, Elev8.VC",2,Seed
Bumame,https://www.crunchbase.com/organization/bumame,,"Health Care, Medical","Jakarta, Jakarta Raya, Indonesia","Bumame provides healthcare services, including medical check-ups, pharmacy products, and COVID-19 testing.","131,835",https://bumame.com,https://www.linkedin.com/company/bumame,https://www.facebook.com/bumamehealth,https://twitter.com/bumamehealth,For Profit,,Health Care,251-500,"500 Global, Alpha JWC Ventures, Kopital Ventures",1,Seed
Eternal,https://www.crunchbase.com/organization/eternal-organizer,,"Advertising Platforms, Communities, E-Commerce, Edutainment, Event Management, Information Technology, Media and Entertainment, Video Games","Bandung, Jawa Barat, Indonesia",Creative Society Organizer Platform,"131,983",https://www.eternalorganizer.com,https://www.linkedin.com/company/eternalorganizer,https://www.facebook.com/eternalorganizer,,For Profit,,"Advertising, Commerce and Shopping, Community and Lifestyle, Education, Events, Gaming, Information Technology, Media and Entertainment",1-10,,2,Seed
KORA,https://www.crunchbase.com/organization/kora-2e4c,,"Agriculture, AgTech, Farming","Bandung, Jawa Barat, Indonesia",Kora focuses on empowering farmers and middlemen by connecting them to the industry through post-harvesting technologies.,"132,293",https://koraagri.com/,https://www.linkedin.com/company/hire-indonesia/,,,For Profit,,Agriculture and Farming,1-10,Antler,1,Seed
Blocknom,https://www.crunchbase.com/organization/blocknom,,"Blockchain, Cryptocurrency, Decentralized Finance (DeFi), FinTech","Jakarta, Jakarta Raya, Indonesia",Blocknom is platform that help people earn stable and high interest from decentralized finance markets in the easiest way,"132,720",https://www.blocknom.com/,https://www.linkedin.com/company/blocknom/,,,For Profit,,"Blockchain and Cryptocurrency, Financial Services, Other, Payments, Software",11-50,"Y Combinator, MAGIC Fund, Number Capital",1,Seed
Karta,https://www.crunchbase.com/organization/pt-karta-indonesia-global,,"Advertising, Apps, Automotive, Information Technology, Marketing, Mobile, Mobile Apps","Jakarta, Jakarta Raya, Indonesia",Karta is an advertising company that offers a digital platform that connects advertisers and motorcycle drivers.,"132,773",https://www.karta.id,https://www.linkedin.com/company/13198001,https://www.facebook.com/KartaIndonesia,,For Profit,,"Advertising, Apps, Information Technology, Mobile, Sales and Marketing, Software, Transportation",101-250,"Gan Kapital, GK-Plug and Play Indonesia",1,Seed
Fresh Factory,https://www.crunchbase.com/organization/fresh-factory,,"B2B, Logistics, Procurement, Warehousing","Jakarta, Jakarta Raya, Indonesia","Fresh Factory is a hyperlocal, cold chain fulfillment, and enabler company.","133,200",https://freshfactory.id/,https://www.linkedin.com/company/freshfactoryid/,https://www.facebook.com/Fresh-Factory-ID-108779127536794,,For Profit,,"Other, Transportation",51-100,"Y Combinator, East Ventures, SBI Ven Capital, Endeavor Indonesia, Prasetia Dwidharma",3,Seed
Sunindo Pratama,https://www.crunchbase.com/organization/sunindo-pratama,,"Energy, Mechanical Engineering, Oil and Gas","Tebet, Jakarta Raya, Indonesia",sunindo group distributes products and services to the oil and gas industries.,"133,353",https://www.sunindogroup.com,https://www.linkedin.com/company/pt-sunindo-pratama,,,For Profit,,"Energy, Natural Resources, Science and Engineering",51-100,,,IPO
KESIA,https://www.crunchbase.com/organization/kesia,,"Electronic Health Record (EHR), Health Care, Hospital, Medical Device, Software","Jakarta, Jakarta Raya, Indonesia",Kesia is an integrated hospital management system that provides end to end solution for healthcare facilities.,"133,410",https://www.kesia.id/,https://www.linkedin.com/company/kesia-id/,,,For Profit,,"Health Care, Software",11-50,,1,Seed
Cashtree,https://www.crunchbase.com/organization/cashtree,,"Advertising, Advertising Platforms, Publishing","Jakarta, Jakarta Raya, Indonesia",Mobile lock screen advertising service,"133,458",http://www.cashtree.id/,https://www.linkedin.com/company/cashtree,https://www.facebook.com/cashtree.id,https://twitter.com/cashtree_id?lang=en,For Profit,,"Advertising, Content and Publishing, Media and Entertainment, Sales and Marketing",11-50,"Kakao Ventures, Korea Investment Partners",1,Early Stage Venture
Otten Coffee,https://www.crunchbase.com/organization/otten-coffee,,"Coffee, E-Commerce, Internet, Wine And Spirits","Medan, Sumatera Utara, Indonesia",Otten Coffee is a coffee online shop (e-commerce) which sells various coffee beans and coffee equipments.,"133,509",http://www.ottencoffee.co.id/,https://www.linkedin.com/company/otten-coffee,https://www.facebook.com/ottencoffeeindonesia,https://twitter.com/ottencoffee,For Profit,,"Commerce and Shopping, Food and Beverage, Internet Services",101-250,"East Ventures, Agaeti Venture Capital, SMDV, Pavillion Capital",1,Early Stage Venture
Mybookr.io,https://www.crunchbase.com/organization/mybookr-io,,"Reservations, SaaS, Tourism, Travel","Bali, Jawa Barat, Indonesia",Mybookr.io is a travel marketplace offering low-commission and white-label booking solutions for tourists.,"133,523",https://www.mybookr.io,https://www.linkedin.com/company/mybookr-io,https://www.facebook.com/profile.php?id=61565481354296,https://x.com/mybookr_io,For Profit,,"Events, Media and Entertainment, Software, Travel and Tourism",1-10,030labs,2,Seed
ASTRNT,https://www.crunchbase.com/organization/astronaut-technologies,,"Computer, Information Technology, Personal Branding, Software","Jakarta, Jakarta Raya, Indonesia","ASTRNT is a software company focussed on video screening, personal branding, and candidate sourcing.","133,625",http://www.astrnt.co/,https://www.linkedin.com/company/astrnt-co,https://www.facebook.com/astrnt.co,,For Profit,,"Consumer Electronics, Hardware, Information Technology, Sales and Marketing, Software",51-100,"Gan Kapital, GK-Plug and Play Indonesia",1,Seed
Refundway,https://www.crunchbase.com/organization/refundway,,"Finance, Financial Services, FinTech","Jakarta, Jakarta Raya, Indonesia",Refundway is a platform designed to facilitate the refund and return process for customers and sellers alike.,"133,916",https://www.refundway.com,https://www.linkedin.com/company/refundway,,,For Profit,,Financial Services,1-10,Antler,1,Seed
touress B2B Travel Commerce,https://www.crunchbase.com/organization/touress-b2b-travel-commerce-3bb8,,"Tour Operator, Tourism, Travel Agency","Kuningan, Jakarta Raya, Indonesia","Touress Global Holidays is a travel company that specializes in destinations across the Middle East, Russia, CIS, Europe, and Asia.","134,610",https://web.touress.com/,,https://www.facebook.com/info.touress,,For Profit,,Travel and Tourism,,FasterCapital,1,Seed
HijUp,https://www.crunchbase.com/organization/hijup-com,,"E-Commerce, Fashion, Graphic Design","Jakarta, Jakarta Raya, Indonesia",HijUp provides wide range of the best products from Indonesian Islamic fashion designers. ,"134,674",http://hijup.com,https://www.linkedin.com/company/hijup-com,http://www.facebook.com/hijupcom,http://twitter.com/hijup,For Profit,,"Clothing and Apparel, Commerce and Shopping, Design",101-250,"500 Global, Pegasus Tech Ventures, Fenox Venture Capital, Emtek Group, Skystar Capital",4,Seed
ITSEC Asia,https://www.crunchbase.com/organization/itsec-asia,,"Cyber Security, Fraud Detection, Information Technology, Intrusion Detection, Network Security, Penetration Testing","Jakarta Pusat, Jakarta Raya, Indonesia","ITSEC Asia delivers cybersecurity solutions, including risk management, compliance, and threat protection for businesses.","134,711",https://www.itsec.asia/,https://www.linkedin.com/company/itsec-asia,,,For Profit,,"Financial Services, Information Technology, Payments, Privacy and Security",251-500,,,IPO
YukStay,https://www.crunchbase.com/organization/yukstay,,"Building Material, E-Commerce, Internet, Marketplace, Real Estate","Jakarta, Jakarta Raya, Indonesia",YukStay is a Real Estate company that helps people to find their desire appartment.,"134,896",https://www.yukstay.com/,https://www.linkedin.com/company/yukstay,https://www.facebook.com/YukStayy,https://twitter.com/YukStay,For Profit,,"Commerce and Shopping, Internet Services, Real Estate",101-250,"Y Combinator, Insignia Ventures Partners",4,M&A
DekatKita,https://www.crunchbase.com/organization/dekatkita,,"Communities, E-Commerce","Jakarta, Jakarta Raya, Indonesia",Commerce Enabler,"135,258",https://dekatkita.co,https://www.linkedin.com/company/dekatkita,,,For Profit,,"Commerce and Shopping, Community and Lifestyle",1-10,,1,Seed
MAPID,https://www.crunchbase.com/organization/mapid,,"Business Intelligence, Data Visualization, Enterprise Software, Geospatial, Information Technology, Internet of Things, Location Based Services, Open Source, SaaS, Software","Bandung, Jawa Barat, Indonesia",Location Insight For Everyone,"135,424",https://mapid.co.id/,https://www.linkedin.com/company/mapidseeit,https://www.facebook.com/mapidseeit,,For Profit,,"Data and Analytics, Design, Information Technology, Internet Services, Navigation and Mapping, Software",11-50,,2,Seed
Anteraja,https://www.crunchbase.com/organization/anteraja,,"Delivery Service, Freight Service, Logistics, Shipping","Setiabudi, Jakarta Raya, Indonesia",Anteraja is a technology-based logistics company that provides courier and delivery services.,"135,643",https://anteraja.id/,https://www.linkedin.com/company/pttab/,https://www.facebook.com/official.anteraja/,https://twitter.com/anteraja_id,For Profit,,Transportation,10001+,"International Finance Corporation, Garibaldi Thohir",2,Seed
LYKE,https://www.crunchbase.com/organization/lyke-3,,"Beauty, E-Commerce, Fashion, Lifestyle, Shopping","Jakarta, Jakarta Raya, Indonesia",LYKE is a fashion discovery app that enables users to find styles using AI-enabled visual recognition technology.,"136,585",http://www.lyke.co.id,https://www.linkedin.com/company/lyke---global-mobile-marketplace-services/,https://www.facebook.com/LykeOfficial/,https://twitter.com/LykeOfficial,For Profit,,"Clothing and Apparel, Commerce and Shopping, Community and Lifestyle, Consumer Goods, Design",11-50,HV Capital,1,M&A
Eateroo,https://www.crunchbase.com/organization/eateroo-a1c1,,"Food and Beverage, Food Delivery, Marketplace","Setiabudi, Jakarta Raya, Indonesia",Eateroo is a digital discovery marketplace for small and medium-sized food and beverage enterprises.,"136,728",https://eateroo.co,https://www.linkedin.com/company/eateroo-co,,,For Profit,,"Commerce and Shopping, Food and Beverage, Transportation",1-10,"Antler, Startup Studio Indonesia, YCAB Ventures",3,Seed
Aisyah Beverages Company (Backed by Microsoft USA HQ),https://www.crunchbase.com/organization/aisyah-beverages-company-sponsored-by-microsoft-us-hq,,"Food and Beverage, Water, Water Purification","Jakarta, Jakarta Raya, Indonesia","Profitable, Provable and Sustainable Startup Company backed by Microsoft corps.","136,764",https://aisyah.company/index.html,https://www.linkedin.com/company/aisyah-beverages-company/,,,For Profit,,"Food and Beverage, Natural Resources, Sustainability",11-50,,1,Seed
Kolase,https://www.crunchbase.com/organization/kolase,,"Crowdfunding, Digital Entertainment, Music, Social","Jakarta, Jakarta Raya, Indonesia",A crowdfunding music platform in Indonesia.,"136,851",http://www.kolase.com/,https://www.linkedin.com/company/kolasedotcom,https://www.facebook.com/kolasedotcom,https://twitter.com/kolasedotcom,For Profit,,"Community and Lifestyle, Financial Services, Media and Entertainment, Music and Audio",11-50,Global Basket Mulia Investama,1,Seed
Ituloh!,https://www.crunchbase.com/organization/eateroo,,"Content Creators, Content Delivery Network, Content Discovery, Content Marketing, E-Commerce, E-Commerce Platforms, Food and Beverage, Lifestyle, Social Shopping","Jakarta, Jakarta Raya, Indonesia",The first video commerce app for Indonesia,"137,671",https://www.ituloh.co/,https://www.linkedin.com/company/ituloh/,,,For Profit,,"Commerce and Shopping, Community and Lifestyle, Content and Publishing, Food and Beverage, Internet Services, Media and Entertainment, Sales and Marketing",11-50,"Goodwater Capital, Antler, East Ventures, Indonesia Women Empowerment Fund",2,
Shooper,https://www.crunchbase.com/organization/shooper,,Information Technology,"Jakarta, Jakarta Raya, Indonesia",A SaaS Retail Tech Consumer Analytics helping users save money at the supermarket and FMCGs with highly-structured Big Data and Engagement,"137,765",https://www.shooper.co.id/,https://www.linkedin.com/company/shooper/?viewAsMember=true,https://www.facebook.com/ShooperApplikasi,,For Profit,,Information Technology,11-50,,1,Seed
Alatté Beauty,https://www.crunchbase.com/organization/alatté-beauty,,"Cosmetics, Lifestyle","Tebet, Jakarta Raya, Indonesia",Alatté Beauty provides cosmetics and personal care services.,"137,988",https://www.alatte-beauty.com,https://www.linkedin.com/company/alatt%C3%A9,https://www.facebook.com/Alatte%CC%81-Beauty-101242681864314,https://twitter.com/alattebeauty,For Profit,,"Community and Lifestyle, Consumer Goods",1-10,Gayo Capital,1,Seed
kora.id,https://www.crunchbase.com/organization/kora-id,,"Agriculture, Business Information Systems, Business Intelligence, Food and Beverage, Information Services","Jakarta, Jakarta Raya, Indonesia",Kora is an end to end supply chain solution for F&B services,"138,154",http://kora.id/,https://www.linkedin.com/company/kora-indonesia,,https://twitter.com/KoraIndonesia,For Profit,,"Agriculture and Farming, Data and Analytics, Food and Beverage, Information Technology",51-100,"Antler, Gibran Huzaifah",2,Seed
FirstSupport,https://www.crunchbase.com/organization/firstsupport,,"Artificial Intelligence (AI), Customer Service, SaaS","Bandung, Jawa Barat, Indonesia",FirstSupport is an AI-powered assistant for customer support that supports agents with automating translation and summarizing conversations.,"138,447",https://firstsupport.ai/,https://www.linkedin.com/company/firstsupport-ai/,,,For Profit,,"Artificial Intelligence (AI), Data and Analytics, Other, Professional Services, Science and Engineering, Software",1-10,Y Combinator,1,Seed
Pundi Pundi,https://www.crunchbase.com/organization/pundi-pundi,,"Billing, Financial Services, Mobile Apps, Payments","Jakarta, Jakarta Raya, Indonesia",Pundi Pundi provides financial service solution that allows virtual credit payments through mobile phone.,"138,685",https://www.pundi-pundi.com,,,,For Profit,,"Apps, Financial Services, Mobile, Payments, Software",101-250,,1,Early Stage Venture
PT Sumber Global Energy,https://www.crunchbase.com/organization/pt-sumber-global-energy-tbk,,"Energy, Mining","Kedoya Selatan, Jakarta Raya, Indonesia","PT Sumber Global Energy is engaged in trading of coal, solid, liquid and gas fuels.","138,721",http://www.sumberglobalenergy.co.id,https://www.linkedin.com/company/pt-sumber-global-energy-tbk,,,For Profit,,"Energy, Natural Resources",11-50,,,IPO
Agri Sparta Indonesia,https://www.crunchbase.com/organization/agri-sparta-indonesia,,"Agriculture, AgTech, Farming","Kedoya Selatan, Jakarta Raya, Indonesia",Agri Sparta is establishing a network of modern farm shops and agricultural input logistics aimed at revolutionizing the farming industry.,"138,859",https://www.agrisparta.com,https://www.linkedin.com/company/agri-sparta-indonesia,,,For Profit,,Agriculture and Farming,1-10,Antler,1,Seed
Bingkai Karya,https://www.crunchbase.com/organization/bingkai-karya,,"Media and Entertainment, TV Production","Malang, Jawa Tengah, Indonesia","Bingkai Karya Podcast media provides educational, inspirational, and trendy chats whereas the Frame Karya.","139,092",https://bingkaikarya.com,https://www.linkedin.com/company/bingkai-karya,,,For Profit,,"Media and Entertainment, Video",11-50,,1,Seed
Mayapada Hospital,https://www.crunchbase.com/organization/mayapada-hospital,,"Health Care, Hospital, Medical","Jakarta, Jakarta Raya, Indonesia","Mayapada Hospital is a hospital that provides diagnosis, therapy, surgery, and rehabilitation services.","139,188",https://mayapadahospital.com,https://www.linkedin.com/company/mayapada-hospital/,https://www.facebook.com/MayapadaHospital/,,For Profit,,Health Care,501-1000,Bain Capital,1,IPO
Indonesia Stock Exchange,https://www.crunchbase.com/organization/indonesia-stock-exchange,,"Finance, Financial Exchanges, Financial Services, Stock Exchanges, Venture Capital","Kedoya Selatan, Jakarta Raya, Indonesia","Indonesia Stock Exchange provides stock information, stock updates, stock market news, and a general overview of the market landscape.","139,803",https://www.idx.co.id,https://www.linkedin.com/company/indonesia-stock-exchange/,https://www.facebook.com/indonesiastockexchange/,https://twitter.com/IDX_BEI,Non-profit,,"Financial Services, Lending and Investments",501-1000,,,
Edulab,https://www.crunchbase.com/organization/edulab-033c,,"Consulting, E-Learning, Education, Hospitality","Yogyakarta, Yogyakarta, Indonesia","EDULAB offers online tutorial, videos and modules of examination subjects for Indonesian students.","139,850",https://edulab.co.id/,https://www.linkedin.com/company/edulab-indonesia/,https://www.facebook.com/pg/edulab.indonesia/,https://twitter.com/edulabid,For Profit,,"Education, Professional Services, Software, Travel and Tourism",251-500,,3,Early Stage Venture
Hazana,https://www.crunchbase.com/organization/hazana,,"Finance, Financial Services, Small and Medium Businesses","Jakarta, Jakarta Raya, Indonesia",Hazana provides sustainable financial solutions to Small and Medium Enterprises.,"139,980",https://hazana.id/en/,,,,For Profit,,"Financial Services, Other",11-50,Antler,1,Seed
Influence ID,https://www.crunchbase.com/organization/influence-id,,"Advertising, Information Technology, Marketing, Telecommunications","Jakarta, Jakarta Raya, Indonesia",Influence ID is an information technology company that provides an influencer marketing platform to promote business.,"140,387",https://influence.id/,https://www.linkedin.com/company/influence-id/,,,For Profit,,"Advertising, Hardware, Information Technology, Sales and Marketing",11-50,"Startup Studio Indonesia, Indigo by Telkom Indonesia",2,Seed
DamoGO,https://www.crunchbase.com/organization/damogo,,"E-Commerce, Food and Beverage, Information Technology, Software, Waste Management","Jakarta, Jakarta Raya, Indonesia",DamoGO develops an app for fighting food waste and building biggest food sustainable community in Southeast Asia.,"140,431",https://www.damogoapp.com,http://www.linkedin.com/company/damogo,http://www.facebook.com/damogoKR,http://www.twitter.com/damogo_id,For Profit,,"Commerce and Shopping, Food and Beverage, Information Technology, Software, Sustainability",11-50,,2,Seed
Agro Bahari Nusantara,https://www.crunchbase.com/organization/agro-bahari-nusantara,,"Aquaculture, Food Processing","Banten, Jawa Barat, Indonesia","Agro Bahari Nusantara is an aquaculture company engaged in the cultivation of shrimp, building their own farms for cultivation.","140,641",https://abn.farm/,https://www.linkedin.com/company/pt-agro-bahari-nusantara/,,,For Profit,,"Agriculture and Farming, Food and Beverage",11-50,,,IPO
Matakota,https://www.crunchbase.com/organization/matakota,,"Information Technology, Smart Cities, Social Media","Surabaya, Jawa Timur, Indonesia",Matakota is a social media that encourage people to become smart citizens.,"140,795",https://www.matakota.id,https://www.linkedin.com/company/matakota/about/,https://www.facebook.com/matakota.id/,https://twitter.com/matakota_id,For Profit,,"Information Technology, Internet Services, Media and Entertainment, Real Estate",1-10,"Pegasus Tech Ventures, GnB Accelerator",4,
Reliance Capital Management,https://www.crunchbase.com/organization/reliance-capital-management,,"Finance, Financial Services","Jakarta, Jakarta Raya, Indonesia","Reliance Capital Management an integrated financial services company, provides financial service products in Indonesia.","141,070",http://relianceindonesia.com/,https://www.linkedin.com/company/reliance-capital-management,https://www.facebook.com/relianceku-120961411657087,https://twitter.com/Reliance_ID,For Profit,,Financial Services,251-500,"LeapFrog Investments, FMO, PartnerRe",1,Private Equity
Yogrt,https://www.crunchbase.com/organization/yogrt,,"Apps, Social Media","Kebayoran Baru, Jakarta Raya, Indonesia",Yogrt is a location-based social app which enable users to find topics and events around them as well as have fun with new friends nearby,"141,327",http://www.yogrt.co/,https://www.linkedin.com/m/company/7588259/,https://www.facebook.com/Yogrt/timeline,https://twitter.com/yogrtid,For Profit,,"Apps, Internet Services, Media and Entertainment, Software",11-50,"Linear Venture, Centurion Private Equity",1,Early Stage Venture
Wisdom Crowd,https://www.crunchbase.com/organization/wisdom-crowd,,"Creative Agency, Marketing","Jakarta, Jakarta Raya, Indonesia","Wisdom Crowd specializes in crowdsourcing for everything that matters, both on and off the internet.","141,647",https://www.wisdomcrowd.id,https://www.linkedin.com/company/wisdom-crowd/mycompany/,,,For Profit,,"Content and Publishing, Media and Entertainment, Sales and Marketing",11-50,Newchip Accelerator,1,Seed
Autobitco Inc,https://www.crunchbase.com/organization/autobitco,,"Cryptocurrency, Financial Services","Labuan, Sulawesi Tenggara, Indonesia",Autobitco is the one stop solution to all your crypto needs.,"141,654",https://autobitco.com/,https://www.linkedin.com/company/autobitco/,,https://twitter.com/AutobitcoP2P,For Profit,,"Blockchain and Cryptocurrency, Financial Services, Payments, Software",11-50,,1,Private Equity
Wahyoo,https://www.crunchbase.com/organization/wahyoo,,"Food and Beverage, Retail Technology, Supply Chain Management","Tangerang, Jawa Barat, Indonesia",Wahyoo is the largest F&B SME enabler platform in Indonesia.,"141,746",https://www.wahyoo.com/,https://www.linkedin.com/company/wahyoo,https://www.facebook.com/wahyoogroup,https://twitter.com/wahyoogroup,For Profit,,"Commerce and Shopping, Food and Beverage, Hardware, Software, Transportation",101-250,"Global Brain Corporation, East Ventures, Chapter One Ventures, Intudo Ventures, AC Ventures",3,Early Stage Venture
PT Sumber Mineral Global Abadi,https://www.crunchbase.com/organization/pt-sumber-mineral-global-abadi,,"Building Material, Mining, Natural Resources","Jakarta, Jakarta Raya, Indonesia","PT Sumber Mineral Global Abadi specializes in trading natural resources like sands, stones, cement, metal, ores, lime, nickel, and fuel gas.","141,889",https://www.smgagroup.com,,,,For Profit,,"Natural Resources, Real Estate, Sustainability",,,,IPO
DINOTIS,https://www.crunchbase.com/organization/dinotis,,"Advertising, Content Creators, Digital Media","Jakarta, Jakarta Raya, Indonesia",Indonesia-based real-time platform for creators to monetize contents,"141,938",https://www.dinotis.com/,https://www.linkedin.com/company/dinotis/,,https://twitter.com/dinotisofficial,For Profit,,"Advertising, Media and Entertainment, Sales and Marketing",11-50,Google for Startups,3,Seed
Kimia Farma,https://www.crunchbase.com/organization/kimia-farma,,Pharmaceutical,"Jakarta, Jakarta Raya, Indonesia",Kimia Farma is a pioneer in Indonesian pharmaceutical industry. ,"142,227",http://www.kimiafarma.co.id/,https://www.linkedin.com/company/pt.-kimia-farma-tbk/?originalSubdomain=id,,,For Profit,,Health Care,10001+,"Indonesia Investment authority, Silk Road Fund",1,IPO
Qelola,https://www.crunchbase.com/organization/qelola,,FinTech,"Jakarta Pusat, Jakarta Raya, Indonesia",Qelola is a digital payment startup focuses on international remittance transfer,"142,423",https://www.qelola.com,https://id.linkedin.com/company/qelola,,,For Profit,,Financial Services,11-50,,1,Seed
Tumbuh,https://www.crunchbase.com/organization/tumbuh,,"Finance, Financial Services, FinTech, Lending, Payments","Jakarta, Jakarta Raya, Indonesia",Tumbuh offers lending-as-a-service (embedded lending) platform to empowers business provides fintech solutions,"142,449",https://tumbuh.in,https://www.linkedin.com/company/tumbuh-indonesia,,,For Profit,,"Financial Services, Payments",1-10,Antler,1,Seed
Buka Investasi Bersama,https://www.crunchbase.com/organization/buka-investasi-bersama,,Internet,"Jakarta, Jakarta Raya, Indonesia",Buka Investasi Bersama is an online mutual fund selling agent.,"142,874",https://bukainvestasi.com/,,,,For Profit,,Internet Services,,Ashmore Group,1,Private Equity
GreatEdu,https://www.crunchbase.com/organization/greatedu,,"E-Learning, EdTech, Education","Jakarta, Jakarta Raya, Indonesia",GreatEdu is an educational technology business that uses digital crowd learning to provide a full variety of educational services.,"143,366",https://www.greatedu.co.id,https://www.linkedin.com/company/greatedu,https://www.facebook.com/Id.GreatEdu/?_rdc=1&_rdr,https://twitter.com/id_greatedu,For Profit,,"Education, Software",51-100,,1,Seed
GuruInovatif,https://www.crunchbase.com/organization/guruinovatif,,"Apps, E-Learning, Education","Yogyakarta, Yogyakarta, Indonesia",GuruInovatif.id is a online educator training platform.,"143,380",https://guruinovatif.id,https://www.linkedin.com/company/guruinovatif,https://www.facebook.com/guruinovatif.id,,For Profit,,"Apps, Education, Software",51-100,"Quest Ventures, ScaleUp Malaysia, MRANTI Malaysia",1,Seed
Jurnal.id,https://www.crunchbase.com/organization/jurnal,,"Accounting, SaaS, Software","Pinggirrawa Barat, Jakarta Raya, Indonesia",Jurnal.id is a cloud-based accounting software for small-medium businesses to simplify and expedites bookkeeping and accounting process.,"143,534",https://www.jurnal.id,https://www.linkedin.com/company/pt-jurnal-consulting-indonesia/,https://www.facebook.com/jurnalofficial/,https://twitter.com/jurnalofficial,For Profit,,"Financial Services, Professional Services, Software",251-500,"East Ventures, Pegasus Tech Ventures, Mandiri Capital Indonesia (MCI), Alto Partners, Prasetia Dwidharma",3,M&A
ASEAN,https://www.crunchbase.com/organization/asean,,"Association, Non Profit","Jakarta, Jakarta Raya, Indonesia","The Association of Southeast Asian Nations, or ASEAN, was established on 8 August 1967 in Bangkok, Thailand.","143,846",https://asean.org,https://www.linkedin.com/company/the-asean-secretariat,https://www.facebook.com/aseansecretariat/,https://twitter.com/ASEAN,Non-profit,,"Other, Social Impact",251-500,Đặng Huỳnh Mai Lan,1,Seed
Pin'J,https://www.crunchbase.com/organization/pin-j,,FinTech,"Dki Jakarta, Jakarta Raya, Indonesia",Pin'J helps e-hailing drivers and transport logistics companies to take control of their fuel financing needs.,"143,884",https://getpinj.com,,,,For Profit,,Financial Services,1-10,"Antler, Startup Studio Indonesia",2,Seed
Coco Bros,https://www.crunchbase.com/organization/coco-bros,,"Food and Beverage, Food Processing","Jakarta, Jakarta Raya, Indonesia",Food and Beverage Outlets,"143,934",https://coco-bros.com/,,,,For Profit,,Food and Beverage,1-10,,2,Seed
Indonesia Crypto Network,https://www.crunchbase.com/organization/indonesia-crypto-network,,"Blockchain, Cryptocurrency, Finance, Internet","Jakarta, Jakarta Raya, Indonesia",Indonesia Crypto Network provides marketing services for cryptocurrency and blockchain projects.,"144,545",http://indonesiacrypto.network/,https://www.linkedin.com/company/indonesiancryptonetwork/,,,For Profit,,"Blockchain and Cryptocurrency, Financial Services, Internet Services, Other, Payments, Software",11-50,,1,Seed
etobee,https://www.crunchbase.com/organization/etobee,,"Delivery, Mobile Apps, Software, Web Apps","Jakarta, Jakarta Raya, Indonesia",Etobee offers a web and mobile application that enables individuals to ship and collect items.,"144,655",http://www.etobee.com/,,https://www.facebook.com/etobee.sameday,https://twitter.com/etobee_sameday,For Profit,,"Administrative Services, Apps, Mobile, Software",51-100,"Kejora Capital, Skystar Capital",2,
Oscar living ( PT Oscar Mitra Sukses Sejahtera Tbk ),https://www.crunchbase.com/organization/oscar-living,,"E-Commerce, Furniture, Home Decor, Retail","Jakarta, Jakarta Raya, Indonesia","Oscar Living is an online furniture store that sells a variety of office furniture, residential, and other types of furniture.","145,218",https://www.oscarliving.com,https://www.linkedin.com/in/oscarliving/,https://www.facebook.com/oscar.living.1,,For Profit,,"Commerce and Shopping, Consumer Goods, Real Estate",101-250,,,IPO
Andalin,https://www.crunchbase.com/organization/andalin,,"Freight Service, Logistics, Shipping, Shipping Broker","Jakarta, Jakarta Raya, Indonesia",Andalin is a trade platform that operates an online export import marketplace to provide shipping services.,"145,344",https://www.andalin.com/,https://www.linkedin.com/company/andalin/,https://www.facebook.com/andalinID/,,For Profit,,Transportation,101-250,"Intudo Ventures, BEENEXT, BRI Ventures, ATM Capital, Access Ventures",6,Late Stage Venture
PT Bank Aladin Syariah,https://www.crunchbase.com/organization/pt-bank-aladin-syariah,,"Banking, Finance, Financial Exchanges, Financial Services","Jakarta, Jakarta Raya, Indonesia",Bank Aladin Syariah facilitates access to digital banking services.,"145,639",https://aladinbank.id/,https://www.linkedin.com/company/bank-net-indonesia-syariah/,,,For Profit,,"Financial Services, Lending and Investments",501-1000,Peak3,1,IPO
Erasco,https://www.crunchbase.com/organization/erasco,,"Logistics, Sales, Shipping, Warehousing","Jakarta, Jakarta Raya, Indonesia","Transportation, Logistics, Supply Chain, and Storage","145,977",http://www.eras.co.id,https://www.linkedin.com/company/eras-group/,https://www.facebook.com/erasgroup,https://twitter.com/Eras_co,For Profit,,"Sales and Marketing, Transportation",51-100,"Techstars, TransCosmos, Transworld Group",2,Early Stage Venture
Hyakki NFT,https://www.crunchbase.com/organization/hyakki-nft,,"Information Technology, Web3","Japan, Jawa Tengah, Indonesia",Hyakki NFT utility and marketing platform.,"146,005",https://www.hyakki.com,,,https://twitter.com/Hyakkinft,For Profit,,"Blockchain and Cryptocurrency, Information Technology, Internet Services",1-10,"Druid Ventures, Steep Ventures",1,Seed
Agridesa,https://www.crunchbase.com/organization/agridesa,,"Agriculture, AgTech, Farming","Jakarta, Jakarta Raya, Indonesia",Agridesa has created a closed-loop agriculture strategy that links landowners and producers.,"146,408",https://www.agridesa.com/,https://www.linkedin.com/company/pt-agridesa-panen-makmur/,,,For Profit,,Agriculture and Farming,1-10,"TAP Group, Multifield International Holdings",1,Seed
Mitra Adiperkasa,https://www.crunchbase.com/organization/mitra-adiperkasa,,"E-Commerce, Fashion, Lifestyle, Retail","Jakarta, Jakarta Raya, Indonesia","MAP is the leading lifestyle retailer in Indonesia with over 2,000 retail stores.","146,631",http://www.map.co.id,https://www.linkedin.com/company-beta/365409/,https://www.facebook.com/MAPyourstyle/,https://twitter.com/mapyourstyle,For Profit,,"Clothing and Apparel, Commerce and Shopping, Community and Lifestyle, Design",10001+,General Atlantic,1,Private Equity
IDS | BTEC,https://www.crunchbase.com/organization/ids-international-design-school,,"E-Learning, EdTech, Education","Jakarta, Jakarta Raya, Indonesia","IDS | BTEC is an educational establishment specializing in the creative disciplines of Design, Animation, and Film.","146,665",http://idseducation.com/,https://www.linkedin.com/company/ids-international-design-school,https://www.facebook.com/idsEducationcom,http://www.twitter.com/idseducationcom,For Profit,,"Education, Software",11-50,,1,
Kisai Entertainment,https://www.crunchbase.com/organization/kisai-entertainment,,"Animation, Digital Media, Publishing","Dki Jakarta, Jakarta Raya, Indonesia","Kisai Entertainment crafts webtoon legacies that inspire generations, illuminating paths for storytellers and artists alike.","146,698",https://kisaient.com,,https://www.facebook.com/KisaiEnt,,For Profit,,"Content and Publishing, Media and Entertainment, Video",11-50,"Sorajima, Anjary Jaya Raya",1,
Sonar Platform,https://www.crunchbase.com/organization/sonar-platform,,"Analytics, Artificial Intelligence (AI), Big Data, Machine Learning, SaaS, Social Media Marketing","Jakarta, Jakarta Raya, Indonesia",Sonar Platform generates automated and personalized insights from social media conversations,"146,841",http://www.sonarplatform.com,https://www.linkedin.com/company/sonar-platform/,https://www.facebook.com/sonarplatform/,https://www.twitter.com/sonarplatform,For Profit,,"Artificial Intelligence (AI), Data and Analytics, Sales and Marketing, Science and Engineering, Software",11-50,"MDI Ventures, Indigo by Telkom Indonesia",1,M&A
Bewanto,https://www.crunchbase.com/organization/pinjam,,"Financial Services, FinTech","Jakarta, Jakarta Raya, Indonesia",Bewanto was a small business running as local business start on july 2018.,"146,906",https://bewanto.com/,https://www.linkedin.com/company/konsum/,https://www.facebook.com/profile.php?id=61553918503511,https://twitter.com/raulhernandezcs,For Profit,,Financial Services,11-50,,1,
Alter,https://www.crunchbase.com/organization/alter-7bc9,,"Gaming, Online Games, Video Games","Jakarta, Jakarta Raya, Indonesia",Alter is a game developing platform that is still working in stealth mode.,"147,106",https://beta.alterspace.gg/,,,,For Profit,,Gaming,1-10,Antler,1,Seed
MedcoEnergi,https://www.crunchbase.com/organization/medcoenergi,,Oil and Gas,"Jakarta, Jakarta Raya, Indonesia",MedcoEnergi is an oil and gas company.,"147,151",http://www.medcoenergi.com/,https://www.linkedin.com/company/medco-e&p-indonesia,,,For Profit,,"Energy, Natural Resources",1001-5000,,1,IPO
Altech Omega Andalan,https://www.crunchbase.com/organization/altech-omega-andalan,,"Business Intelligence, Consulting, Enterprise Resource Planning (ERP), Information Technology, Mobile Apps, Software","Jakarta, Jakarta Raya, Indonesia",System Integrator || ERP System || Custom Application Development || Business Intelligence || IT Consultation,"147,655",https://www.altechomega.com,https://www.linkedin.com/company/pt-altech-omega-andalan,,,For Profit,,"Apps, Data and Analytics, Information Technology, Mobile, Professional Services, Software",11-50,Javas Venture LLC,4,Seed
PT Optimal Teknologi Indonesia,https://www.crunchbase.com/organization/general-technology,,"Big Data, Communications Infrastructure, Consulting, Information Technology, Internet, IT Infrastructure, Mobile Apps","Jakarta, Jakarta Raya, Indonesia",PT Optimal Teknologi Indonesia is an information technology and outsourcing firm based in Indonesia.,"147,705",,,,,For Profit,,"Apps, Data and Analytics, Hardware, Information Technology, Internet Services, Mobile, Professional Services, Software",51-100,,3,Seed
PT Angkasa Pura II,https://www.crunchbase.com/organization/pt-angkasa-pura-ii,,"Collaborative Consumption, Government, Transportation","Jakarta, Jakarta Raya, Indonesia",PT Angkasa Pura II is the State Owned Corporation which manage & operate Airports in west part of Indonesia.,"147,872",https://www.angkasapura2.co.id,https://www.linkedin.com/company/pt-angkasa-pura-ii,https://www.facebook.com/airport138/?ref=br_tf,https://www.twitter.com/@contactap2,For Profit,,"Government and Military, Other, Transportation",101-250,,,
SINIE,https://www.crunchbase.com/organization/sinie,,"Information Technology, Internet, Software","Jakarta, Jakarta Raya, Indonesia",Sinie is the first Indonesian RTE/RTC SaaS platform providing teleconference platform secured with end-to-end encryption.,"148,265",https://www.sinie.io/en,https://www.linkedin.com/company/pt-davel-surya-cipta/about/,https://www.facebook.com/profile.php?id=61556702984354,https://x.com/Sinie_io?t=-yMYErptYqqel8oa6z8-iA&s=08,For Profit,,"Information Technology, Internet Services, Software",11-50,Microsoft for Startups,1,
Kvantum Network,https://www.crunchbase.com/organization/kvantum-network,,"Blockchain, Cryptocurrency, Decentralized Finance (DeFi), Non-Fungible Token (NFT), Web3","Surabaya, Jawa Timur, Indonesia",Avenlabs focuses on leveraging cutting-edge technologies to provide effective solutions for businesses and individuals on Blockchain.,"148,656",https://avenlabs.kvantum.guru/,,,,For Profit,,"Blockchain and Cryptocurrency, Financial Services, Internet Services, Other, Payments, Software",11-50,Joy Wibowo,1,Seed
Rassa,https://www.crunchbase.com/organization/rassa-2ade,,"Grocery, Sustainability, Waste Management","Jakarta, Jakarta Raya, Indonesia","Rassa is an innovative institution dedicated to sustainability and waste reduction, with a focus on the Indonesian market.","149,052",https://www.rassa.id,https://www.linkedin.com/company/rassaindonesia/,,,For Profit,,"Food and Beverage, Sustainability",1-10,Antler,1,Seed
Contexa AI,https://www.crunchbase.com/organization/prowriting,,UX Design,"Jakarta, Jakarta Raya, Indonesia",Contexa AI lets product designer generates great design copies with 1 click.,"149,064",https://contexa.app,https://www.linkedin.com/company/contexapp/?viewAsMember=true,,,For Profit,,Design,1-10,Antler,1,Seed
GoPlay,https://www.crunchbase.com/organization/goplay-1d3d,,"Media and Entertainment, Video Streaming","Jakarta, Jakarta Raya, Indonesia",GoPlay is the video streaming service under Indonesia's Gojek.,"149,187",https://goplay.co.id/live,https://www.linkedin.com/company/goplayindonesia/,https://www.facebook.com/GoPlayIndonesia,https://twitter.com/goplayindonesia,For Profit,,"Content and Publishing, Media and Entertainment, Video",101-250,"Golden Gate Ventures, Openspace, ZWC Partners, Ideosource VC, Redbadge Pacific",1,Early Stage Venture
Qareer Group Asia,https://www.crunchbase.com/organization/qareer-group-asia,,"Career Planning, Marketplace","Jakarta, Jakarta Raya, Indonesia",Qareer Group Asia is a  job marketplace company.,"149,373",https://www.qareergroup.asia/,,,,For Profit,,"Commerce and Shopping, Professional Services",1-10,"SoftBank, Kejora Capital, Emtek Group, Mountain Partners",1,
The Body Shop,https://www.crunchbase.com/organization/the-body-shop,,"Beauty, E-Commerce, Health Care, Retail","Tangerang, Jawa Barat, Indonesia","The Body Shop is an online marketplace for natural beauty, facial, and body care products.","149,464",https://www.thebodyshop.co.id/,https://www.linkedin.com/company/the-body-shop-indonesia,,https://twitter.com/TheBodyShopIndo,For Profit,,"Commerce and Shopping, Consumer Goods, Health Care",1001-5000,,,
ADHI,https://www.crunchbase.com/organization/adhi,,"Construction, Infrastructure, Real Estate","Jakarta, Jakarta Raya, Indonesia","ADHI is an Indonesia-based firm that engages in construction services, infrastructure development, property and real estate.","149,515",https://www.adhi.co.id,https://www.linkedin.com/company/pt-adhi-karya-persero-tbk.,https://www.facebook.com/adhikaryaID,https://twitter.com/adhikaryaid,For Profit,,"Other, Real Estate",1001-5000,,1,IPO
PasarMIKRO,https://www.crunchbase.com/organization/pasarmikro,,"Agriculture, E-Commerce, Financial Services, Marketplace","Jakarta, Jakarta Raya, Indonesia",A B2B aggregated marketplace for agriculture with integrated financing facilities,"150,489",https://www.pasarmikro.id,https://www.linkedin.com/company/pasarmikro,,,For Profit,,"Agriculture and Farming, Commerce and Shopping, Financial Services",11-50,"1982 Ventures, Google for Startups, Gayo Capital, Resolution Ventures, Ceniarth",5,
SECHA HOME,https://www.crunchbase.com/organization/secha-home,,"Home Improvement, Home Renovation, Property Management, Real Estate","Jakarta Pusat, Jakarta Raya, Indonesia",Home improvement solution to provide move-in ready homes with no extra cost for renovation,"150,950",https://www.sechahome.com/,https://www.linkedin.com/company/secha/,,,For Profit,,Real Estate,1-10,"Antler, Startup Studio Indonesia, Bonbillo LLC",2,Seed
Cutitronics,https://www.crunchbase.com/organization/cutitronics,,"E-Commerce, Electronics, Health Care, Information Technology","Penjaringan, Jakarta Raya, Indonesia",Cutitronics is skincare start-up,"151,316",http://cutitronics.com/,https://www.linkedin.com/company/10280764/,https://www.facebook.com/pg/cutitronics/about/,https://twitter.com/Cutitronics,For Profit,,"Commerce and Shopping, Consumer Electronics, Hardware, Health Care, Information Technology",1-10,"Croda International, VentureOut",2,
ZtoH,https://www.crunchbase.com/organization/ztoh,,"E-Learning, Education, Training, Unified Communications, Vocational Education","Jakarta, Jakarta Raya, Indonesia",ZtoH is an education company located in South Jakarta.,"151,720",http://ztoh.id,,,,For Profit,,"Education, Information Technology, Internet Services, Messaging and Telecommunications, Software",11-50,,1,Seed
Adaro,https://www.crunchbase.com/organization/adaro,,"Energy, Logistics, Mining","Jakarta, Jakarta Raya, Indonesia",Adaro is an integrated coal mining and energy company.,"151,799",http://www.adaro.com/,https://www.linkedin.com/company/adaroenergy/,https://www.facebook.com/Adaro-Energy-310461172426081/,https://twitter.com/adaroenergytbk,For Profit,,"Energy, Natural Resources, Transportation",501-1000,,,IPO
Newman's,https://www.crunchbase.com/organization/newman-s,,"Beauty, Health Care, Men's, Personal Health, Wellness","Jakarta, Jakarta Raya, Indonesia",Newman's is Indonesia's Digital Health Clinic for men,"152,596",https://newmans.id/,https://www.linkedin.com/company/newmansindonesia/,https://www.facebook.com/pg/newmans.indonesia/,https://twitter.com/newmans_indo,For Profit,,"Community and Lifestyle, Consumer Goods, Health Care",11-50,Y Combinator,1,Seed
Triplogic,https://www.crunchbase.com/organization/triplogic,,Logistics,"Dki Jakarta, Jakarta Raya, Indonesia",Triplogic is a Online application for delivery of goods is less than 24 hours. ,"153,169",http://triplogic.io/,https://www.linkedin.com/company/13420878/,https://www.facebook.com/pg/Triplogic.io/,,For Profit,,Transportation,101-250,East Ventures,2,Seed
Eduku,https://www.crunchbase.com/organization/eduku,,"E-Learning, EdTech, Education","Jakarta, Jakarta Raya, Indonesia",Eduku assists school management by digitizing teaching and learning processes that are efficient and effective.,"153,220",https://eduku.io,https://www.linkedin.com/company/eduku-indonesia,,,For Profit,,"Education, Software",1-10,"Antler, Startup Studio Indonesia",2,Seed
Gro Tech,https://www.crunchbase.com/organization/gro-a617,,"E-Commerce, Software","Jakarta, Jakarta Raya, Indonesia",Gro Tech makes tools that help sellers with their e-commerce businesses.,"153,580",https://www.grotech.id/,https://www.linkedin.com/company/jetsetgro/,,,For Profit,,"Commerce and Shopping, Software",1-10,Antler,1,Seed
"Petani Kakao Lampung, PT",https://www.crunchbase.com/organization/petani-kakao-lampung-pt,,Agriculture,"Bandar Lampung, Lampung, Indonesia",Agriculture & Commodities Trading Co,"153,738",https://www.kakaolampung.com,,,,For Profit,,Agriculture and Farming,11-50,Gayo Capital,2,Seed
KelasDigitalk.com,https://www.crunchbase.com/organization/kelasdigitalk-com,,"E-Learning, EdTech, Education","Dki Jakarta, Jakarta Raya, Indonesia",KelasDigitalk.com is an edutech company that offers a platform connecting students and experts.,"153,761",https://www.kelasdigitalk.com,https://www.linkedin.com/company/kelasdigitalk-com,,https://twitter.com/KelasDigitalk,For Profit,,"Education, Software",1001-5000,8Ventures,1,Seed
LABABOOK,https://www.crunchbase.com/organization/lababook,,"Apps, Finance, Financial Services","Jakarta, Jakarta Raya, Indonesia",Record Keeping Mobile App for SMEs in Indonesia,"153,808",https://www.lababook.com,https://www.linkedin.com/company/lababook/,,,For Profit,,"Apps, Financial Services, Software",1-10,,1,Seed
Petrosea,https://www.crunchbase.com/organization/petrosea,,"Infrastructure, Mining, Oil and Gas","Tangerang, Jawa Barat, Indonesia","Petrosea engages in the field of mining, infrastructure, oil, and gas.","154,126",https://www.petrosea.com/,https://www.linkedin.com/company/petrosea/,https://www.facebook.com/careerpetrosea/,,For Profit,,"Energy, Natural Resources, Other",1001-5000,,,IPO
carclicks,https://www.crunchbase.com/organization/carclicks,,"Automotive, Marketplace, Wholesale","Bandung, Jawa Barat, Indonesia",Carclicks is a platform that specializes in wholesale used car transactions and facilitates the process of selling vehicles.,"154,821",https://carclicks.id,,,,For Profit,,"Commerce and Shopping, Transportation",11-50,Antler,1,Seed
Meatless Kingdom,https://www.crunchbase.com/organization/meatless-kingdom,,"Food and Beverage, Food Processing","Cimahi, Jawa Barat, Indonesia",Meatless Kingdom develops Indonesian-inspired food from plant-based ingredients that is both tasty and has a higher nutritional profile,"154,881",http://www.meatlesskingdom.com,https://www.linkedin.com/company/72976550/admin/,https://www.facebook.com/search/top?q=meatless%20kingdom,,For Profit,,Food and Beverage,11-50,Big Idea Ventures,1,Seed
Ravaya Coffee,https://www.crunchbase.com/organization/ravaya-coffee,,"Coffee, Food Processing, Wholesale","Jakarta, Jakarta Raya, Indonesia","Ravaya Coffee specializes in Indonesian green coffee trade, ensuring quality, sustainability, and fair partnerships to global markets.","155,236",,,,,For Profit,,"Commerce and Shopping, Food and Beverage",1-10,,1,Seed
Logol,https://www.crunchbase.com/organization/logol-c2ee,,"Information Technology, Internet, Logistics, Marketplace, Shipping, Supply Chain Management","Jakarta, Jakarta Raya, Indonesia",Digital overseas logistics marketplace that connects business players with logistics service providers in Indonesia.,"155,287",https://www.logol.co.id,https://www.linkedin.com/company/pt-logol-jakarta-mitraindo/,https://www.facebook.com/pg/logol.id/,,For Profit,,"Commerce and Shopping, Information Technology, Internet Services, Transportation",51-100,"EDI Indonesia, Ivan Kamadjaja",3,M&A
Nectico,https://www.crunchbase.com/organization/nectico,,"Information Technology, Software","Bandung, Jawa Barat, Indonesia",Nectico provides an ERP solution and B2B marketplace for cooperative ecosystems.,"155,367",https://www.nectico.com/en/,https://www.linkedin.com/company/nectico,,,For Profit,,"Information Technology, Software",1-10,"Antler, Startup Studio Indonesia",2,Seed
Sesama Care,https://www.crunchbase.com/organization/sesama-care,,"Apps, Health Care, Wellness","Kuningan, Jakarta Raya, Indonesia",Sesama Care is a healthcare platform developed with the aim of providing accessible and affordable long-term health and wellness support.,"155,513",http://www.sesama.care/,,,,For Profit,,"Apps, Health Care, Software",,Antler,1,Seed
Bank BTPN,https://www.crunchbase.com/organization/bank-btpn,,"Banking, Finance, Financial Services","Jakarta, Jakarta Raya, Indonesia","Bank BTPN is now bigger and stronger to serve a broad segment of customers, from retail to corporations.","155,574",https://www.btpn.com/,https://www.linkedin.com/company/pt-bank-tabungan-pensiunan-nasional-tbk/,https://www.facebook.com/BankBTPNOfficial/,https://twitter.com/sahabatbtpn,For Profit,,"Financial Services, Lending and Investments",10001+,International Finance Corporation,1,IPO
Media Startup,https://www.crunchbase.com/organization/mediastartup-indonesia,,"Digital Media, News, Online Portals","Jakarta, Jakarta Raya, Indonesia","Media Startup is an online media that offers startup news, business press releases & community events for startup founders or entrepreneurs.","155,615",https://www.mediastartup.id/,https://www.linkedin.com/company/media-startup-id/,https://web.facebook.com/mediastartup.id/?_rdc=1&_rdr,,For Profit,,"Content and Publishing, Internet Services, Media and Entertainment",11-50,8Ventures,1,Seed
Motoran,https://www.crunchbase.com/organization/motoran,,"E-Commerce, Internet, Marketplace, Online Portals, Transportation","Jakarta, Jakarta Raya, Indonesia",Motoran operates an online marketplace for buying and selling secondhand motorcycles.,"155,921",https://www.motoran.id/,https://www.linkedin.com/company/motoran,https://www.facebook.com/motoranofficial,,For Profit,,"Commerce and Shopping, Internet Services, Transportation",1-10,Antler,1,Seed
Solardex Energy,https://www.crunchbase.com/organization/solardex-energy,,"Clean Energy, Energy, Renewable Energy, Solar","Semarang, Jawa Barat, Indonesia",Solardex Energy is a renewable solar energy company based in Indonesia. We supply and provide solar energy solutions.,"156,022",https://www.solardexenergy.com,https://www.linkedin.com/company/pt-solardex-energy-indonesia,https://www.facebook.com/solardexenergy/,,For Profit,,"Energy, Natural Resources, Sustainability",11-50,,1,Seed
Ziwa,https://www.crunchbase.com/organization/ziwa,,"Communities, Health Care, Wellness","Tebet, Jakarta Raya, Indonesia",Ziwa is a community that provides life-changing group programs to enhance each other's mental well-being.,"156,812",https://www.ziwaku.com,https://www.linkedin.com/company/ziwaku,,https://twitter.com/Ziwa_id,For Profit,,"Community and Lifestyle, Health Care",11-50,Antler,1,Seed
Lakupon,https://www.crunchbase.com/organization/lakupon,,"Digital Entertainment, E-Commerce, Food and Beverage, Lifestyle","Jakarta, Jakarta Raya, Indonesia",LaKupon adalah website Deal yang menawarkan deal-deal menarik dengan diskon terbaik!,"156,920",https://lakupon.com/,https://www.linkedin.com/company/lakupon,https://www.facebook.com/lakuponku/,https://twitter.com/lakupon,For Profit,,"Commerce and Shopping, Community and Lifestyle, Food and Beverage, Media and Entertainment",11-50,New Wealth Capital,1,
Samator Indo Gas,https://www.crunchbase.com/organization/aneka-gas-industri,,"Industrial Manufacturing, Manufacturing, Oil and Gas","Jakarta, Jakarta Raya, Indonesia","Aneka Gas Industri is an industrial gas company that provides medical gas, synthetic gases, and fuel gases.","157,259",https://anekagas.com,https://www.linkedin.com/company/pt-sigas-tbk,https://www.facebook.com/Pt-Aneka-Gas-Industri-Jakarta-Head-Office-592849024532933,,For Profit,,"Energy, Manufacturing, Natural Resources",501-1000,CVC Capital Partners,1,IPO
Riauwebhost,https://www.crunchbase.com/organization/riauwebhost,,"Consulting, Information Technology, Internet","Pekanbaru, Riau, Indonesia",Riauwebhost is a website creation service company.,"157,439",https://www.riauwebhost.com,https://www.linkedin.com/company/riauwebhost-indonesia,https://www.facebook.com/riauwebhost,https://twitter.com/riauwebhost,For Profit,,"Information Technology, Internet Services, Professional Services",1-10,Google,1,Seed
GreenHCM,https://www.crunchbase.com/organization/greenhcm,,"Enterprise Software, Software","Jakarta, Jakarta Raya, Indonesia","GreenHCM is integrated Human Capital Management System Dashboard used by company / institution to build, monitor and support their people.","157,452",http://www.greenhcm.com,https://www.linkedin.com/company/greenhcm/,,,For Profit,,Software,11-50,,2,Seed
PT Nippon Indosari Corpindo,https://www.crunchbase.com/organization/sari-roti,,"Food and Beverage, Food Processing, Organic Food","Bekasi, Jawa Barat, Indonesia",Sari Roti is a brand of bread famous in Indonesia producing a wide range of bread and sweet bread.,"157,896",http://www.sariroti.com/,https://www.linkedin.com/company/pt-nippon-indosari-corpindo-tbk,https://www.facebook.com/sari.roti,https://twitter.com/sarirotidotcom,For Profit,,Food and Beverage,5001-10000,Kohlberg Kravis Roberts,1,IPO
Graha Trans,https://www.crunchbase.com/organization/graha-trans,,"Logistics, Shipping, Transportation","Jakarta, Jakarta Raya, Indonesia",Graha Trans is a transportation and logistics firm that provides truck rental and on-call transportation services.,"157,958",https://grahatrans.com,https://www.linkedin.com/company/pt-grahaprima-suksesmandiri-graha-trans,https://www.facebook.com/Graha.Trans,,For Profit,,Transportation,501-1000,,,IPO
KinerjaPay,https://www.crunchbase.com/organization/kinerjapay,,"E-Commerce, Payments, Transaction Processing","Jakarta, Jakarta Raya, Indonesia",KinerjaPay provides digital payment solutions to brick-and-mortal businesses in Indonesia and South East.,"157,969",http://www.kinerjapay.co/,https://in.linkedin.com/company/pt-kinerja-pay-indonesia,https://www.facebook.com/KinerjaPay/,https://twitter.com/kinerjapay,For Profit,,"Commerce and Shopping, Financial Services, Payments, Software",51-100,Investa Wahana Group,1,IPO
Kura Kura Beer,https://www.crunchbase.com/organization/kura-kura-beer,,"Craft Beer, Food and Beverage","Denpasar, Bali, Indonesia",Kura Kura Beer is a slow-drinking pale ale brewed in Bali and is packed with fruity hop aromas.,"157,994",https://kurakurabeer.com/,https://www.linkedin.com/company/kurakurabeer/,https://www.facebook.com/kurakurabeerbali/,,For Profit,,Food and Beverage,11-50,Newchip Accelerator,1,Early Stage Venture
Pocket Pet,https://www.crunchbase.com/organization/pocket-pet,,"Mobile Apps, Pet","Jakarta, Jakarta Raya, Indonesia",Pocket Pet is an all-in-one mobile app that connects pet owners to vets and other service providers.,"158,150",https://www.pocketpet.co/,https://www.linkedin.com/company/ivetdata,https://www.facebook.com/pocketpet.co,,For Profit,,"Apps, Community and Lifestyle, Mobile, Software",1-10,Antler,1,Seed
LogikaRasa,https://www.crunchbase.com/organization/logikarasa,,"Art, Digital Entertainment, Education","Tebet Barat, Jakarta Raya, Indonesia",LogikaRasa is a social startup promoting Indonesian literature.,"158,977",,,,,For Profit,,"Education, Media and Entertainment",1-10,January Enterprises,1,Seed
Oxdream Group,https://www.crunchbase.com/organization/ox-dream,,"Digital Media, Information Technology","Jakarta, Jakarta Raya, Indonesia",Oxdream is a group of companies and investment firm that invests new companies with proven business models.,"159,882",http://www.oxdream.co.id,https://www.linkedin.com/company/oxdream,https://www.facebook.com/oxdream/,https://twitter.com/oxdreamcom,For Profit,,"Information Technology, Media and Entertainment",11-50,"University of Indonesia, RnB Fund",2,Seed
Bling,https://www.crunchbase.com/organization/bling-6c83,,"E-Commerce, E-Commerce Platforms, Marketplace","Jakarta, Jakarta Raya, Indonesia",Bling is a live community marketplace that enables communities to participate in live auctions or live flash sales.,"159,930",https://bling-live.com/,,,https://twitter.com/_blinglive,For Profit,,"Commerce and Shopping, Internet Services",,Antler,1,Seed
Suryanesia,https://www.crunchbase.com/organization/suryanesia,,"Clean Energy, Renewable Energy","Jakarta, Jakarta Raya, Indonesia",Suryanesia is a startup focused on clean energy.,"160,337",https://suryanesia.com,https://www.linkedin.com/company/suryanesia,,,For Profit,,"Energy, Sustainability",1-10,Intudo Ventures,1,Seed
Petskita,https://www.crunchbase.com/organization/petskita,,"E-Commerce, Mobile Apps, Pet","Jakarta, Jakarta Raya, Indonesia",PETSKITA is Indonesia's growing community-based pet parenting ecosystem helping address the challenges of pet parenting in Indonesia.,"160,800",http://petskita.com,https://www.linkedin.com/company/petskita/,https://www.facebook.com/petskita.indonesia,https://twitter.com/petskita,For Profit,,"Apps, Commerce and Shopping, Community and Lifestyle, Mobile, Software",11-50,,1,Seed
Logice,https://www.crunchbase.com/organization/logice,,"Logistics, Supply Chain Management, Transportation","Jakarta, Jakarta Raya, Indonesia","Logice delivers seamless cold chain solutions, improving reliability in warehouse, delivery, and processing.","160,871",https://www.logiceindonesia.com/,https://www.linkedin.com/company/logice-indonesia/,,,For Profit,,Transportation,1-10,Antler,1,Seed
Vasham Kosa Sejahtera,https://www.crunchbase.com/organization/vasham-kosa-sejahtera,,"Agriculture, AgTech, Farming","Jakarta, Jakarta Raya, Indonesia",Vasham is an integrated agriculture company located in Jakarta,"160,965",http://www.vasham.co.id/,https://www.linkedin.com/company/vasham/,https://www.facebook.com/vasham.id/,,For Profit,,Agriculture and Farming,501-1000,"Patamar Capital, Mercy Corps Ventures",2,Early Stage Venture
Ride Jakarta,https://www.crunchbase.com/organization/ride-jakarta,,"Health Care, Leisure, Tourism, Travel","Jakarta, Jakarta Raya, Indonesia",Ride Jakarta is an indoor cycling studio.,"161,307",http://ridejkt.com/,https://www.linkedin.com/company/13263537/,https://www.facebook.com/ridejakarta,https://twitter.com/ridejakarta,For Profit,,"Community and Lifestyle, Health Care, Travel and Tourism",11-50,"East Ventures, Intudo Ventures, RHL Ventures, Agaeti Venture Capital, Prasetia Dwidharma",4,
ESKRO,https://www.crunchbase.com/organization/eskro-co-id,,"Enterprise, Finance, Financial Services, Logistics, Supply Chain Management","Jakarta, Jakarta Raya, Indonesia",Close deals faster with the secure escrow service from ESKRO.,"161,338",https://eskro.id,https://www.linkedin.com/company/eskro-id/,,,For Profit,,"Financial Services, Other, Transportation",1-10,,1,Seed
Talenta,https://www.crunchbase.com/organization/talenta,,"Human Resources, Recruiting, SaaS, Software","Jakarta, Jakarta Raya, Indonesia",Talenta is a Human resource information company.,"161,697",http://talenta.co,https://www.linkedin.com/company/talenta.co/,https://www.facebook.com/talentaco/,https://twitter.com/talentaco,For Profit,Yes,"Administrative Services, Professional Services, Software",101-250,"East Ventures, Pegasus Tech Ventures, Skystar Capital, Google Launchpad Accelerator",4,M&A
Habaku,https://www.crunchbase.com/organization/habaku,,"Operating Systems, SaaS, Software","Jakarta, Jakarta Raya, Indonesia",Habaku specializes in creating a Vertical Operating System designed specifically for the pharmaceuticals ecosystem.,"162,042",https://www.habaku.id,,,,For Profit,,"Platforms, Software",,Antler,1,Seed
KepingAi,https://www.crunchbase.com/organization/kepingai,,"Blockchain, Cryptocurrency","Jakarta, Jakarta Raya, Indonesia",KepingAI is building a decentralized trading bot marketplace.,"162,473",https://kepingai.com,https://www.linkedin.com/company/kepingai/,,https://twitter.com/KepingAI,For Profit,,"Blockchain and Cryptocurrency, Financial Services, Other, Payments, Software",1-10,Ida Bagus Ratu Diaz Agasatya,2,Seed
Geekzwolf,https://www.crunchbase.com/organization/geekzwolf,,"Blockchain, Gaming, Internet","Jakarta, Jakarta Raya, Indonesia",Geekzwolf is a blockchain-powered gaming hub platform that attract the real gamers in a way that gamers enjoy the most,"162,829",https://geekzwolf.com/,https://www.linkedin.com/company/geekzwolf/?viewAsMember=true,,https://twitter.com/GeekzWolf,For Profit,,"Blockchain and Cryptocurrency, Gaming, Internet Services, Other",1-10,"Antler, Raditya Pramana",1,Seed
Club Kyta,https://www.crunchbase.com/organization/club-kyta,,"E-Commerce, Retail, Shopping","Jakarta, Jakarta Raya, Indonesia",Club Kyta provides high-quality lifestyle brands for tier-2 and 3 cities in Indonesia.,"163,122",https://clubkyta.com/,https://www.linkedin.com/company/clubkyta/,,,For Profit,,Commerce and Shopping,11-50,Antler,1,Seed
HOTEL NIDA,https://www.crunchbase.com/organization/global-rooms-limited,,"Hotel, Leisure, Tourism, Travel","Jakarta, Jakarta Raya, Indonesia","HOTEL NIDA provides information about trip destinations, hotel pricing, and lodging availability.","163,217",http://www.hotelnida.com,https://www.linkedin.com/company/nida-rooms,https://www.facebook.com/HotelNIDAPH,https://twitter.com/hotel_nida,For Profit,,"Community and Lifestyle, Travel and Tourism",11-50,"CyberAgent Capital, True., Convergence Ventures, Shanda Group, East Pacific Capital",5,Early Stage Venture
Bina Artha Ventura,https://www.crunchbase.com/organization/bina-artha-ventura,,Financial Services,"Ponorogo, Jawa Timur, Indonesia",Bina Artha Ventura is a company that provides financial services.,"163,408",https://bina-artha.com/,https://www.linkedin.com/company/ptbinaarthaventura,,,For Profit,,Financial Services,1-10,,,
IRACEMETA.IO,https://www.crunchbase.com/organization/iracemeta-io,,"Blockchain, Metaverse","Jakarta, Jakarta Raya, Indonesia",Develop Apps & Dapps into Sports Space with Blockchain technology and future Web.3,"164,141",https://iracemeta.io/,https://www.linkedin.com/company/72338154/admin/,https://www.facebook.com/IRACE-META-117447824278276,https://twitter.com/iracemetaio,For Profit,,"Blockchain and Cryptocurrency, Media and Entertainment, Other, Software",11-50,,1,Seed
Rembuyung,https://www.crunchbase.com/organization/rembuyung,,Chemical,"Jakarta, Jakarta Raya, Indonesia",Rembuyung is a fertilizer producer startup.,"164,157",,,,,For Profit,,Science and Engineering,1-10,Panta Capital,1,Seed
PINA Indonesia,https://www.crunchbase.com/organization/pina,,"Apps, Finance, Financial Services","Jakarta, Jakarta Raya, Indonesia",PINA Indonesia is a finance application that offers products and advice that make complicated financial decisions simple and relevant.,"164,563",https://pina.id/,https://www.linkedin.com/company/pinaindonesia/about/,https://www.facebook.com/pinaindonesia,https://x.com/PINA_ID,For Profit,,"Apps, Financial Services, Software",11-50,"Y Combinator, 1982 Ventures, iSeed, AC Ventures, XA Network",2,Seed
PT Wallezz Finansial Teknologi,https://www.crunchbase.com/organization/wallezz-indonesia,,"Financial Services, FinTech, SaaS, Small and Medium Businesses, Social Impact","Dki Jakarta, Jakarta Raya, Indonesia",Wallezz Finansial Teknologi is an indonesia fintech startup that focus to create many front end solution to serve many transaction mnodels. ,"165,618",https://wallezz.com/,https://www.linkedin.com/company-beta/13179715/,,https://www.twitter.com/wallezz_indo,For Profit,,"Financial Services, Other, Social Impact, Software",11-50,"Arya Setiadharma, Tjen Mulyadi Hartanto",2,Seed
Swoop,https://www.crunchbase.com/organization/swoop-5c04,,"Public Transportation, Ride Sharing, Transportation","Jakarta Pusat, Jakarta Raya, Indonesia",Swoop is a ride-share-based responsive mobility platform.,"165,624",https://swoopmove.com,https://www.linkedin.com/company/swoopmove,https://www.facebook.com/swoopmove,https://twitter.com/swoopmove,For Profit,,Transportation,11-50,Antler,1,Seed
Monoliving,https://www.crunchbase.com/organization/monoliving,,"E-Commerce, Furniture, Home Decor, Lifestyle","Tangerang, Jawa Barat, Indonesia","Movement, Community, & Platform","165,822",https://monoliving.id/,https://www.linkedin.com/company/monoliving/,https://www.facebook.com/monolivingid-101120951566946/,https://twitter.com/monoliving_id,For Profit,,"Commerce and Shopping, Community and Lifestyle, Consumer Goods, Real Estate",11-50,,1,Seed
Japfa Comfeed Indonesia,https://www.crunchbase.com/organization/japfa-comfeed-indonesia,,"Animal Feed, Food Processing, Manufacturing","Jakarta, Jakarta Raya, Indonesia",Japfa Comfeed Indonesia primarily engaged in manufacturing animal feed.,"166,260",https://www.japfacomfeed.co.id,https://www.linkedin.com/company/pt-japfa-comfeed-indonesia,,,For Profit,,"Agriculture and Farming, Food and Beverage, Manufacturing",5001-10000,Kohlberg Kravis Roberts,1,IPO
3Dolphins,https://www.crunchbase.com/organization/3dolphins-pt-inmotion-inovasi-teknologi,,"Artificial Intelligence (AI), Information Technology, Machine Learning, Software","Jakarta, Jakarta Raya, Indonesia","Conversational AI and OmniChannel CRM for Service, Sales, and Marketing. 3Dolphins connecting enterprise to customer.","166,266",https://3dolphins.ai,https://www.linkedin.com/company/3dolphinsai,https://www.facebook.com/3dolphinsai,https://twitter.com/3dolphinsAI,For Profit,,"Artificial Intelligence (AI), Data and Analytics, Information Technology, Science and Engineering, Software",51-100,,1,Seed
Gunung Raja Paksi,https://www.crunchbase.com/organization/gunung-raja-paksi,,"Manufacturing, Mining","Bekasi, Jawa Barat, Indonesia",PT Gunung Raja Paksi is an iron and steel company that produces beams and steel sheets.,"166,327",https://www.gunungrajapaksi.com/,https://www.linkedin.com/company/gunung-steel-group,https://www.facebook.com/gunungsteelgroup,https://twitter.com/gunungsteel,For Profit,,"Manufacturing, Natural Resources",101-250,International Finance Corporation,1,IPO
Blue Bird Group,https://www.crunchbase.com/organization/blue-bird,,"Logistics, Service Industry, Transportation","Jakarta, Jakarta Raya, Indonesia",Blue Bird Group is an Indonesian company providing transportation services across the country.,"167,138",http://www.bluebirdgroup.com/,https://www.linkedin.com/company/blue-bird-group/,http://www.facebook.com/bluebirdgroup.official,http://twitter.com/Bluebirdgroup,For Profit,,"Other, Transportation",1001-5000,Gojek,1,IPO
MD Pictures,https://www.crunchbase.com/organization/md-pictures,,"Film Production, TV","Jakarta, Jakarta Raya, Indonesia",MD Pictures is a film production company.,"167,390",https://www.mdpictures.com,https://www.linkedin.com/company/md-entertainment,https://www.facebook.com/MDPicturesIndonesia,https://twitter.com/mdpictures,For Profit,,"Media and Entertainment, Video",51-100,Tencent,1,IPO
Paireds,https://www.crunchbase.com/organization/paireds,,"Cloud Security, Compliance, Risk Management","Jakarta, Jakarta Raya, Indonesia",Paireds helps companies automate cloud security and simplify complex security compliance with the click of one button,"167,429",https://paireds.com/,https://www.linkedin.com/company/paireds,,,For Profit,,"Information Technology, Privacy and Security, Professional Services",1-10,Antler,1,Seed
PT Lister Teknologi Edukasi,https://www.crunchbase.com/organization/pt-lister-teknologi-edukasi,,"E-Learning, EdTech, Education","Yogyakarta, Yogyakarta, Indonesia",Lister offers a digital classroom platform aiming to provide coaching in different languages.,"167,717",https://lister.co.id,https://www.linkedin.com/company/listercoid,https://www.facebook.com/lister.idn,https://twitter.com/lister_id,For Profit,,"Education, Software",101-250,"Antler, Accelerating Asia",2,Seed
Berry Kitchen,https://www.crunchbase.com/organization/berry-kitchen,,"Customer Service, E-Commerce, Food and Beverage, Internet, Retail, Travel","Grogolpetamburan, Jakarta Raya, Indonesia",Berry Kitchen is a Indonesia's online food catering industry,"168,112",http://berrykitchen.com/new/,,http://www.facebook.com/berrykitchenjakarta,http://twitter.com/BerryKitchen,For Profit,,"Commerce and Shopping, Food and Beverage, Internet Services, Other, Professional Services, Travel and Tourism",101-250,"East Ventures, Sovereign’s Capital",2,M&A
kandang,https://www.crunchbase.com/organization/kandang,,"Financial Services, FinTech","Yogyakarta, Yogyakarta, Indonesia",Kandangin is Project Financing Platform Focus to help Farmers in Indonesia,"168,144",https://kandang.in/,https://www.linkedin.com/company/kandang-in,https://www.facebook.com/kandanginvestasi/,https://twitter.com/kandangin/,For Profit,,Financial Services,11-50,,1,
Sqouts,https://www.crunchbase.com/organization/sqouts,,"Human Resources, Recruiting, Staffing Agency","Jakarta, Jakarta Raya, Indonesia",Sqouts is a recruitment agency that helps companies in efficient and effective recruitment.,"168,377",https://www.sqouts.com/,,,,For Profit,,"Administrative Services, Professional Services",1-10,Antler,1,Seed
Zendz,https://www.crunchbase.com/organization/zendz,,FinTech,"Kuningan, Jakarta Raya, Indonesia",Cross Border Payment System,"168,795",https://www.zendz.id,https://www.linkedin.com/company/zendzid/,https://www.facebook.com/zendzation/,https://twitter.com/zendzation,For Profit,,Financial Services,11-50,,2,Seed
Buana Finance,https://www.crunchbase.com/organization/buana-finance,,"Finance, Financial Services","Jakarta, Jakarta Raya, Indonesia",Buana Finance offers financial services.,"169,696",https://www.buanafinance.co.id/,https://www.linkedin.com/company/buana-finance/,https://www.facebook.com/BuanaFinanceid/,https://twitter.com/buanafinanceid,For Profit,,Financial Services,51-100,PT Bank KEB Hana Indonesia,1,IPO
TIRANYX,https://www.crunchbase.com/organization/tiranyx,,"Advertising, Creative Agency, Digital Marketing, E-Commerce, Marketing, SaaS, SEO, Social Media","Bogor, Jawa Barat, Indonesia",Saas & Manage Services Company for Social Media / Commerce marketing,"169,836",https://tiranyx.co.id/,https://www.linkedin.com/company/tiranyx-digital-system,https://www.facebook.com/tiranyx/,,For Profit,,"Advertising, Commerce and Shopping, Content and Publishing, Internet Services, Media and Entertainment, Sales and Marketing, Software",11-50,Indigo by Telkom Indonesia,1,Seed
Academix,https://www.crunchbase.com/organization/academix,,"E-Learning, EdTech, Education, Online Portals, Training","Jakarta, Jakarta Raya, Indonesia",Transform low-skilled workers into highly skilled one and lead them to a better opportunity abroad,"169,958",https://academix.id,https://www.linkedin.com/company/academix-id,,,For Profit,,"Education, Internet Services, Software",11-50,Antler,1,Seed
Bank Nationalnobu,https://www.crunchbase.com/organization/bank-nationalnobu,,"Banking, Financial Services","Jakarta, Jakarta Raya, Indonesia",Bank Nationalnobu provides general banking services.,"170,261",https://www.nobubank.com/,,,,For Profit,,"Financial Services, Lending and Investments",1001-5000,"Hanwha Life, Tokyo Century",2,IPO
Ahlijasa,https://www.crunchbase.com/organization/ahlijasa,,"Android, Information Technology, Laundry and Dry-cleaning, Point of Sale, Procurement","Tangerang, Jawa Barat, Indonesia",Ahlijasa empowers laundry business in Indonesia with complete laundry-focused ERP system,"170,371",https://www.ahlijasa.com,https://www.linkedin.com/company/ahlijasa-com,https://www.facebook.com/ahlijasa,https://www.twitter.com/ahlijasa,For Profit,,"Clothing and Apparel, Commerce and Shopping, Information Technology, Mobile, Platforms, Software, Transportation",11-50,"500 Global, Pegasus Tech Ventures, Indogen Capital, GnB Accelerator, Kolibra Capital",4,
FUNDnesia,https://www.crunchbase.com/organization/fundnesia,,"B2B, FinTech","Jakarta, Jakarta Raya, Indonesia",We strive to help Thousands of MSMEs and People by delivering this breakthrough through hassle-free usury-free end-to end services.,"170,657",https://fundnesia.com/,https://www.linkedin.com/company/fundnesiaid/,https://www.facebook.com/fundnesiaID,https://twitter.com/fundnesia_id,For Profit,,"Financial Services, Other",11-50,,2,Seed
Invermay Ventures,https://www.crunchbase.com/organization/invermay-ventures,,"Financial Services, Venture Capital","Jakarta, Jakarta Raya, Indonesia",Invermay Ventures is a venture capital that actively contributes to providing funding to micro or SME businesses in Indonesia,"171,336",https://www.invermayventures.com,https://www.linkedin.com/company/invermay-ventures,,,For Profit,,"Financial Services, Lending and Investments",101-250,"Fauzi Sani, Alghi Mustika",4,Seed
AdPayLink,https://www.crunchbase.com/organization/adpaylink,,"Digital Marketing, E-Commerce, Finance, Lead Generation, Marketing","Yogyakarta, Yogyakarta, Indonesia","AdPayLink is a lead generating firm that offers URL shortning, digital and affiliate marketing, and an e-commerce platform.","171,822",https://adpaylink.com,,,,For Profit,,"Commerce and Shopping, Financial Services, Sales and Marketing",11-50,,,
Cineverse ID,https://www.crunchbase.com/organization/cineverse-id,,"Film, Film Distribution, Media and Entertainment, News","Tangerang, Jawa Barat, Indonesia",Cineverse ID is an online media portal providing complete news about Indonesian and international film industries.,"171,874",https://cineverse.id/,https://www.linkedin.com/company/cineverse-id/,https://www.facebook.com/cineverse.id/,https://twitter.com/cineverse_id,For Profit,,"Content and Publishing, Media and Entertainment, Video",1-10,,1,Seed
Artpedia,https://www.crunchbase.com/organization/artpedia,,"Blockchain, Information Technology, Marketplace, Non-Fungible Token (NFT)","Jakarta, Jakarta Raya, Indonesia",Artpedia is a cryptocurrency NFT marketplace.,"172,321",https://blog.artpedia.io,https://www.linkedin.com/company/artpediaio,,,For Profit,,"Blockchain and Cryptocurrency, Commerce and Shopping, Information Technology, Other",1-10,,1,Seed
HFI International,https://www.crunchbase.com/organization/hfi-international,,,"Jakarta, Jakarta Raya, Indonesia","HFI International is a consulting company that provides consulting services in management, finance and business development.","172,450",https://www.hfi.international,https://www.linkedin.com/company/hfi-ind-stria-importa-o-e-exporta-o-ltda-,,,For Profit,,,11-50,,,
Easybensin,https://www.crunchbase.com/organization/easybensin,,"E-Commerce, Information Technology, Software","Serpong, Jawa Barat, Indonesia","Mobile Fuel Pump Station supporting with SaaS, VMI with SaaS, Mobile App and Cashless Payment Method","172,495",http://easybensin.com,http://linkedin.com/company/pt-energi-artha-sentosa,https://www.facebook.com/OfficialEasybensin,http://twitter.com/[easybensin],For Profit,,"Commerce and Shopping, Information Technology, Software",11-50,"KK Mitra Usaha, Aida Viena Sisca Affan, Yusman Ariyudha, Anonymous three",3,Seed
Bursaku.id,https://www.crunchbase.com/organization/bursaku-id,,"Financial Services, Information Technology, Marketing","Medan, Sumatera Utara, Indonesia","Fintech, payment point, payment aggregator and business software builder. Products built : BRANCE ( Merchant), Paybuddy ( User)","172,528",https://www.bursaku.id,https://www.linkedin.com/company/bursaku/,,,For Profit,,"Financial Services, Information Technology, Sales and Marketing",11-50,,1,Seed
NusaTalent,https://www.crunchbase.com/organization/nusatalent,,"EdTech, Education, Enterprise Software, Human Resources","Jakarta, Jakarta Raya, Indonesia",NusaTalent is a talent ecosystem platform to find full-time and freelance jobs,"172,986",https://nusatalent.com,https://www.linkedin.com/company/nusatalent/,,,For Profit,,"Administrative Services, Education, Software",11-50,SKALA,2,Seed
Finplan ID,https://www.crunchbase.com/organization/finplan-id,,Education,"Bandung, Jawa Barat, Indonesia",A stock community & platform,"173,219",https://finplan.id/,https://www.linkedin.com/company/finplan-id/,https://www.facebook.com/finplan.id,https://twitter.com/Finplan_ID,For Profit,,Education,11-50,,1,Seed
RestoDepot,https://www.crunchbase.com/organization/restodepot,,"E-Commerce, Food and Beverage","Jakarta, Jakarta Raya, Indonesia",E-commerce Platform for F&B Businesses in Indonesia,"173,298",https://www.restodepot.id/,https://www.linkedin.com/company/resto-depot,https://www.facebook.com/restodepot.id,,For Profit,,"Commerce and Shopping, Food and Beverage",11-50,EverHaüs,2,Seed
Mangdropship,https://www.crunchbase.com/organization/mangdropship,,"E-Commerce, E-Commerce Platforms, Marketplace","Malang, Jawa Timur, Indonesia",The B2C Digital Marketplace platform uses the dropshiping method in Indonesia,"173,455",https://mangdropship.id,https://www.linkedin.com/company/14421608/,https://www.facebook.com/mangdropship.id/,https://twitter.com/mangdropship,For Profit,,"Commerce and Shopping, Internet Services",11-50,,1,Seed
TokoCrypto,https://www.crunchbase.com/organization/tokocrypto,,"Information Services, Information Technology, Internet","Jakarta, Jakarta Raya, Indonesia",TokoCrypto is an internet company located in Jakarta.,"173,617",https://www.tokocrypto.com,https://www.linkedin.com/company/tokocrypto,https://www.facebook.com/TokocryptoExchange,https://twitter.com/TokoCrypto,For Profit,,"Information Technology, Internet Services",101-250,"Binance, Signum Capital, Pnyx Ventures, Mapleblock Capital",2,M&A
Atenda,https://www.crunchbase.com/organization/atenda,,"Internet, Retail","Jakarta, Jakarta Raya, Indonesia",Atenda is a Human Resources app developed in Jakarta.,"173,812",https://www.atenda.id/,,https://www.facebook.com/atenda.id,,For Profit,,"Commerce and Shopping, Internet Services",1-10,SKALA,1,Seed
Otomo,https://www.crunchbase.com/organization/automo-1827,,"E-Commerce, Information Technology, Internet, Rental","Jakarta, Jakarta Raya, Indonesia",Otomo is a luxury vehicle rent platform.,"174,337",https://otomo.co/en/,https://www.linkedin.com/company/otomoco/,https://www.facebook.com/otomodotco/,,For Profit,,"Commerce and Shopping, Information Technology, Internet Services",1-10,"JTB Corp., Startup SG",4,
PT Trimitra Prawara Goldland,https://www.crunchbase.com/organization/pt-trimitra-prawara-goldland,,Real Estate,"Bogor, Jawa Barat, Indonesia",PT Trimitra Prawara Goldland is engaged in property development in Indonesia.,"174,364",http://www.trimitraprawaraland.co.id,https://www.linkedin.com/company/trimitra-prawara-goldland/,https://www.facebook.com/bumiabhirama/,,For Profit,,Real Estate,11-50,,,IPO
Awaken,https://www.crunchbase.com/organization/awaken-5628,,,"Japan, Jawa Tengah, Indonesia",Awaken was expelled from the country after we expressed our desire to make our country more beautiful and friendly to the government.,"174,445",https://www.awakenkakusei.net,,,https://www.twitter.com/AwakenNFT,For Profit,,,1-10,TopoStation,1,Seed
Home Credit Finance,https://www.crunchbase.com/organization/home-credit-b-v,,"Finance, Financial Services","Jakarta, Jakarta Raya, Indonesia",Home Credit is a finance company that provides financing services.,"175,106",https://www.homecredit.co.id/,https://www.linkedin.com/company/homecreditindonesia/,https://www.facebook.com/homecreditid/,https://www.twitter.com/@homecreditid,For Profit,,Financial Services,10001+,Deutsche Bank,1,
PT Cahaya Bintang Medan,https://www.crunchbase.com/organization/pt-cahaya-bintang-medan-tbk,,Furniture,"Senayan, Sumatera Utara, Indonesia",Cahaya Bintang Medan manufactures office and household appliances on a wholesale and retail market.,"175,629",http://www.cbm-furniture.com,https://www.linkedin.com/in/pt-cahaya-bintang-medan-tbk-0671061a6/,https://www.facebook.com/PT-Cahaya-Bintang-Medan-Tbk-110499483937299,,For Profit,,Consumer Goods,,,,IPO
Trukita,https://www.crunchbase.com/organization/trukita,,"Information Technology, Logistics, Marketplace, Small and Medium Businesses, Transportation","Jakarta Pusat, Jakarta Raya, Indonesia","Trukita is Indonesia's freight and trucking marketplace, as well as technology provider for transport companies.","175,756",http://www.trukita.com,https://www.linkedin.com/company/13202654/ ,https://www.facebook.com/trukitacom/ ,https://twitter.com/trukita_com ,For Profit,,"Commerce and Shopping, Information Technology, Other, Transportation",11-50,"Plug and Play, EverHaüs, PT. Astra International Tbk",2,M&A
Indonesian Chamber of Commerce and Industry,https://www.crunchbase.com/organization/indonesian-chamber-of-commerce-and-industry,,,"Setiabudi, Jakarta Raya, Indonesia",Indonesian Chamber of Commerce and Industry is an organization of Indonesian entrepreneurs engaged in the economy.,"176,168",https://kadin.id/,https://www.linkedin.com/company/kadin-indonesia,,,Non-profit,,,,,,
Bayan Resources,https://www.crunchbase.com/organization/bayan-resources,,"Mineral, Mining","Kebayoran Baru, Jakarta Raya, Indonesia",Bayan Resources is a coal mining company.,"176,172",https://www.bayan.com.sg/,https://www.linkedin.com/company/pt-bayan-resources-tbk/,https://www.facebook.com/PT-Bayan-Resources-Tbk-239697216049299/,,For Profit,,Natural Resources,1001-5000,,1,IPO
Digigarda,https://www.crunchbase.com/organization/digigarda-id,,"Apps, Mobile Apps, Physical Security, SaaS, Security","Jakarta, Jakarta Raya, Indonesia",Digital ecosystem for security industry,"176,264",http://www.digigarda.id,https://www.linkedin.com/company/digigarda/,,,For Profit,,"Administrative Services, Apps, Mobile, Privacy and Security, Software",11-50,,1,Seed
PicMix,https://www.crunchbase.com/organization/picmix,,"Information Technology, Photo Sharing, Social Media","Jakarta, Jakarta Raya, Indonesia",PicMix is a phone app for Blackberry smartphones that adds multiple effects to the users photos.,"176,521",http://picmix.it/,http://www.linkedin.com/company/picmix,,https://twitter.com/MyPicMix,For Profit,,"Content and Publishing, Information Technology, Internet Services, Media and Entertainment",11-50,"Gobi Partners, Google Launchpad Accelerator",2,Early Stage Venture
Paprika,https://www.crunchbase.com/organization/paprika,,"Apps, Financial Services, FinTech, Mobile, Payments","Medan, Sumatera Utara, Indonesia",A mobile payment app that allows users to pay at offline stores and monthly utility bills.,"176,662",https://www.paprika.co.id,https://www.linkedin.com/company/paprika-indonesia,https://www.facebook.com/paprika-indonesia-1605909989678806,,For Profit,,"Apps, Financial Services, Mobile, Payments, Software",11-50,GnB Accelerator,1,Seed
PT. Pakuan,https://www.crunchbase.com/organization/pt-pakuan,,"Restaurants, Tourism","Banten, Jawa Barat, Indonesia","PT. Pakuan provides accommodation, real estate, sports, and other recreational services.","176,830",http://www.ptpakuan.com,https://www.linkedin.com/company/pt-pakuan-tbk,,,For Profit,,"Food and Beverage, Travel and Tourism",101-250,,,IPO
Sticar,https://www.crunchbase.com/organization/sticar,,"Advertising, Advertising Platforms, Digital Marketing","Jakarta, Jakarta Raya, Indonesia",Sticar is an on-demand digital car advertising platform connecting driver and advertiser to create a powerfull campaign on the road.,"177,427",http://www.sti-car.com,https://www.linkedin.com/company/sticar,https://www.facebook.com/SticarIndonesia/,https://twitter.com/sticar_id,For Profit,,"Advertising, Sales and Marketing",1-10,"Pegasus Tech Ventures, Oxdream Group, GnB Accelerator",2,M&A
Pakde,https://www.crunchbase.com/organization/pakdé,,Shipping,"Cimanggis, Jawa Barat, Indonesia",Pakdé is a company that facilitates your online business operations as needed.,"178,440",https://pakde.co.id/,https://www.linkedin.com/company/pakde,,,For Profit,,Transportation,1-10,TN Kapital,1,M&A
WOWBID,https://www.crunchbase.com/organization/wowbid,,"Auctions, E-Commerce, Marketplace","Dki Jakarta, Jakarta Raya, Indonesia",WOWBID is a live stream auction marketplace featuring unique products & services.,"178,485",http://www.wowbid.live/,https://www.linkedin.com/company/wowbid/,https://www.facebook.com/wowbidliveauction/,https://twitter.com/wowbid_live,For Profit,,Commerce and Shopping,11-50,,1,Seed
ATTN,https://www.crunchbase.com/organization/attn,,"Casual Games, Online Games, Video Games","Jakarta, Jakarta Raya, Indonesia","ATTTN is a gaming organization that operates gaming businesses in the esports, mobile gaming, and creator economy sectors.","178,994",https://attn.sg/,https://www.linkedin.com/company/attentiongroup/,,,For Profit,,Gaming,501-1000,Alameda Research,1,
Hadiku,https://www.crunchbase.com/organization/hadiku-6917,,"E-Commerce, Real Estate","Buleleng, Bali, Indonesia",Hadiku is a booking platform for luxury villas in Bali. Providing one solution for luxury stay in Bali with affordable and best rates ever.,"179,623",https://www.hadiku.info,https://www.linkedin.com/company/88423476/admin/,https://www.facebook.com/hadiku.info,,For Profit,,"Commerce and Shopping, Real Estate",1-10,,2,Seed
PT Global Tiket Network,https://www.crunchbase.com/organization/pt-global-tiket-network,,"E-Commerce, Travel","Jakarta, Jakarta Raya, Indonesia",PT Global Tiket Network is an online travel booking website based in Indonesia.,"180,212",https://www.tiket.com/,https://www.linkedin.com/company/2439131,http://www.facebook.com/tiket,http://twitter.com/tiket,For Profit,,"Commerce and Shopping, Travel and Tourism",101-250,,1,M&A
Asdos.id,https://www.crunchbase.com/organization/asdos-id,,"E-Learning, EdTech, Education, Higher Education, Marketplace","Sleman, Yogyakarta, Indonesia",Edu-tech Marketplace Platform for Indonesia's Higher Education,"181,131",https://asdos.id,https://www.linkedin.com/company/asdos-id,,,For Profit,,"Commerce and Shopping, Education, Software",1-10,"Amazon Web Services, Yasuhiro Yamamoto",2,Seed
Pomona,https://www.crunchbase.com/organization/pomona-c008,,"E-Commerce, Retail","Jakarta, Jakarta Raya, Indonesia",Pomona aims to help bricks-and-mortar stores tackle the challenge of driving foot-traffic and increasing in-store engagement.,"181,151",https://web.pomona.id,https://www.linkedin.com/company/pomona-indonesia,https://www.facebook.com/PomonaIndonesia,https://twitter.com/pomona_id,For Profit,,Commerce and Shopping,11-50,"Pegasus Tech Ventures, Vynn Capital, Central Capital Ventura, Prasetia Dwidharma, Ventech China",3,Early Stage Venture
Medika Platform,https://www.crunchbase.com/organization/medika-platform,,"Business Information Systems, Health Care, Information Services","Jakarta, Jakarta Raya, Indonesia",Medika Platform is an integrated digital health platform that improves patient experience throughout their journey in healthcare services.,"182,398",https://medika-platform.com/,https://in.linkedin.com/company/medikaapp,https://www.facebook.com/MedikaApp/,https://x.com/medikaapp ,For Profit,,"Health Care, Information Technology",11-50,"Pegasus Tech Ventures, GnB Accelerator",2,Seed
Sicepat Express,https://www.crunchbase.com/organization/sicepat-express,,"Courier Service, Delivery, E-Commerce","Jakarta Pusat, Jakarta Raya, Indonesia","Sicepat Express provides services for last-mile delivery, warehousing and fulfillment, and middle-mile logistics.","183,170",http://www.sicepat.com,https://www.linkedin.com/company/sicepat-ekspres-indonesia/,https://www.facebook.com/pages/category/Company/Sicepat-Expres-118855821796096/,https://twitter.com/sicepat_ekspres,For Profit,,"Administrative Services, Commerce and Shopping, Transportation",10001+,"Pavilion Capital, MDI Ventures, Kejora Capital, Indies Capital Partners, Falcon House Partners",5,Early Stage Venture
The Founder,https://www.crunchbase.com/organization/thefounder-id,,"Angel Investment, Funding Platform, Incubators","Cilandak, Jakarta Raya, Indonesia","The Founder is an education facility for startup founders, entrepreneurs and CEOs to form business ideas and networks.","183,494",https://www.thefounder.id,https://www.linkedin.com/company/the-founder-id/,,,,,"Financial Services, Lending and Investments",501-1000,8Ventures,1,Seed
Bubays,https://www.crunchbase.com/organization/bubays,,"Agriculture, Delivery, E-Commerce, Food and Beverage, Health Care, Hospitality","Jakarta, Jakarta Raya, Indonesia",Bubays provides young families with healthy fresh baby food delivered directly to their home.,"185,053",https://www.bubays.id,https://www.linkedin.com/company/nutrination-pte-ltd/about/?viewAsMember=true,https://www.facebook.com/bubays.id/,,For Profit,,"Administrative Services, Agriculture and Farming, Commerce and Shopping, Food and Beverage, Health Care, Travel and Tourism",1-10,Antler,1,Seed
Bank Bumi Arta,https://www.crunchbase.com/organization/bank-bumi-arta,,"Banking, Finance, Financial Services","Jakarta Pusat, Jakarta Raya, Indonesia",Bank Bumi Arta is a commercial banking company that provides banking services to its customers.,"185,148",https://www.bankbba.co.id/,https://www.linkedin.com/company/pt-bank-bumi-arta-tbk/,,,For Profit,,"Financial Services, Lending and Investments",501-1000,PT Takjub Finansial Teknologi,2,IPO
AuthenticGuards,https://www.crunchbase.com/organization/authenticguards-indonesia,,Information Technology,"Jakarta, Jakarta Raya, Indonesia",AuthenticGuards is a anti counterfeiting system located in Jakarta.,"185,176",https://www.authenticguards.com,https://www.linkedin.com/company/authentic-guards,https://www.facebook.com/authenticguardtechnology,,For Profit,,Information Technology,11-50,"Vietnam Innovative Startup Accelerator, Indigo by Telkom Indonesia",1,Seed
TeleCTG,https://www.crunchbase.com/organization/telectg,,"Health Care, Medical, Medical Device","Jakarta, Jakarta Raya, Indonesia","Tele-CTG is a simplified cardiotocography (CTG) device that provides cost-effective, portable, and real-time data capturing.","185,505",https://telectg.co,,,https://www.twitter.com/telectg,For Profit,,Health Care,1-10,"Pegasus Tech Ventures, GnB Accelerator",2,Seed
Geraiku Indonesia,https://www.crunchbase.com/organization/geraiku-id,,"Communities, Emerging Markets, Mobile Apps, Retail Technology, Sharing Economy, Social Impact","Jakarta, Jakarta Raya, Indonesia",Elevates underserved traditional retail stores through Mobile Tech,"185,613",https://geraiku.co.id,https://linkedin.com/company/geraiku.id,https://facebook.com/geraiku.id,https://twitter.com/geraiku_id,For Profit,,"Apps, Commerce and Shopping, Community and Lifestyle, Hardware, Mobile, Other, Social Impact, Software",11-50,,1,Private Equity
inacom.id,https://www.crunchbase.com/organization/inacom-id,,"Agriculture, Farmers Market, IT Management, Logistics","Bogor, Jawa Barat, Indonesia",Inacom.id is an integrated upstream and downstream platform for agriculture and commodities.,"185,715",https://inacom.id,https://linkedin.com/company/inacom-id,https://www.facebook.com/Inacomid-324142768411897/,https://twitter.com/Inacomindonesia?s=08,For Profit,,"Agriculture and Farming, Food and Beverage, Information Technology, Transportation",11-50,,3,Seed
Enevti.com,https://www.crunchbase.com/organization/enevti,,"Blockchain, Content Creators, Cryptocurrency, Finance, Social Media","Jakarta, Jakarta Raya, Indonesia",Decentralized social media NFT Platform to help fans get an authentic relationship with their favorite influencers,"186,056",https://enevti.com/,https://www.linkedin.com/company/enevtihq,https://www.facebook.com/enevtihq,https://twitter.com/enevtihq,For Profit,,"Blockchain and Cryptocurrency, Financial Services, Internet Services, Media and Entertainment, Other, Payments, Software",11-50,,1,
Neptune Scuba Diving,https://www.crunchbase.com/organization/neptune-scuba-diving,,"Assisted Living, Diving, Recreation","Sanur, Bali, Indonesia","A unique dive center designed to provide high quality, safety orientated diving and snorkeling trips with base in Bali, Indonesia.","187,463",https://neptunedivingbali.com,https://www.linkedin.com/company/neptune-scuba-diving,https://facebook.com/neptunedivingbali,https://twitter.com/neptunebalidive,For Profit,,"Health Care, Sports",51-100,,1,Seed
Jaramba,https://www.crunchbase.com/organization/jaramba,,"Information Services, Information Technology, Mobile, Transportation","Bandung, Jawa Barat, Indonesia",A platform that helps you travel easier by making public transport more accessible.,"187,566",https://jaramba.id/,https://www.linkedin.com/company/jarambaid/,http://www.facebook.com/jaramba.id,,For Profit,,"Information Technology, Mobile, Transportation",11-50,Antler,1,Seed
Ragam Kabar,https://www.crunchbase.com/organization/ragam-kabar,,"Digital Media, News","Yogyakarta, Yogyakarta, Indonesia","Ragam Kabar provides information on the latest news, opinion, technology, seo, tutorials and announcements of important and actual news","188,655",https://ragamkabar.com,https://www.linkedin.com/in/ragam-kabar,https://www.facebook.com/ragamkabar,https://twitter.com/ragam_kabar,For Profit,,"Content and Publishing, Media and Entertainment",1-10,,1,Early Stage Venture
HartoTrans,https://www.crunchbase.com/organization/hartotrans,,"Transportation, Travel Agency","Jakarta, Jakarta Raya, Indonesia",Pusat Sewa ELF Jakarta,"188,920",https://hartotrans.com/,https://www.linkedin.com/company/hartotrans-indonesia/,https://www.facebook.com/hartotrans,,For Profit,,"Transportation, Travel and Tourism",11-50,,1,Seed
DIKA,https://www.crunchbase.com/organization/dika,,"Logistics, Marketplace","Medan, Sumatera Utara, Indonesia",A digital freight B2B marketplace for trucking to improve logistics efficiency with digital automation system and big data.,"188,924",https://dika-indonesia.com/,https://www.linkedin.com/company/digitalkargo,https://www.facebook.com/digitalkargo/,https://twitter.com/digitalkargo,For Profit,,"Commerce and Shopping, Transportation",1-10,,1,Seed
Ram's Casa,https://www.crunchbase.com/organization/ram-s-dojo-mojo-casa-house,,Software,"Tangerang, Jawa Barat, Indonesia",community based on connection and belonging.,"189,580",https://www.airbnb.co.id/rooms/966362093879670059?source_impression_id=p3_1698939773_%2F4hNwSBwk4BMF7J1,https://www.linkedin.com/company/rams-dojo/?viewAsMember=true,,,For Profit,,Software,1-10,,1,Seed
AGretail.id,https://www.crunchbase.com/organization/agretail-id,,Agriculture,"Jakarta, Jakarta Raya, Indonesia",Agriculture and SMEs Agregrator and Retail,"190,260",https://AGretail.id,https://www.linkedin.com/company/agretail,https://m.facebook.com/agretail.id/,,For Profit,,Agriculture and Farming,11-50,,1,Seed
Cooklab Indonesia,https://www.crunchbase.com/organization/cooklab-indonesia,,"Food and Beverage, Health Care, Personal Health","Jakarta, Jakarta Raya, Indonesia","Tech-driven solution to provide easy, affordable access to healthy eating","190,483",https://cooklab.id/,https://www.linkedin.com/company/cooklab-id,https://www.facebook.com/cooklab.id/,,For Profit,,"Food and Beverage, Health Care",1-10,,2,Seed
KLAR Smile,https://www.crunchbase.com/organization/klar-smile,,"Dental, Health Care","Yogyakarta, Yogyakarta, Indonesia",Klar is an aesthetic dental technology startup that provides cosmetic dentistry treatments.,"190,533",https://www.klarsmile.com/,https://www.linkedin.com/company/klarsmile/,https://www.facebook.com/KlarSmile,,For Profit,,Health Care,51-100,"East Ventures, AC Ventures, Venturra, Kopi Kenangan, Venturra Discovery",2,Seed
Finantier,https://www.crunchbase.com/organization/finantier,,"Financial Services, FinTech, Information Technology, Payments, Software","Jakarta, Jakarta Raya, Indonesia",Leading Open Finance platform powering the technical infrastructure enabling the next generation financial services across Southeast Asia,"190,678",https://finantier.co,https://www.linkedin.com/company/finantier,https://www.facebook.com/finantier,https://twitter.com/finantier,For Profit,,"Financial Services, Information Technology, Payments, Software",51-100,"Y Combinator, Genesia Ventures, Partech, East Ventures, Saison Capital",4,Seed
SawitPRO,https://www.crunchbase.com/organization/sawitpro,,"Agriculture, AgTech, E-Commerce, Information Technology","Jakarta, Jakarta Raya, Indonesia",Digital solutions with a purpose of improving lives of Palm Oil smallholders sustainably through education & technology,"191,104",https://www.sawitpro.com/,https://www.linkedin.com/company/sawitpro/?originalSubdomain=id,https://www.facebook.com/sawitpro.id/,,For Profit,,"Agriculture and Farming, Commerce and Shopping, Information Technology",51-100,,1,Seed
Food Bear,https://www.crunchbase.com/organization/food-bear,,"Food and Beverage, Food Delivery, Organic Food, Sustainability","Semarang, Jawa Barat, Indonesia",Food Bear is sustainable food startup.,"191,116",https://www.foodbear.co,https://www.linkedin.com/company/foodbear,https://facebook.com/foodbearkitchen/,,For Profit,,"Food and Beverage, Sustainability, Transportation",1-10,,2,Seed
Captivate,https://www.crunchbase.com/organization/captivate-3458,,"Advertising, Brand Marketing, Web Development","Jakarta, Jakarta Raya, Indonesia","Captivate is an information technology company that offers branding, package design, and website development services.","191,248",https://www.captivatebrand.com/,https://www.linkedin.com/company/captivate-brand/,,,For Profit,,"Advertising, Sales and Marketing, Software",1-10,,,
Agung Podomoro Land,https://www.crunchbase.com/organization/agung-podomoro-land,,,"Jakarta, Jakarta Raya, Indonesia",Agung Podomoro Land is a property development company.,"191,445",https://www.agungpodomoroland.com/,https://www.linkedin.com/company/pt-agung-podomoro-land-tbk,,,Non-profit,,,1001-5000,,1,IPO
PT Ultrajaya Milk Industry,https://www.crunchbase.com/organization/pt-ultrajaya-milk-industry,,"Consumer, Consumer Goods, Food and Beverage","Bandung, Jawa Barat, Indonesia",Indonesia's leading producer of aseptic dairy products,"191,641",http://www.ultrajaya.co.id/,https://www.linkedin.com/company/pt-ultrajaya,https://www.facebook.com/pages/PT-Ultra-Jaya-Milk-Industry-Tbk/178639305502759,,For Profit,,"Consumer Goods, Food and Beverage, Other",1001-5000,"Decker & Co, SucorInvest",1,IPO
SpaceAds,https://www.crunchbase.com/organization/spaceads,,"Advertising, Advertising Platforms, Marketing","Jakarta Pusat, Jakarta Raya, Indonesia",SpaceAds is an advertising company that offers marketing and brand promotion services.,"191,681",https://www.spaceads.id,https://www.linkedin.com/company/spaceads-id,,,For Profit,,"Advertising, Sales and Marketing",11-50,8Ventures,1,Seed
CALLISTA,https://www.crunchbase.com/organization/callista,,"Beauty, Cosmetics, Wellness","Gunungputri, Jawa Tengah, Indonesia",CALLISTA is a skincare products manufacturer.,"191,887",https://www.callista.co.id/,https://www.linkedin.com/company/callistabeauty/,https://www.facebook.com/CallistaCare/,https://twitter.com/callistacare?lang=en,For Profit,,"Consumer Goods, Health Care",11-50,SKALA,1,Seed
TADA,https://www.crunchbase.com/organization/giftcard-co-id,,"Advertising, E-Commerce, Gift Card, Information Technology, Loyalty Programs, Marketing Automation, Payments, SaaS, Software","Jakarta, Jakarta Raya, Indonesia","SaaS, Customer Retention Platform (CRP)","191,966",https://usetada.com/,https://www.linkedin.com/company/usetada,https://www.facebook.com/useTADA/,,For Profit,,"Advertising, Commerce and Shopping, Financial Services, Information Technology, Payments, Sales and Marketing, Software",101-250,"InnoVen Capital, MDI Ventures, Sovereign’s Capital, Finch Capital, SAP.iO",7,
Madhang,https://www.crunchbase.com/organization/madhang,,"Catering, Cooking, E-Commerce, Food and Beverage, Food Delivery, Food Processing, Marketplace, Point of Sale","Semarang, Jawa Barat, Indonesia","Madhang are marketplace for food but we only focused on home made food, local food and SMEs in culinary sector","191,987",https://madhang.id,https://www.linkedin.com/company/madhang,https://facebook.com/madhang.id,https://twitter.com/madhang_id,For Profit,,"Commerce and Shopping, Food and Beverage, Transportation",101-250,,2,Seed
Wagginton,https://www.crunchbase.com/organization/wagginton,,"E-Commerce, Pet","Jakarta, Jakarta Raya, Indonesia",Our pet e-commerce App offers a digital-first customer proposition with personalized engagement that delights customers.,"192,547",https://wagginton.com,https://www.linkedin.com/company/wagginton/?viewAsMember=true,https://www.facebook.com/Wagginton.id?mibextid=LQQJ4d,,For Profit,,"Commerce and Shopping, Community and Lifestyle",11-50,,1,Seed
Buttonscarves,https://www.crunchbase.com/organization/buttonscarves,,"Beauty, Cosmetics, Fashion, Jewelry, Textiles","Jakarta, Jakarta Raya, Indonesia",Buttonscarves is a retail company.,"192,735",https://www.buttonscarves.com,https://www.linkedin.com/company/buttonscarves/,https://www.facebook.com/buttonscarves.id/,,For Profit,,"Clothing and Apparel, Consumer Goods, Design, Manufacturing",51-100,"Endeavor Indonesia, Qverse",2,
Trabo,https://www.crunchbase.com/organization/trabo,,"Tourism, Travel","Jakarta, Jakarta Raya, Indonesia",Trabo is a travel company located in Jakarta,"193,889",http://trabo.co/,https://www.linkedin.com/company/trabo-booking,https://www.facebook.com/trabobooking/,https://twitter.com/trabobooking/,For Profit,,Travel and Tourism,1-10,"Hesham Zreik, FasterCapital, Bashar Hamood",1,Seed
Tokobox,https://www.crunchbase.com/organization/tokobox,,,"Kuningan, Jakarta Raya, Indonesia",Tokobox operates as a social commerce platform that enables millions of job creation.,"194,905",https://tokobox.co,https://linkedin.com/company/tokobox,,,For Profit,,,11-50,Antler,1,Seed
Asia Group Advisors,https://www.crunchbase.com/organization/asia-group-advisors,,"Advice, Government, Professional Services, Public Relations, Risk Management","Jakarta, Jakarta Raya, Indonesia","Asia Group Advisors specializes in public affairs, government relations, crisis management, economic analysis, and acquisition services.","195,154",https://asiagroupadvisors.com/,https://www.linkedin.com/company/asia-group-advisors/,https://www.facebook.com/asiagroupadvisors/,,For Profit,,"Government and Military, Media and Entertainment, Other, Professional Services, Sales and Marketing",11-50,,,M&A
Storial.co,https://www.crunchbase.com/organization/storial-co,,"Digital Entertainment, Internet, Media and Entertainment","Jakarta, Jakarta Raya, Indonesia",Storial is an internet digital entertainment company that provides reading novels online and uploads stories.,"195,482",http://www.storial.co/,https://www.linkedin.com/company/storial-co/,https://www.facebook.com/storial,https://twitter.com/StorialCo,For Profit,,"Internet Services, Media and Entertainment",1-10,SKALA,1,Seed
Mecapan,https://www.crunchbase.com/organization/mecapan,,"Beauty, Internet, Marketplace","Jakarta, Jakarta Raya, Indonesia",Mecapan is a solution for salon and beauty treatment providers.,"195,731",https://www.mecapan.com/,https://www.linkedin.com/company/mecapan/,https://www.facebook.com/mecapanbeauty/,https://twitter.com/mecapanbeauty,For Profit,,"Commerce and Shopping, Consumer Goods, Internet Services",11-50,,1,
bimbelmc,https://www.crunchbase.com/organization/bimbelmc,,"College Recruiting, Continuing Education, E-Learning, Edutainment, MOOC, Personal Development, Primary Education, Skill Assessment, Textbook, Tutoring","Makassar, Sulawesi Selatan, Indonesia",All-in-one education for students.,"195,827",https://www.bimbelmc.id/,https://www.linkedin.com/company/bimbelmc/,,,For Profit,,"Administrative Services, Education, Media and Entertainment, Software",11-50,Randy Aries Saputra,5,Seed
Garudafood,https://www.crunchbase.com/organization/garudafood-putra-putri,,Consumer Goods,"Kebayoran Lama Utara, Jakarta Raya, Indonesia",Garudafood is a consumer goods producer.,"196,582",http://www.garudafood.com/,https://www.linkedin.com/company/pt-garudafood-putra-putri-jaya-tbk,,,For Profit,,Consumer Goods,5001-10000,"Hormel Foods, Bank BTPN, PT Bank HSBC Indonesia, PT Bank DBS Indonesia, Citibank Indonesia",2,IPO
Geevv,https://www.crunchbase.com/organization/geevv,,"Advertising, Internet, Search Engine","Jakarta, Jakarta Raya, Indonesia",Geevv is a search engine that gives donation from every search you do. Now help the world is easy as searching on internet.,"196,716",http://www.geevv.com,https://www.linkedin.com/company/invogroup,,https://twitter.com/Geevvcom,For Profit,,"Advertising, Internet Services, Sales and Marketing",11-50,"Oxdream Group, Bekraf",4,M&A
Pallav Technologies,https://www.crunchbase.com/organization/pallav-technologies,,Financial Services,"Dki Jakarta, Jakarta Raya, Indonesia",Pallav Tech helps lending institutions build advanced digital systems with expertise in credit risk and technology.,"197,041",https://www.pallav.tech/,https://www.linkedin.com/company/pallav-technologies/,,,,,Financial Services,11-50,"M Venture Partners (MVP), Monk’s Hill Ventures, Kadan Capital",1,Seed
YourPay,https://www.crunchbase.com/organization/yourpay-5245,,"Finance, Financial Services, Software","Jakarta, Jakarta Raya, Indonesia",Yourpay is a developer of a financial platform designed to provide mobile banking services.,"197,122",https://yourpay.co/,https://www.linkedin.com/company/yourpayindonesia,https://www.facebook.com/YourpayID,https://twitter.com/Yourpay_id,For Profit,,"Financial Services, Software",1-10,"500 Global, W inc.",2,
Kating Project Indonesia,https://www.crunchbase.com/organization/kating-project-indonesia,,"Graphic Design, Information Technology, Product Design, Web Design","Cileungsi, Jawa Barat, Indonesia",Design Services | Animation | UI/UX | Course Design,"197,394",https://znap.link/katingproject,https://www.linkedin.com/company/kating-project-indonesia/about/?viewAsMember=true,https://www.facebook.com/katingproject.katingproject,,For Profit,,"Design, Information Technology",1-10,None Provided None Provided,1,Seed
Soul Parking,https://www.crunchbase.com/organization/soul-parking,,Parking,"Jakarta, Jakarta Raya, Indonesia",Soul Parking is a parking management service company.,"197,469",http://www.soulparking.co.id/,https://www.linkedin.com/company/soul-parking,https://www.facebook.com/SPNsoulparking,https://twitter.com/soulparking_id,For Profit,,Transportation,51-100,"AppWorks, AC Ventures, Wavemaker Partners, Agaeti Venture Capital, Startup Studio Indonesia",4,Early Stage Venture
Peta Careers,https://www.crunchbase.com/organization/peta-careers,,Education,"Jakarta, Jakarta Raya, Indonesia",Peta Careers is a Start-up structure that seeks to fill the void of learning and knowledge possessed by undergraduate students.,"197,613",,http://www.linkedin.com/company/peta-careers/,,,Non-profit,,Education,101-250,,1,Seed
GNEWS,https://www.crunchbase.com/organization/gnews-social-media-news,,"Advertising, Mobile, News, Social Media","Jakarta, Jakarta Raya, Indonesia",Social Media News search platform to find and collect the most recent perspectives and user-relevant news in one mobile app.,"197,702",http://gnews.id,,,https://twitter.com/gnewsid,For Profit,,"Advertising, Content and Publishing, Internet Services, Media and Entertainment, Mobile, Sales and Marketing",1-10,,2,Seed
kumparan,https://www.crunchbase.com/organization/kumparan,,"Advertising, Media and Entertainment","Jakarta, Jakarta Raya, Indonesia",kumparan is an Indonesian media platform that aiming to deliver good quality contents to the right audience.,"198,239",https://kumparan.com/,https://www.linkedin.com/company/kumparan/,https://www.facebook.com/kumparancom,https://twitter.com/kumparan,For Profit,,"Advertising, Media and Entertainment, Sales and Marketing",251-500,"Argor Capital, GDP Venture",2,M&A
Hype,https://www.crunchbase.com/organization/hype-5692,,"Advertising, Information Technology, Internet","Jakarta, Jakarta Raya, Indonesia",Marketing Technology Platform,"198,644",https://hype.co.id/,https://www.linkedin.com/company/hypecoid/,,,For Profit,,"Advertising, Information Technology, Internet Services, Sales and Marketing",1-10,,1,Seed
Tasty Table,https://www.crunchbase.com/organization/tasty-table,,"Food and Beverage, Food Delivery","Japan, Jawa Tengah, Indonesia",Tasty Table is a set of recipes written exclusively for Tasty Table by professional chefs and cooks and also provides a kit for cooking.,"198,935",https://tastytable.jp,,https://www.facebook.com/TastyTablemealkit,,For Profit,,"Food and Beverage, Transportation",1-10,"ANRI, East Ventures, YJ Capital, Yusuke Sato",2,M&A
Pertamina Patra Niaga,https://www.crunchbase.com/organization/pertamina-patra-niaga,,"Energy Efficiency, Energy Management, Logistics, Oil and Gas, Transportation","Jakarta, Jakarta Raya, Indonesia","Pertamina Patra Niaga is an oil and gas firm that focuses on fuel trading, fuel handling, fleet management, and depot management services.","199,437",https://pertaminapatraniaga.com/hsse,https://www.linkedin.com/company/ptpertaminapatraniaga/about/,https://www.facebook.com/patraniagarjbt/,https://twitter.com/PatraNiagaRJBT,For Profit,,"Energy, Natural Resources, Sustainability, Transportation",501-1000,,,
TGI Technologies,https://www.crunchbase.com/organization/tgi-technologies,,SaaS,"Jakarta, Jakarta Raya, Indonesia",SaaS Vertical Business App,"199,952",https://tgi.biz.id,,https://www.facebook.com/profile.php?id=100092172753813,https://twitter.com/tgiinvestama,For Profit,,Software,1-10,,1,Seed
Jarvis Store,https://www.crunchbase.com/organization/jarvis-store,,"Apps, E-Commerce, Information Services, Information Technology, Internet, Software","Jakatra, Jakarta Raya, Indonesia","Jarvis Store is a cloud-based, mobile-optimized online store builder for small and medium-sized businesses.","200,174",https://www.jarvis-store.com,https://www.linkedin.com/company/jarvis-store,https://www.facebook.com/jarvisstore,https://twitter.com/jarvis_store,For Profit,,"Apps, Commerce and Shopping, Information Technology, Internet Services, Software",11-50,"Indigo by Telkom Indonesia, Google Launchpad Accelerator",2,Seed
Tinggal,https://www.crunchbase.com/organization/tinggal,,"Hotel, Internet, Marketplace","Jakarta, Jakarta Raya, Indonesia",Tinggal is a Indonesia based company,"200,918",http://www.tinggal.com/,https://www.linkedin.com/company/10487833,https://www.facebook.com/tinggalhotels/,https://twitter.com/tinggal_id,For Profit,,"Commerce and Shopping, Internet Services, Travel and Tourism",11-50,"Mangrove Capital Partners, Simile Venture Partners, Prafulla Mathur, Vikas Saxena",1,Seed
LEXA,https://www.crunchbase.com/organization/lexa,,"Artificial Intelligence (AI), Consumer Research, Information Technology, Legal, Legal Tech","Semarang, Jawa Barat, Indonesia",Intelligent legal assistant for Southeast Asian modern legal professionals.,"201,208",https://lexa.lazuardy.tech,https://www.linkedin.com/company/lazuardy,,https://x.com/lazuardytech,For Profit,,"Artificial Intelligence (AI), Data and Analytics, Design, Information Technology, Professional Services, Science and Engineering, Software",1-10,,,
Kamoo,https://www.crunchbase.com/organization/kamoo,,"Business Development, Business Information Systems, Business Intelligence","Yogyakarta, Yogyakarta, Indonesia",Kamoo is a business company that aids the business documentation.,"201,225",https://www.kamoo.id/,https://www.linkedin.com/company/kamooid/,https://www.facebook.com/profile.php/?id=100038549535480,,For Profit,,"Data and Analytics, Information Technology, Professional Services",1-10,Antler,1,Seed
Shortir,https://www.crunchbase.com/organization/shortir,,"Digital Media, Internet, Media and Entertainment, News, Online Portals","Jakarta, Jakarta Raya, Indonesia",news selection everyday in 60 words,"201,399",http://www.shortir.com,https://www.linkedin.com/company/13202641?trk=tyah&trkInfo=clickedVertical%3Acompany%2CclickedEntityId%3A13202641%2Cidx%3A2-1-2%2CtarId%3A1472639547948%2Ctas%3Ashortir,https://www.facebook.com/Shortir/,https://twitter.com/ShortirNews,For Profit,,"Content and Publishing, Internet Services, Media and Entertainment",11-50,Indonesia Internet Group (IIG),1,M&A
Ovento,https://www.crunchbase.com/organization/ovento,,Marketplace,"Jakarta, Jakarta Raya, Indonesia","Indonesia's first marketplace for business opportunities, licenses & franchises. Our platform connects business owners with investors.","201,414",https://ovento.co.id,https://www.linkedin.com/company/oventoindonesia,,,For Profit,,Commerce and Shopping,1-10,Startup Studio Indonesia,2,Seed
Eisen Precision,https://www.crunchbase.com/organization/eisen-precision,,"Automotive, Industrial, Manufacturing, Motorsports","Medan, Sumatera Utara, Indonesia","We specialize in precision CNC machining for accurate, customized part production, serving various manufacturing sectors in Indonesia","201,584",https://eisenindonesia.com/,https://www.linkedin.com/company/eisen-precision/,https://www.facebook.com/eisenprecision,,For Profit,,"Manufacturing, Sports, Transportation",11-50,,2,Seed
IFT Group,https://www.crunchbase.com/organization/ift-group-8a29,,Information Technology,"Jakarta, Jakarta Raya, Indonesia",Information Technology Solution,"202,086",https://iftgroup.id,https://www.linkedin.com/in/iftgroup-admin-803a5221a,https://www.facebook.com/p/IFT-Group-100083067615748,,For Profit,,Information Technology,11-50,,3,Early Stage Venture
Valutac,https://www.crunchbase.com/organization/valutac,,"E-Commerce, EdTech, Software","Tangerang, Jawa Barat, Indonesia",Valutac is custom software development and consulting company located in Tangerang.,"202,652",https://valutac.com/,https://www.linkedin.com/company/valutac/,https://www.facebook.com/valutac/,https://twitter.com/valutac?lang=en,For Profit,,"Commerce and Shopping, Education, Software",51-100,,1,Seed
ayopeduli.com,https://www.crunchbase.com/organization/ayopeduli-com,,"Association, Communities, Education, Health Care, Non Profit, Online Portals, Service Industry","Jakarta, Jakarta Raya, Indonesia",Ayopeduli.com adalah platform kolaborasi aksi sosial dimana kami mengajak masyarakat untuk berperan aktif dalam membantu aksi-aksi sosial.,"202,670",http://ayopeduli.com,https://www.linkedin.com/company/5533344,https://www.facebook.com/pages/ayopedulicom/326964637333186,https://twitter.com/ayopeduli,For Profit,,"Community and Lifestyle, Education, Health Care, Internet Services, Other, Social Impact",1-10,,1,
PesanLab,https://www.crunchbase.com/organization/pesanlab,,"Health Care, Health Diagnostics","Jakarta Pusat, Jakarta Raya, Indonesia",Platform For Blood Testing and Medical Checkup From The Best Labs Around You,"203,135",https://www.pesanlab.com,https://www.linkedin.com/company/pesanlab/,https://www.facebook.com/pesanlab,https://twitter.com/pesanlab,For Profit,,Health Care,11-50,"Pegasus Tech Ventures, GnB Accelerator",3,Seed
Foodgasm,https://www.crunchbase.com/organization/foodgasm,,"Apps, Delivery, E-Commerce, Food and Beverage, Food Delivery, Information Technology, Internet, Internet of Things","Serpong, Jawa Barat, Indonesia",Foodgasm is a digital ordering system that emphasizing on the latest Order-Ahead feature and its expanding open API delivery service.,"203,905",http://www.foodgasm.id,,https://www.facebook.com/foodgasm.id,https://www.twitter.com/foodgasm_id,For Profit,,"Administrative Services, Apps, Commerce and Shopping, Food and Beverage, Information Technology, Internet Services, Software, Transportation",1-10,,1,Seed
hidup.co.id,https://www.crunchbase.com/organization/hidup-co-id,,"Real Estate, Rental Property","Jakarta, Jakarta Raya, Indonesia",Find your next home in Indonesia,"204,701",https://www.hidup.co.id/,https://www.linkedin.com/company/17876301/admin/,https://www.facebook.com/hidupcoid-299762917076884/?fref=ts,https://twitter.com/hidupid,For Profit,,Real Estate,1-10,BlueChilli,1,Seed
Royal House,https://www.crunchbase.com/organization/royal-house,,"Construction, Property Development","Medan, Sumatera Utara, Indonesia",Royal House (member of Kencana Company Group) is a professional building contractor & consultant in Indonesia,"204,805",https://royalhouse.co.id,https://www.linkedin.com/company/royalhousecoid/,,,For Profit,,Real Estate,101-250,Kencana Company Group,1,Early Stage Venture
TiketEvent,https://www.crunchbase.com/organization/tiketevent,,"E-Commerce, Event Management, Event Promotion, Ticketing","Surabaya, Jawa Timur, Indonesia","Manage Tiket Event Kamu Jauh Lebih Mudah, Daftarkan Acaramu dan mulai jual Tiket Online di TiketEvent.com Sekarang.","206,266",https://tiketevent.com,https://www.linkedin.com/company/tiket-event/,https://www.facebook.com/tiketeventcom/,,For Profit,,"Commerce and Shopping, Events, Media and Entertainment",1-10,,1,
FluksAqua,https://www.crunchbase.com/organization/fluksaqua-79ec,,Aquaculture,"Malang, Jawa Timur, Indonesia",early-stage startup aiming to revolutionize the shrimp farming industry in Indonesia with an ESG approach,"206,315",https://fluksshrimp.com,https://www.linkedin.com/company/fluksshrimp,,,For Profit,,Agriculture and Farming,51-100,,1,Seed
OVO,https://www.crunchbase.com/organization/ovo-787b,,"Information Services, Payments","Jakarta, Jakarta Raya, Indonesia",OVO is one of the leading players in the digital payment sector.,"207,030",https://www.ovo.id/,https://www.linkedin.com/company/ovo_id/,,,For Profit,,"Financial Services, Information Technology, Payments",501-1000,"Cakra Ventures, ONEW",1,M&A
Liquid8,https://www.crunchbase.com/organization/liquid8,,"B2B, Logistics, Retail, Wholesale","Depok, Jawa Barat, Indonesia",Liquid8 is a B2B company that provides retail liquidation and delivery management solutions through partnerships with third-party logistics.,"207,295",https://liquid8.co.id/en/,https://www.linkedin.com/company/liquid8id/,https://www.facebook.com/liquid8wholesale,,For Profit,,"Commerce and Shopping, Other, Transportation",11-50,SPIL Ventures,1,Seed
Sonicboom,https://www.crunchbase.com/organization/sonicboom,,"Data Management, Information Technology, Software","Jakarta, Jakarta Raya, Indonesia","Sonicboom provides targeted, offline data sharing through high-frequency soundwaves.","208,350",https://sonicboom.co.id,https://www.linkedin.com/company/sonicboom-tech/,,,For Profit,,"Data and Analytics, Information Technology, Software",11-50,"Indogen Capital, EverHaüs, Indigo by Telkom Indonesia",2,Seed
GoCement,https://www.crunchbase.com/organization/gocement,,"Building Material, Construction, E-Commerce, Marketplace, Procurement","Surabaya, Jawa Timur, Indonesia",B2B marketplace for Indonesia’s construction and real estate industry,"208,763",https://www.gocement.com/,https://www.linkedin.com/company/gocementid/,,,For Profit,,"Commerce and Shopping, Real Estate, Transportation",51-100,"MDI Ventures, BEENEXT, Kejora Capital, ARISE, Ideosource VC",3,Seed
OtoSpector,https://www.crunchbase.com/organization/otospector,,"Automotive, Consulting, Information Technology","Jakarta, Jakarta Raya, Indonesia",OtoSpector is an online platform that provides used car assessment services.,"209,124",https://otospector.co.id/,https://www.linkedin.com/company/otospector,https://www.facebook.com/otospector/,https://twitter.com/otospector?lang=en,For Profit,,"Information Technology, Professional Services, Transportation",11-50,"Gan Kapital, GK-Plug and Play Indonesia, Salt Ventures",2,Seed
MyBrand,https://www.crunchbase.com/organization/mybrand-18ad,,"Consumer, E-Commerce, Marketplace, Service Industry","Dki Jakarta, Jakarta Raya, Indonesia",MyBrand is the first Culinary Social Marketplace Application which supports home culinary and application technology reseller systems.,"209,145",http://www.mybrand.co.id,https://www.linkedin.com/company/mybrand-indonesia/,https://www.facebook.com/mybrand.id/,https://twitter.com/Mybrand_id,For Profit,,"Commerce and Shopping, Other",11-50,Accelerating Asia,1,M&A
LoveCare,https://www.crunchbase.com/organization/lovecare,,"Fitness, Wellness","Dki Jakarta, Jakarta Raya, Indonesia",LoveCare is here to assist you in spending more quality time with your family and friends.,"209,230",https://lovecare.id,https://www.linkedin.com/company/lovecare-indonesia,,,For Profit,,"Health Care, Sports",11-50,UN Women Care Accelerator,1,Seed
Indosat Ooredoo,https://www.crunchbase.com/organization/indosat-ooredoo,,"Information Technology, Internet, Telecommunications","Jakarta, Jakarta Raya, Indonesia",The leading digital telecommunications company in Indonesia that provides access and connectivity to every person and business.,"209,949",http://www.indosatooredoo.com,,https://www.facebook.com/IM3Ooredoo,https://twitter.com/im3ooredoo,For Profit,,"Hardware, Information Technology, Internet Services",11-50,,,
ARKADEMI,https://www.crunchbase.com/organization/arkademi,,"E-Learning, EdTech, Education, Enterprise Applications, Mobile Apps, MOOC","Jakarta, Jakarta Raya, Indonesia",Vocational training platform helping 185m working-age Indonesians upskill and increase monthly earnings by 20%.,"209,957",https://arkademi.com/,https://www.linkedin.com/company/arkademi,https://www.facebook.com/arkademiedu,,For Profit,,"Apps, Education, Mobile, Software",51-100,"SOSV, Artesian VC",4,
bundaslot,https://www.crunchbase.com/organization/bundaslot,,,"Yogyakarta, Yogyakarta, Indonesia","Nikmati sensasi permainan slot dengan tema menarik dan animasi berkualitas tinggi.""","210,387",https://bundaslot1.pages.dev/,,,,,,,,,,
Prinzio,https://www.crunchbase.com/organization/prinzio,,"Manufacturing, Outsourcing, Printing","Kuningan, Jakarta Raya, Indonesia",Prinzio is a commercial printing outsourcing,"210,984",http://www.prinzio.com/,https://www.linkedin.com/company/prinzio,https://www.facebook.com/prinzioid,https://www.twitter.com/prinziosay,For Profit,,"Content and Publishing, Manufacturing, Media and Entertainment, Professional Services",1-10,"East Ventures, Raksul",1,M&A
CEO PT. Matahari Putra Prima Tbk,https://www.crunchbase.com/organization/mppa,,"Consumer, Retail","Tangerang, Jawa Barat, Indonesia",MPPA is supermarket company.,"211,008",http://www.mppa.co.id/,https://www.linkedin.com/company/pt-matahari-putra-prima-tbk/,,,For Profit,,"Commerce and Shopping, Other",5001-10000,Gojek,1,IPO
Mengayu,https://www.crunchbase.com/organization/mengayu,,"Service Industry, Training","Yogyakarta, Yogyakarta, Indonesia","Mengayu aims at empowering vulnerable women, including victims of domestic and dating violence and those who have lost their jobs.","211,030",https://mengayu.com,https://www.linkedin.com/company/mengayu,,,For Profit,,"Education, Other",,Singapore International Foundation - SIF,1,
Dealls Jobs,https://www.crunchbase.com/organization/deall,,"Employment, Human Resources, Recruiting","Jakarta, Jakarta Raya, Indonesia","Dealls is an online portal that facilitates job searching,application and screening process.","211,210",https://dealls.com,https://www.linkedin.com/company/dealls,,https://twitter.com/DeallsJobs/,For Profit,,"Administrative Services, Professional Services",101-250,"Y Combinator, Goodwater Capital, Hummingbird Ventures",1,Seed
AirBumi,https://www.crunchbase.com/organization/airbumi,,Food and Beverage,"Jakarta, Jakarta Raya, Indonesia",Airbumi is a social startup engaged in the supply of ready to drink water.,"211,305",https://airbumi.com,https://www.linkedin.com/company/airbumi-com,,,For Profit,,Food and Beverage,1-10,,1,Seed
IDN Media,https://www.crunchbase.com/organization/idn-media,,"Content Creators, Digital Entertainment, Event Management, Film, Information Technology, Music, News, Publishing, Social Media, Video Streaming","Jakarta, Jakarta Raya, Indonesia",IDN Media is the leading media platform company for Millennials and Gen Z in Indonesia with over 80 million MAU in our ecosystem.,"211,532",http://www.IDN.media,https://www.linkedin.com/company/idn-media,https://www.facebook.com/idntimes,,For Profit,,"Content and Publishing, Events, Information Technology, Internet Services, Media and Entertainment, Music and Audio, Video",501-1000,"East Ventures, North Base Media, EV Growth, Tokopedia, Dentsu",6,Late Stage Venture
Bilik PIntar,https://www.crunchbase.com/organization/bilik-pintar,,"Artificial Intelligence (AI), Generative AI, Information Technology","Dki Jakarta, Jakarta Raya, Indonesia","Generative AI, SaaS, Artificial Intelligence, Web App, Image Generation Service, Large Language Model","211,679",https://www.bilikpintar.com,,,,For Profit,,"Artificial Intelligence (AI), Data and Analytics, Information Technology, Science and Engineering, Software",1-10,PT Senang Buana Maju (Main Corporation),1,Seed
GREENS,https://www.crunchbase.com/organization/greens-01cd,,"AgTech, Blockchain, Information Technology, Internet of Things, Web3","Jakarta, Jakarta Raya, Indonesia",Hyperlocal Food System on Web3,"211,740",https://www.greens.id,https://www.linkedin.com/company/greenspod/,,,For Profit,,"Agriculture and Farming, Blockchain and Cryptocurrency, Information Technology, Internet Services, Other",11-50,East Ventures,1,Seed
Lands' End,https://www.crunchbase.com/organization/lands-end-japan,,"Consumer Goods, E-Commerce, Online Portals","Japan, Jawa Tengah, Indonesia","Lands' End is a seller of footwear, bags, and accessories.","212,132",http://www.landsend.co.jp,https://www.linkedin.com/company/lands'-end-japan,https://www.facebook.com/LandsEndJapan,https://twitter.com/landsendjapan,For Profit,,"Commerce and Shopping, Consumer Goods, Internet Services",1001-5000,,,
Hukumonline.com,https://www.crunchbase.com/organization/hukumonline-com,,"Artificial Intelligence (AI), Compliance, Information Services, Knowledge Management, Legal, Legal Tech, Natural Language Processing, SaaS","Jakarta, Jakarta Raya, Indonesia","Indonesia's Leading Regulatory Technology and Media Company, envisioned to help everyone better understand the law.","212,196",https://www.hukumonline.com,https://www.linkedin.com/company/hukumonline.com/,https://www.facebook.com/hukumonlinecom/,https://twitter.com/hukumonline?lang=en,For Profit,,"Administrative Services, Artificial Intelligence (AI), Data and Analytics, Information Technology, Other, Professional Services, Science and Engineering, Software",251-500,"Media Development Investment Fund, Emerging Media Opportunity Fund I (EMOF I)",3,Early Stage Venture
Riliv,https://www.crunchbase.com/organization/riliv,,"Apps, Health Care, Information Services, Information Technology, Psychology, Wellness","Surabaya, Jawa Timur, Indonesia",Riliv is an online counseling and meditation platform for healthier.,"213,227",https://riliv.co/,https://www.linkedin.com/company/riliv/,https://www.facebook.com/rilivapp/,,For Profit,,"Apps, Health Care, Information Technology, Software",51-100,"East Ventures, Teja Ventures, Indigo by Telkom Indonesia, Benson Capital, Shweta Shrivastava",2,Seed
sekolah.mu,https://www.crunchbase.com/organization/sekolah-mu,,"E-Learning, Primary Education, Secondary Education, Tutoring","Dki Jakarta, Jakarta Raya, Indonesia",Sekolah.mu is the school with a blended learning system in Indonesia.,"213,313",https://www.sekolah.mu,https://www.linkedin.com/company/sekolahmu,,https://twitter.com/sekolahmu,For Profit,,"Education, Software",501-1000,"MDI Ventures, Endeavor Indonesia, Init 6, Tinc",3,Early Stage Venture
KulinerKu,https://www.crunchbase.com/organization/foody-cari-makan,,"Catering, Food and Beverage, Small and Medium Businesses","Yogyakarta, Yogyakarta, Indonesia",Promoting Food & Beverage to Local Neighbourhood,"213,434",https://kulinerku.id/,https://www.linkedin.com/company/kulinerku,https://www.facebook.com/aplikasikulinerku,,For Profit,,"Food and Beverage, Other",1-10,,1,Seed
Telkomsel,https://www.crunchbase.com/organization/telkomsel,,"Communications Infrastructure, Mobile, Telecommunications","Jakarta, Jakarta Raya, Indonesia",Telkomsel is a brand name of a GSM and UMTS Mobile phone network.,"213,491",http://www.telkomsel.com/,https://www.linkedin.com/company/telkomsel,https://www.facebook.com/telkomsel,https://twitter.com/telkomsel,For Profit,,"Hardware, Mobile",1001-5000,,,
Botika,https://www.crunchbase.com/organization/botika,,"Artificial Intelligence (AI), Customer Service, E-Commerce, Machine Learning, Social Media, Tourism, Travel, Virtual Assistant","Yogyakarta, Yogyakarta, Indonesia",Botika develops virtual assistants with the use of artificial intelligent and machine learning technology solutions.,"213,761",http://botika.online/,https://www.linkedin.com/company/botika/,https://www.facebook.com/botikaonline/,https://twitter.com/BotikaOnline,For Profit,,"Artificial Intelligence (AI), Commerce and Shopping, Data and Analytics, Internet Services, Media and Entertainment, Other, Professional Services, Science and Engineering, Software, Travel and Tourism",1-10,UMG IdeaLab,1,Seed
Nabati Group,https://www.crunchbase.com/organization/nabati-group,,"Food and Beverage, Food Processing, Snack Food","Bandung, Jawa Barat, Indonesia","Nabati Group focuses on FMCG, particularly food and beverages, with products like AMO carbonated soft drinks.","214,147",https://www.nabatigroup.com,,https://www.facebook.com/profile.php?id=100094566653528,https://twitter.com/nabatigroup,For Profit,,Food and Beverage,11-50,,,
Soltius,https://www.crunchbase.com/organization/soltius,,"Cloud Data Services, Cloud Management, Data Management, IT Management, Retail","Jakarta, Jakarta Raya, Indonesia","Soltius is an IT firm that helps in analytics, human capital, cloud services, retail, content, and data management.","214,536",https://www.soltius.co.id/,https://www.linkedin.com/company/soltius/,https://www.facebook.com/SOLTIUSINDONESIA/,https://twitter.com/soltiusindo,For Profit,,"Commerce and Shopping, Data and Analytics, Information Technology, Internet Services, Software",251-500,,,
Kioson,https://www.crunchbase.com/organization/kioson,,"E-Commerce, Internet, Internet of Things, Mobile Apps, Online Portals, Software","Jakarta, Jakarta Raya, Indonesia",Kioson is a digital application intended for all Small Stores,"214,583",https://www.kioson.com/,https://www.linkedin.com/company/kiosonindonesia/,https://www.facebook.com/KiosonIndonesia/,,For Profit,,"Apps, Commerce and Shopping, Internet Services, Mobile, Software",101-250,PT Mitra Komunikasi Nusantara Tbk,1,IPO
Comunity Node,https://www.crunchbase.com/organization/comunity-node,,"Blockchain, Cryptocurrency, Web Apps","Surabaya, Jawa Timur, Indonesia",POS Blockchain Validator,"214,813",https://comunitynode.my.id,,,,Non-profit,,"Apps, Blockchain and Cryptocurrency, Financial Services, Other, Payments, Software",1-10,,1,Seed
Delta138,https://www.crunchbase.com/organization/delta138,,Gaming,"Jakarta Pusat, Jakarta Raya, Indonesia",Delta138 is a gaming service that offers a comprehensive and immersive gaming experience.,"215,523",https://demazia.org,,,,For Profit,,Gaming,51-100,,,
Fintelite,https://www.crunchbase.com/organization/sribuu,,"Apps, Financial Services, FinTech","Jakarta, Jakarta Raya, Indonesia",Fintelite is an AI-powered personal financial advisor that help Indonesians reach their financial dreams.,"216,013",https://fintelite.ai/,https://www.linkedin.com/company/sribuu/,,https://twitter.com/sribuu_id,For Profit,,"Apps, Financial Services, Software",11-50,"Y Combinator, BEENEXT, Hi2 Venture Fund, Endeavor Indonesia",3,Seed
PopIt Snack,https://www.crunchbase.com/organization/popit-snack,,"Agriculture, AgTech, Application Performance Management, Cloud Infrastructure, E-Commerce, Manufacturing","Bandung, Jawa Barat, Indonesia",PopIt Snack is a trademark from PT. Mandiri Tunggal Sejahtera Berkarya as a supplier and manufacturer of packaged food and beverages.,"216,126",https://popitsnack.com/,https://www.linkedin.com/company/popitsnack/,https://www.facebook.com/popItsnack/,https://twitter.com/PopItSnack/,For Profit,,"Agriculture and Farming, Commerce and Shopping, Data and Analytics, Hardware, Internet Services, Manufacturing, Software",11-50,"Telkom Indonesia, Franciscus Zheng, Kementerian Riset, Teknologi, dan Pendidikan Tinggi (Kemenristekdikti)",3,Seed
Kidspace,https://www.crunchbase.com/organization/kidspace-2acd,,"Education, Parenting","Jakarta, Jakarta Raya, Indonesia",An application and website for parents who want to organize their children's leisure time,"216,422",https://www.kidspace.id,https://www.linkedin.com/company/kidspace-indonesia/,https://www.facebook.com/kidspace.id,,For Profit,,"Community and Lifestyle, Education",1-10,,1,Seed
Bank Central Asia,https://www.crunchbase.com/organization/bank-central-asia,,"Banking, Finance, Financial Services, Personal Branding","Jakarta, Jakarta Raya, Indonesia",Bank Central Asia is an Indonesian private bank that provides financial solutions to achieve optimal satisfaction for customers.,"216,849",https://www.bca.co.id/,https://www.linkedin.com/company/pt-bank-central-asia-tbk/,https://www.facebook.com/BankBCA/,https://twitter.com/bankbca,For Profit,,"Financial Services, Lending and Investments, Sales and Marketing",10001+,,,
JD.ID,https://www.crunchbase.com/organization/jd-id,,"E-Commerce, Retail Technology, Shopping","Jakarta, Jakarta Raya, Indonesia","JD.ID provides a reliable, fast, safe to select a range of original quality products at competitive prices.","218,309",https://www.jd.id/,https://www.linkedin.com/company/jd-id,https://www.facebook.com/jdid,https://www.twitter.com/jdid,For Profit,,"Commerce and Shopping, Hardware, Software",1001-5000,Gojek,1,
Nadi,https://www.crunchbase.com/organization/nadipos,,"Point of Sale, Restaurants, Software","Jakarta, Jakarta Raya, Indonesia",NadiPos is a point of sales system software.,"218,489",https://www.nadipos.com/,https://www.linkedin.com/company/nadipos,https://www.facebook.com/nadisystem,https://twitter.com/nadisystem,For Profit,,"Commerce and Shopping, Food and Beverage, Software",11-50,Google Launchpad Accelerator,1,
Plomo,https://www.crunchbase.com/organization/plomo,,"App Marketing, Local, Location Based Services","Jakarta, Jakarta Raya, Indonesia",Plomo is mobile app the offers users access for 1 complimentary drink a day at top bars and restaurants.,"218,548",http://www.getplomo.com,,https://www.facebook.com/getplomo,,For Profit,,"Data and Analytics, Internet Services, Navigation and Mapping, Sales and Marketing",,GnB Accelerator,2,Seed
Bird House - Wanderlust Sanctuary,https://www.crunchbase.com/organization/bird-house-wanderlust-sanctuary,,"Recreation, Restaurants, Tourism","Wates, Yogyakarta, Indonesia","Bird House - A sanctuary made by cafe experts, aiming to enhance the lives of locals while seeking $45,000 to create a unique ecosystem.","218,958",,,,,For Profit,,"Food and Beverage, Sports, Travel and Tourism",1-10,,1,Seed
SATU Dental,https://www.crunchbase.com/organization/satu-dental-clinic,,"Dental, Health Care","Jakarta, Jakarta Raya, Indonesia",Satu Dental provides access to affordable and high-quality dental treatments,"219,139",https://www.satudental.com/,https://www.linkedin.com/company/satudental,https://www.facebook.com/satudental,https://twitter.com/kedoktergigi,For Profit,,Health Care,11-50,Alpha JWC Ventures,1,Seed
Helo4D Official,https://www.crunchbase.com/organization/helo4d-official,,Advertising,"Dki Jakarta, Jakarta Raya, Indonesia",Websites,"219,336",https://heylink.me/HELO4DREGISTER/,,https://web.facebook.com/helo4drtp/,https://twitter.com/Helo4D_Ofc,For Profit,,"Advertising, Sales and Marketing",11-50,,,
Tripvisto,https://www.crunchbase.com/organization/tripvisto,,"Adventure Travel, Tourism, Travel","Jakarta, Jakarta Raya, Indonesia",Tripvisto.com is a provider of tour packages,"219,986",http://www.tripvisto.com,https://www.linkedin.com/company/tripvisto,http://www.facebook.com/tripvisto,http://twitter.com/tripvisto,For Profit,,Travel and Tourism,11-50,"East Ventures, Gobi Partners",2,Early Stage Venture
AMODA,https://www.crunchbase.com/organization/amoda,,"Construction, Real Estate","Jakarta, Jakarta Raya, Indonesia","AMODA revolutionizes the conventional process of development and construction, allowing it to be faster, better, and more transparent.","220,099",http://amoda.id,https://www.linkedin.com/company/amoda-modular/,https://web.facebook.com/Amoda.id,,For Profit,,Real Estate,11-50,"East Ventures, Endeavor Indonesia, Startup Studio Indonesia, Living Lab Ventures, Aksara Ventures",4,Seed
Prosa.ai,https://www.crunchbase.com/organization/prosa-ai,,"Artificial Intelligence (AI), Information Technology, Machine Learning, Natural Language Processing, Software","Bandung, Jawa Barat, Indonesia",Prosa.ai provides an integrated artificial intelligence solutions for natural language processing.,"220,572",https://www.prosa.ai,https://www.linkedin.com/company/prosa-ai/,https://www.facebook.com/prosaai/,https://twitter.com/prosa_ai?lang=en,For Profit,,"Artificial Intelligence (AI), Data and Analytics, Information Technology, Science and Engineering, Software",51-100,GDP Venture,2,Early Stage Venture
SolusiHP,https://www.crunchbase.com/organization/solusihp,,"Business Information Systems, Guides, Information Services, Mobile, Shopping","Jakarta, Jakarta Raya, Indonesia",SolusiHP - Solusi Cerdas Komunikasi Pintar,"220,713",http://www.solusihp.com,,http://id-id.facebook.com/pages/wwwsolusihpcom/179555246325,http://twitter.com/misterhape,For Profit,,"Commerce and Shopping, Information Technology, Media and Entertainment, Mobile",1-10,,,
Properin Group,https://www.crunchbase.com/organization/properin,,"Information Technology, Property Management, Real Estate Investment","Dki Jakarta, Jakarta Raya, Indonesia",Properin is a property investment company that creates a property investment platform.,"221,078",http://www.properin.com,https://www.linkedin.com/company/properin/,,,For Profit,,"Financial Services, Information Technology, Real Estate",1-10,Oxdream Group,2,M&A
PrimaKu,https://www.crunchbase.com/organization/primaku,,Health Care,"Jakarta, Jakarta Raya, Indonesia",PrimaKu is an app that provides a pediatric health monitoring system for children.,"221,808",https://www.primaku.com/,https://www.linkedin.com/company/primaku,,,For Profit,,Health Care,11-50,"AppWorks, Northstar Group, BRI Ventures, Alto Partners, BIG Ventures",2,Seed
MobilKamu,https://www.crunchbase.com/organization/mobilkamu,,"Automotive, Manufacturing, Mobile, Retail","Setiabudi, Jakarta Raya, Indonesia",MobilKamu is an end-to-end solution for car buyers in Jakarta which combines technology with first-class customer service.,"222,403",http://mobilkamu.com/,https://www.linkedin.com/company/6594537,https://www.facebook.com/mobilkamuindonesia,https://x.com/mobilkamu,For Profit,,"Commerce and Shopping, Manufacturing, Mobile, Transportation",51-100,"Genesia Ventures, East Ventures, Melbourne Accelerator Program, Denali Venture Partners",3,Early Stage Venture
PT PAL Indonesia,https://www.crunchbase.com/organization/pt-pal-indonesia,,"Government, Manufacturing, Marine Technology","Surabaya, Jawa Timur, Indonesia","PT PAL Indonesia is a marine technology company that designs, develops, repairs, and maintains ships and submarines.","222,645",https://www.pal.co.id/,https://www.linkedin.com/company/pt-pal-indonesia/,,https://twitter.com/ptpal_indonesia,Non-profit,,"Government and Military, Manufacturing, Science and Engineering",1001-5000,,,
Macroscope Berdikari Nusantara,https://www.crunchbase.com/organization/macroscope-berdikari-nusantara,,"Fashion, Laundry and Dry-cleaning","Malang, Jawa Timur, Indonesia","PT Macroscope Berdikari Nusantara is an apparel business that operates under two brands, namely Macroscope and Leapitup.","223,156",https://macroscope.id/,https://id.linkedin.com/company/macroscope-indonesia,,,For Profit,,"Clothing and Apparel, Design",11-50,,1,Seed
Nusantera,https://www.crunchbase.com/organization/nusantera,,"Apps, Electronics, Information Technology, Internet of Things, Software, Web Development","Yogyakarta, Yogyakarta, Indonesia",Nusantera develops IoT based technology for businesses and industries.,"223,855",https://www.nusantera.com,https://www.linkedin.com/company/nusantera,,,For Profit,,"Apps, Consumer Electronics, Hardware, Information Technology, Internet Services, Software",11-50,,1,
My Fans,https://www.crunchbase.com/organization/my-fans-ecfd,,"Apps, E-Commerce, Information Technology, Internet, Mining, Software","Serang, Banten, Indonesia","is engaged in the business of apps, transportation services based on applications online,Logistics, Payments.","223,887",https://www.crowdfunder.com/user/211692#companies,https://www.linkedin.com/in/my-fans-61542b175/,,,For Profit,,"Apps, Commerce and Shopping, Information Technology, Internet Services, Natural Resources, Software",1-10,Dedi Supriadi,2,Early Stage Venture
FamilyTime,https://www.crunchbase.com/organization/familytime-io,,"Children, Internet, Parenting","Japan, Jawa Tengah, Indonesia",FamilyTime offers parental control tools for children's digital safety.,"224,098",http://familytime.io,,https://www.facebook.com/FamilyTimeApp,https://twitter.com/FamilyTime_App,For Profit,,"Community and Lifestyle, Internet Services",51-100,,1,Private Equity
Zhonghua PV,https://www.crunchbase.com/organization/zhonghua-pv,,,"Jakarta, Jakarta Raya, Indonesia",Zhonghua PV 1st Chinese Cloud Kitchen.,"224,199",https://www.zhonghuapavilion.com,,https://www.facebook.com/profile.php?id=100063746155850,,For Profit,,,11-50,,1,Seed
GoPay,https://www.crunchbase.com/organization/gopay-b745,,"Financial Services, Online Portals, Payments","Kebayoran Baru, Jakarta Raya, Indonesia",GoPay is an all-in-one digital wallet that enables sending and receiving money quicker and simpler.,"224,533",https://gopay.co.id/,https://www.linkedin.com/company/go_pay/,https://www.facebook.com/gopayindonesia,https://twitter.com/gopayindonesia,For Profit,,"Financial Services, Internet Services, Payments",251-500,,,
Gio Group Indonesia,https://www.crunchbase.com/organization/gio-group-indonesia,,"Consumer Goods, E-Commerce, Furniture, Interior Design","Jakarta, Jakarta Raya, Indonesia",Gio Group Indonesia is a furniture retail start up that customizes product.,"224,724",,https://www.linkedin.com/company/gio-group-indonesia,,,For Profit,,"Commerce and Shopping, Consumer Goods, Design, Real Estate",1-10,,1,Seed
Edukita,https://www.crunchbase.com/organization/edukita,,"E-Learning, EdTech, Education","Jakarta, Jakarta Raya, Indonesia",Edukita provides an online platform to deliver an effective English teaching experience.,"225,056",https://www.edukita.com/,https://www.linkedin.com/company/edukitalive/,https://www.facebook.com/EdukitaLIVE/,,For Profit,,"Education, Software",11-50,"500 Global, Open Campus, W ventures, 500 Southeast Asia, Mulia Sky Capital",3,Seed
Bank Syariah Indonesia,https://www.crunchbase.com/organization/pt-bank-syariah-indonesia,,"Banking, Financial Services","Jakarta Pusat, Jakarta Raya, Indonesia","Bank Syariah Indonesia provides financial services, insurance and lending services.","225,313",http://www.bankbsi.co.id,https://www.linkedin.com/company/bank-syariah-indonesia,https://m.facebook.com/bankBSI.ID,https://twitter.com/bankbsi_id,For Profit,,"Financial Services, Lending and Investments",10001+,,,IPO
Etana,https://www.crunchbase.com/organization/etana,,"Biopharma, Biotechnology, Health Care, Medical, Oncology, Pharmaceutical","Jakarta, Jakarta Raya, Indonesia",Etana is focused on the production and sales of biopharmaceuticals for oncology and life-threatening diseases.,"225,937",https://www.id.etanabiotech.com/,https://www.linkedin.com/company/pt-etana-biotechnologies-indonesia/,,,For Profit,,"Biotechnology, Health Care, Science and Engineering",501-1000,"Highlight Capital, East Ventures, YF Capital, KFW DEG",2,Early Stage Venture
Teman Usaha,https://www.crunchbase.com/organization/teman-usaha,,"Finance, Financial Services, FinTech, Mobile, Mobile Apps","Jakarta, Jakarta Raya, Indonesia",Teman Usaha is a micro-financing application that connects lenders in Indonesia with high quality loan applicants.,"226,374",http://temanusaha.com/,,,,For Profit,,"Apps, Financial Services, Mobile, Software",1-10,"muru-D, RCL Accelerator",1,Seed
Tentor,https://www.crunchbase.com/organization/tentor,,"E-Learning, Primary Education, Secondary Education","Bandung, Jawa Barat, Indonesia",Tentor is a primary education institution located in Bandung.,"226,448",http://tentor.co.id/,https://www.linkedin.com/company/tentor/,,,For Profit,,"Education, Software",101-250,,,
Bootstrapmade,https://www.crunchbase.com/organization/bootstrapmade,,"E-Commerce, Marketplace, Web Design","Tangerang, Jawa Barat, Indonesia",Twitter bootstrap themes marketplace,"226,574",http://bootstrapmade.com,,http://www.facebook.com/bootstrapmade,http://twitter.com/bootstrapmade,For Profit,,"Commerce and Shopping, Design",1-10,,,
Yukjual,https://www.crunchbase.com/organization/yukjual,,"Agriculture, E-Commerce, Marketplace","Bandar Lampung, Lampung, Indonesia",#1 Community-Marketplace in Indonesia,"226,671",https://yukjual.com/,https://www.linkedin.com/company/yukjual,https://www.facebook.com/yukjualofficial/,,For Profit,,"Agriculture and Farming, Commerce and Shopping",1-10,,1,Seed
The Ascott,https://www.crunchbase.com/organization/the-ascott-e819,,"Hospitality, Resorts","Jakarta, Jakarta Raya, Indonesia","The Ascott provides an opportunity in space planning, architecture, engineering, and interior design, and can analyze design concepts.","226,784",https://www.discoverasr.com/,https://www.linkedin.com/company/the-ascott-limited/,https://www.facebook.com/discoverasr/,https://www.twitter.com/DiscoverASR,For Profit,,Travel and Tourism,5001-10000,,,
Nebeng.com,https://www.crunchbase.com/organization/nebeng-com,,"Internet, Web Apps","Jakarta, Jakarta Raya, Indonesia",Nebeng.com is a web apps company located in Jakarta.,"226,846",http://nebeng.com/,https://www.linkedin.com/company/mitra-utama,https://www.facebook.com/pg/wwwnebengcom/,,For Profit,,"Apps, Internet Services, Software",,,,
Horego,https://www.crunchbase.com/organization/horego,,Information Technology,"Jakarta, Jakarta Raya, Indonesia",Indonesia's #1 Food Discovery App,"227,407",https://www.horego.com,https://www.linkedin.com/company/horego-com,,,For Profit,,Information Technology,51-100,,,
Rintisan,https://www.crunchbase.com/organization/rintisan,,"Business Development, Financial Services, Franchise, Marketplace","Jakarta, Jakarta Raya, Indonesia","Rintisan is Indonesia's largest marketplace for business opportunities, licensing, and supply chain solutions","227,695",https://rintisan.co.id,https://www.linkedin.com/company/rintisan,https://www.facebook.com/rintisan.waralaba,,For Profit,,"Commerce and Shopping, Financial Services, Other, Professional Services",11-50,Indigo by Telkom Indonesia,1,
Frappio,https://www.crunchbase.com/organization/frappio,,"Apps, Incubators, Information Technology, Mobile Apps, Professional Services, Social Media, Software, Venture Capital","Semaran, Jawa Tengah, Indonesia","Website, Application, Software, Information Technology","227,701",https://frappio.biz,https://www.linkedin.com/company/frappio,https://www.facebook.com/frappio,,For Profit,,"Apps, Financial Services, Information Technology, Internet Services, Lending and Investments, Media and Entertainment, Mobile, Other, Software",51-100,,1,
Amity Asia Agency,https://www.crunchbase.com/organization/amity-asia-agency,,"Concerts, Events, Music","Jakarta, Jakarta Raya, Indonesia","Amity Asia Agency is a booking agency, representing acclaimed figures in the very new and emerging area of entertainment.","227,926",http://www.amityasia.com/,https://www.linkedin.com/company/18234637/,https://www.facebook.com/amityasia/,https://www.twitter.com/amityasia,For Profit,,"Events, Media and Entertainment, Music and Audio",1-10,,1,Seed
Musi,https://www.crunchbase.com/organization/musi,,Music,"Jakarta, Jakarta Raya, Indonesia",Musi is an app for iPhone that allows you to stream any YouTube or SoundCloud song for free.,"228,172",http://feelthemusi.com,https://www.linkedin.com/company/musi-inc-,,https://twitter.com/feelthemusi,For Profit,,"Media and Entertainment, Music and Audio",1-10,,,
Largo.ID,https://www.crunchbase.com/organization/largo-id,,"Consulting, Software, Supply Chain Management","Jakarta, Jakarta Raya, Indonesia","Supply Chain Tech, Warehouse Management System, Enterprise App","228,298",https://largo.id/investor/,https://www.linkedin.com/company/largo-id/,,,For Profit,,"Professional Services, Software, Transportation",11-50,,1,Seed
Pupuk Indonesia,https://www.crunchbase.com/organization/pupuk-indonesia,,"Agriculture, Chemical, Manufacturing","Jakarta, Jakarta Raya, Indonesia","Pupuk Indonesia manufactures, and distributes urea fertilizer products along with product coloring services for agricultural industries.","228,335",https://www.pupuk-indonesia.com/,https://www.linkedin.com/company/pt-pupuk-indonesia-holding-company/,https://www.facebook.com/Pupuk.Indonesia/,https://mobile.twitter.com/pupuk_indonesia,For Profit,,"Agriculture and Farming, Manufacturing, Science and Engineering",10001+,,,
Tjufoo,https://www.crunchbase.com/organization/tjufoo,,"Consumer, Retail","Jakarta, Jakarta Raya, Indonesia",Tjufoo creates a community of like-minded entrepreneurs.,"228,438",https://www.tjufoo.com,https://www.linkedin.com/company/tjufoo,,,For Profit,,"Commerce and Shopping, Other",101-250,"TNB Aura, Venturra, Mulia Sky Capital",1,Seed
Untukmu.AI,https://www.crunchbase.com/organization/untukmu-ai,,"Artificial Intelligence (AI), Gift, Gift Card","Jakarta, Jakarta Raya, Indonesia",Untukmu AI utilizes AI functions to assist corporations and individuals in finding personalized gifts.,"228,656",https://www.untukmu.ai,https://www.linkedin.com/company/untukmu-ai,,https://twitter.com/untukmuai,For Profit,,"Artificial Intelligence (AI), Commerce and Shopping, Data and Analytics, Financial Services, Science and Engineering, Software",11-50,1982 Ventures,1,Seed
Earth Oblivion,https://www.crunchbase.com/organization/chronofi,,"Blockchain, Gaming","Surakarta, Jawa Tengah, Indonesia",EARTH OBLIVION ( Previously CHRONOFi ) is a Play-to-Earn Sci-Fi Action MMORPG,"228,732",https://earthoblivion.io,https://www.linkedin.com/company/earthoblivion/,,https://twitter.com/earthoblivion_,For Profit,,"Blockchain and Cryptocurrency, Gaming, Other",11-50,,1,Seed
Midtrans,https://www.crunchbase.com/organization/veritrans,,"E-Commerce, FinTech, Payments, Risk Management","Jakarta, Jakarta Raya, Indonesia",Midtrans empowers eCommerce through technology.,"229,075",https://midtrans.com/,https://www.linkedin.com/company/midtrans,https://www.facebook.com/Midtranscom/,https://twitter.com/Midtrans_com,For Profit,,"Commerce and Shopping, Financial Services, Payments, Professional Services",51-100,,,M&A
Evoware,https://www.crunchbase.com/organization/evoware,,,"Jakarta, Jakarta Raya, Indonesia","Seaweed-Based Packaging - Packaging that's edible, nutritious, customizable and biodegradable.","229,339",http://www.evoware.id/,,,,For Profit,,,11-50,Ango Ventures,1,Seed
Nightspade,https://www.crunchbase.com/organization/nightspade,,Mobile,"Bandung, Jawa Barat, Indonesia",Nightspade is a Game Studio. We aspire to deliver happiness to people through games & will continue to do so for the centuries to come.,"229,657",http://www.nightspade.com,https://www.linkedin.com/company/nightspade,http://www.facebook.com/nightspade,http://twitter.com/thenightspade,For Profit,,Mobile,11-50,GameFounders,1,Seed
Radius App,https://www.crunchbase.com/organization/radius-app-b0ee,,"Apps, Internet, Lifestyle","Bali, Jawa Barat, Indonesia",Mobile App - travel and lifestyle experiences all located within your radius.,"229,790",https://www.radius-app.com,https://www.linkedin.com/company/radius-groups/,https://www.facebook.com/radiusgroups/,,For Profit,,"Apps, Community and Lifestyle, Internet Services, Software",1-10,,1,Seed
Tado,https://www.crunchbase.com/organization/tado-b7d7,,,"Permata, Jakarta Raya, Indonesia",Tado is an interactive content platform that helps user to be part of the story.,"230,127",https://www.tadotv.com/,https://www.linkedin.com/company/tado-tv/about/,https://www.facebook.com/Hello.TADOTV,,For Profit,,,11-50,"Insignia Ventures Partners, Merah Putih, Prasetia Dwidharma, EverHaüs, UMG IdeaLab",1,Seed
Mucho Indonesia,https://www.crunchbase.com/organization/mucho-indonesia,,E-Commerce,"Jakarta, Jakarta Raya, Indonesia",Mucho Indonesia is the #1 Social Commerce in Indonesia.,"230,771",https://mucho.asia,https://www.linkedin.com/company/muchoindonesia/,,,For Profit,,Commerce and Shopping,51-100,Qiming Venture Partners,1,Seed
Saturdays,https://www.crunchbase.com/organization/saturdays,,"Eyewear, Manufacturing","Kuningan, Jakarta Raya, Indonesia",Saturdays are an innovative eyewear manufacturer that combines style and comfort.,"231,011",https://saturdays.com/,https://www.linkedin.com/company/saturdays-id/,,,For Profit,,"Consumer Goods, Manufacturing",251-500,"Alpha JWC Ventures, DSG Consumer Partners, Altara Ventures, Kinesys Group, Alto Partners",4,Early Stage Venture
Oto,https://www.crunchbase.com/organization/carbay-indonesia,,"Automotive, E-Commerce","Jakarta, Jakarta Raya, Indonesia",CarBay is now Oto.com in Indonesia. Oto.com is Indonesia's new cars research platform.,"231,144",https://www.oto.com,https://www.linkedin.com/company/oto.com/,https://www.facebook.com/TheOfficialOto/,https://twitter.com/TheOfficialOto,For Profit,,"Commerce and Shopping, Transportation",501-1000,,,
Collabolancer,https://www.crunchbase.com/organization/collabolancer,,"Blockchain, Cryptocurrency, Freelance, Marketplace, Outsourcing, Project Management","Jakarta Pusat, Jakarta Raya, Indonesia","Collabolancer is a Blockchain-based freelancer marketplace that more profitable, trustworthy, and collaborative.","231,687",https://collabolancer.com,https://www.linkedin.com/company/collabolancer,https://www.facebook.com/collabolancer,https://twitter.com/collabolancer,For Profit,,"Administrative Services, Blockchain and Cryptocurrency, Commerce and Shopping, Financial Services, Other, Payments, Professional Services, Software",1-10,,1,
LapakTrip,https://www.crunchbase.com/organization/lapaktrip,,"Lifestyle, Marketplace, Tourism, Travel","Dki Jakarta, Jakarta Raya, Indonesia",A marketplace that connecting users with local travel planners directly.,"231,836",https://www.lapaktrip.com,https://www.linkedin.com/company/lapaktrip-teknologi-indonesia/,https://web.facebook.com/lapaktrip/,,For Profit,,"Commerce and Shopping, Community and Lifestyle, Travel and Tourism",1-10,,1,Seed
UniPin,https://www.crunchbase.com/organization/unipin,,"Gaming, Payments","Tangerang, Jawa Barat, Indonesia",UniPin is a payment service provider (PSP) specializing in online games and digital products.,"232,100",https://www.unipin.com/,,https://www.facebook.com/VoucherUniPin,,For Profit,,"Financial Services, Gaming, Payments",101-250,,,
IDN Times,https://www.crunchbase.com/organization/idn-times,,"Media and Entertainment, News, Social","Surabaya, Jawa Timur, Indonesia",IDN Times is a multi-platform news and entertainment media company for Millennials and Gen Z in Indonesia.,"232,286",https://www.idntimes.com,https://www.linkedin.com/company/indonesian-times,https://www.facebook.com/pg/IDNTimesCommunity,https://twitter.com/IDNtimes,For Profit,,"Community and Lifestyle, Content and Publishing, Media and Entertainment",501-1000,GDP Venture,2,Seed
Bulog,https://www.crunchbase.com/organization/bulog,,"Food and Beverage, Logistics, Supply Chain Management, Warehousing","Jakarta, Jakarta Raya, Indonesia","Bulog is a state-owned food logistics firm that offers services like logistics, warehousing, pest control, food commodity trading, and more.","232,320",http://www.bulog.co.id/,https://www.linkedin.com/company/perum-bulog/,https://www.facebook.com/bulogperum,https://twitter.com/PerumBULOG,For Profit,,"Food and Beverage, Transportation",1001-5000,,,
Hellobill,https://www.crunchbase.com/organization/hellobill,,"Accounting, Software","Jakarta, Jakarta Raya, Indonesia",Hellobill is a software that automatically downloads online PDF bills for your accountant.,"232,548",http://hellobill.io/,https://www.linkedin.com/company/hellobill/,,,For Profit,,"Financial Services, Professional Services, Software",1-10,Y Combinator,1,Seed
Feedloop,https://www.crunchbase.com/organization/feedloop,,Digital Media,"Dki Jakarta, Jakarta Raya, Indonesia",Feedloop provides a low-code development platform for automating business operations and scaling up customer engagement for users.,"232,665",https://www.feedloop.ai,https://www.linkedin.com/company/feedloopio/,,,For Profit,,Media and Entertainment,101-250,"East Ventures, Telkomsel Mitra Inovasi, Endeavor Indonesia, Startup Studio Indonesia, Aksara Ventures",4,Early Stage Venture
Selancar Media,https://www.crunchbase.com/organization/selancar-media,,"Advertising, Digital Media, Music, News, Non Profit, Politics, Social Media, Sports","Bandung, Jawa Barat, Indonesia","Selancar is a media company for young people. From arts, music, politic, sports, culture, business and lifestyle.","233,368",https://selancar.id/,https://www.linkedin.com/company/selancar-media-indonesia/,,,For Profit,,"Advertising, Content and Publishing, Government and Military, Internet Services, Media and Entertainment, Music and Audio, Other, Sales and Marketing, Social Impact, Sports",1-10,,1,Seed
PT NFC Indonesia,https://www.crunchbase.com/organization/pt-nfc-indonesia,,"Digital Marketing, Market Research","Jakarta, Jakarta Raya, Indonesia",PT NFC Indonesia is a  Digital Exchange Hub Company.,"233,568",http://ptnfc.com/,https://www.linkedin.com/company/nfcindonesia,,,For Profit,,"Data and Analytics, Design, Sales and Marketing",101-250,,,IPO
Airpaz,https://www.crunchbase.com/organization/airpaz,,"Hospitality, Ticketing, Travel","Jakarta, Jakarta Raya, Indonesia","Airpaz is a travel company that specializes in online air ticket, reservation, and hospitality booking services.","234,128",http://www.airpaz.com/,https://www.linkedin.com/company/airpaz-com,https://www.facebook.com/AirpazGlobal/,https://twitter.com/airpaz,For Profit,,"Events, Media and Entertainment, Travel and Tourism",101-250,,,
Versinema,https://www.crunchbase.com/organization/versinema,,"Content, Content Creators, Music, Video","Denpasar, Bali, Indonesia",Versinema.com allows creators to sell access to their video contents directly to audiences,"234,195",http://www.versinema.com,https://www.linkedin.com/company/versinema,https://www.facebook.com/versinema,,For Profit,,"Media and Entertainment, Music and Audio, Video",11-50,,1,Seed
Insurance Media News,https://www.crunchbase.com/organization/insurance-media-news,,"Insurance, Lifestyle, News","Kuningan, Jakarta Raya, Indonesia",Insurance Media News is an insurance lifestyle company located in Kuningan.,"234,408",http://insurancemedianews.com/,,,,For Profit,,"Community and Lifestyle, Content and Publishing, Financial Services, Media and Entertainment",,,,
Transfez,https://www.crunchbase.com/organization/transfez,,"Financial Services, FinTech, Mobile Payments","Jakarta, Jakarta Raya, Indonesia",Transfez is a cross-border money transfer service.,"234,521",https://www.transfez.com/,https://www.linkedin.com/company/transfez/,https://www.facebook.com/Transfez.id/,https://x.com/transfez?lang=en,For Profit,,"Financial Services, Mobile, Payments, Software",11-50,"Y Combinator, East Ventures, BEENEXT, Unpopular Ventures",2,Seed
Eten Technologies,https://www.crunchbase.com/organization/eten-technologies-10e7,,"Food and Beverage, Marketplace, Procurement, Software","Jakarta, Jakarta Raya, Indonesia",Optimising ingredients fulfilment and management for F&B businesses,"234,582",https://www.etentech.co,https://www.linkedin.com/company/eten-tech/,,,For Profit,,"Commerce and Shopping, Food and Beverage, Software, Transportation",1-10,"Antler, Iterative",2,Seed
indosbobet88,https://www.crunchbase.com/organization/indosbobet88,,"Mobile Apps, Online Games, Software","Bandung, Jawa Barat, Indonesia",Indosbobet88 merupakan aplikasi Mobile,"234,645",https://msha.ke/indosbobet88,,,,For Profit,,"Apps, Gaming, Mobile, Software",251-500,,,
Nodeflux,https://www.crunchbase.com/organization/nodeflux,,"Analytics, Artificial Intelligence (AI), Computer Vision, Information Technology, Machine Learning","Jakarta, Jakarta Raya, Indonesia",Nodeflux is a start-up technology company that offers a paltform for video analytics services.,"234,688",https://www.nodeflux.io/,https://www.linkedin.com/company/nodeflux/,https://www.facebook.com/nodeflux/,,For Profit,,"Artificial Intelligence (AI), Data and Analytics, Hardware, Information Technology, Science and Engineering, Software",51-100,"East Ventures, MDI Ventures, Qlue, Prasetia Dwidharma, Indigo by Telkom Indonesia",3,Seed
AYO Indonesia,https://www.crunchbase.com/organization/ayo-indonesia,,"Apps, Information Technology, Mobile Apps, Sports","Jakarta, Jakarta Raya, Indonesia",AYO Indonesia is a Football community app that connects football players and teams across Indonesia.,"234,899",https://ayo.co.id/,https://www.linkedin.com/company/ayo-indonesia/,https://www.facebook.com/ayo.indonesia.sports,https://twitter.com/ayosportapp,For Profit,,"Apps, Information Technology, Mobile, Software, Sports",11-50,"Startup Studio Indonesia, Alphamomentum, Reinaldo Tendean, Joseph Prabantara, Greysia Polii",4,Seed
Badan Nasional Sertifikasi Profesi (BNSP),https://www.crunchbase.com/organization/badan-nasional-sertifikasi-profesi-bnsp,,"Consulting, Government, Professional Services","Jakarta, Jakarta Raya, Indonesia",BNSP is an independent institution that carries out work competency certification for the workforce.,"234,900",https://bnsp.go.id,https://www.linkedin.com/company/bnsp-ri,,,For Profit,,"Government and Military, Other, Professional Services",251-500,,,
Rumah123,https://www.crunchbase.com/organization/rumah123,,"Online Portals, Property Management, Real Estate","Jakarta, Jakarta Raya, Indonesia",Rumah123 is a real estate company that offers online property management services.,"235,008",https://roket123.store/,https://www.linkedin.com/company/rumah123,https://www.facebook.com/Rumah123/,https://twitter.com/rumah123,For Profit,,"Internet Services, Real Estate",101-250,,,
Bustiket,https://www.crunchbase.com/organization/bustiket,,"Apps, Information Technology, Software, Travel","Dki Jakarta, Jakarta Raya, Indonesia",Bustiket is a platform that enables users to find and book bus tickets online.,"235,212",https://bustiket.com,https://www.linkedin.com/company/bustiket.com/,https://www.facebook.com/BUSTIKET/,https://twitter.com/BUSTIKET,For Profit,,"Apps, Information Technology, Software, Travel and Tourism",11-50,"Gan Kapital, GK-Plug and Play Indonesia",1,Seed
Bang Jamin,https://www.crunchbase.com/organization/bang-jamin,,"Artificial Intelligence (AI), Insurance","Jakarta, Jakarta Raya, Indonesia",Bang Jamin offers all-encompassing services and an AI-powered insurance buying and claims process.,"235,549",https://bangjamin.com/,https://www.linkedin.com/company/bang-jamin/,,,For Profit,,"Artificial Intelligence (AI), Data and Analytics, Financial Services, Science and Engineering, Software",1-10,"Northstar Group, BRI Ventures, Venturra",1,Seed
Wardah Beauty,https://www.crunchbase.com/organization/wardah-beauty,,"Beauty, Consulting, Cosmetics, Manufacturing, Retail","Jakarta, Jakarta Raya, Indonesia",Wardah Beauty provides various types of cosmetics & beauty products manufacturing services.,"236,069",https://www.wardahbeauty.com,https://www.linkedin.com/company/wardah-cosmetic-ramayana-cilegon,https://www.facebook.com/wardahbeauty,https://www.twitter.com/wardahbeauty,For Profit,,"Commerce and Shopping, Consumer Goods, Manufacturing, Professional Services",251-500,,,
krakakoa,https://www.crunchbase.com/organization/krakakoa,,Food and Beverage,"Mampangprapatan, Jakarta Raya, Indonesia",krakakoa is a food and drink company that makes chocolate items.,"236,610",https://krakakoa.com/,https://www.linkedin.com/company/krakakoa,,,For Profit,,Food and Beverage,11-50,"Impact Investment Exchange (IIX), Ango Ventures, YCAB Ventures, Jeremy Oppenheim, Ladies Investment Club VC",2,
Karuna Baruna Nusantara International,https://www.crunchbase.com/organization/karuna-baruna-nusantara-international,,"Apps, Information Technology, Marketing, Web Development","Jakarta, Jakarta Raya, Indonesia",Developing a City Community into a World Recognized IT Solution City.,"236,892",https://digitalcenter.id/,https://www.linkedin.com/company/kbni,https://www.facebook.com/Karuna-Baruna-Nusantara-102436418559737?utm_source=INSTAGRAM&utm_medium=LinktreeIG&utm_campaign=Confluential%20IG,,For Profit,,"Apps, Information Technology, Sales and Marketing, Software",51-100,,,
Cicil,https://www.crunchbase.com/organization/cicil,,"Finance, Financial Services, FinTech, Internet","Jakarta, Jakarta Raya, Indonesia",Cicil is the developer of a financing platform designed to offer education loans.,"236,951",https://www.cicil.co.id,https://www.linkedin.com/company/cicil.co,https://www.facebook.com/cicil.co.id,https://twitter.com/cicil_id,For Profit,,"Financial Services, Internet Services",51-100,"Vertex Ventures, East Ventures, Vertex Ventures Southeast Asia & India, Accord Ventures, Meng Xiong Kuok",3,Early Stage Venture
PT Chishiki NoHikari Indonesia,https://www.crunchbase.com/organization/pt-chishiki-nohikari-indonesia,,"Content Creators, E-Learning, Education, Graphic Design, Market Research, PC Games, Product Research","Jakarta, Jakarta Raya, Indonesia","A company that is engaged to provide benefits to users in many fields such as design, research, education, etc.","237,108",http://www.chishikinh.my.id,http://linkedin.com/company/chishikinh,,,For Profit,,"Data and Analytics, Design, Education, Gaming, Media and Entertainment, Software",1-10,,1,Seed
Mina News Agency,https://www.crunchbase.com/organization/mina-news-agency,,"News, Publishing, Social News","Jakarta, Jakarta Raya, Indonesia","Mina News Agency publishes news on the Islamic world and Palestine in Indonesian, English, and Arabic.","237,291",https://www.minanews.net,https://www.linkedin.com/company/kantor-berita-mina,https://www.facebook.com/minanewsnet,,For Profit,,"Content and Publishing, Media and Entertainment",11-50,,,
SEVEN Retail Group,https://www.crunchbase.com/organization/seven-retail-group,,Lifestyle,"Jakarta, Jakarta Raya, Indonesia",Next-gen House of Brands from F&B to Lifestyle Services for Indonesian millennials and beyond,"237,493",https://seven-retail.com/,https://www.linkedin.com/company/seven-retail-group/,,,For Profit,,Community and Lifestyle,501-1000,,,
Propertree,https://www.crunchbase.com/organization/propertree,,"FinTech, Property Development, Real Estate Investment","Depok, Jawa Barat, Indonesia",Propertree fixates on investment that digitizes property project funding with a crowdfunding system based on financial technology.,"237,943",https://propertree.id,https://www.linkedin.com/company/propertree-id/,https://www.facebook.com/propertree.id/,https://twitter.com/propertreeid?,For Profit,,"Financial Services, Real Estate",51-100,,,
Jiwa Group,https://www.crunchbase.com/organization/jiwa-group,,Food and Beverage,"Jakarta, Jakarta Raya, Indonesia",Jiwa Group provides Food & Beverages.,"238,095",https://www.jiwagroup.com,https://www.linkedin.com/company/jiwagroup,https://www.facebook.com/jiwagroup.id,https://twitter.com/janjijiwaid,For Profit,,Food and Beverage,251-500,"Openspace, CapSquare Asia Partners",1,Seed
instaPorta,https://www.crunchbase.com/organization/instaporta,,"Advertising, Advertising Platforms, Apps, Big Data, Content Marketing, Social Media Advertising","Surabaya, Jawa Timur, Indonesia",instaPorta platform provides brands with an opportunity to work with influencers from different countries.,"238,652",http://www.instaporta.com/,,https://www.facebook.com/instaporta.international,https://twitter.com/instaporta,For Profit,,"Advertising, Apps, Data and Analytics, Sales and Marketing, Software",1-10,,3,Seed
KADIN,https://www.crunchbase.com/organization/kadin,,"Consulting, Government","Jakarta, Jakarta Raya, Indonesia","KADIN is focused on all matters relating to trade, industry and services.","238,948",http://bsd-kadin.org/,https://www.linkedin.com/company/indonesian-chamber-of-commerce-in-hong-kong-and-macau,,,For Profit,,"Government and Military, Professional Services",51-100,,,
Schoters,https://www.crunchbase.com/organization/schoters,,"E-Learning, EdTech, Education","Jakarta, Jakarta Raya, Indonesia",Schoters  is an education company located in Tangerang.,"239,602",http://schoters.com/,https://www.linkedin.com/company/schoters,https://www.facebook.com/schoters/,https://twitter.com/schoters_com,For Profit,,"Education, Software",51-100,"Startup Studio Indonesia, Init 6, EduSpaze",2,M&A
Happy5,https://www.crunchbase.com/organization/happy5,,"Application Performance Management, Consulting, Enterprise Software, Human Resources, Information Technology, Mobile Apps, Social Media","Jakarta, Jakarta Raya, Indonesia","Happy5 helps organizations track and manage their goals, projects, & performance reviews all in one happy place.","239,650",https://www.happy5.co,https://www.linkedin.com/company/happy-five,,https://www.twitter.com/happy5apps,For Profit,,"Administrative Services, Apps, Data and Analytics, Information Technology, Internet Services, Media and Entertainment, Mobile, Professional Services, Software",51-100,,1,
Seeds,https://www.crunchbase.com/organization/seeds-0ba6,,"Asset Management, Financial Services, FinTech, Information Technology","Jakarta, Jakarta Raya, Indonesia",Seeds is a fintech company that offers a multi-asset investment platform assisting digital-savvy millennials to earn passive income.,"239,698",https://seeds.finance,https://www.linkedin.com/company/finance-seeds/,,,For Profit,,"Financial Services, Information Technology",11-50,"Ruvento, DeVC, DeVC India, Seven Capital Valor, Prantik Mazumdar",2,Seed
PergiKuliner,https://www.crunchbase.com/organization/pergikuliner,,"Food and Beverage, Hospitality, Restaurants","Grogol, Jakarta Raya, Indonesia",PergiKuliner.com is a restaurant directory and review site that contains delicious places for people to locate their favorite restaurants.,"240,767",https://pergikuliner.com/,https://www.linkedin.com/company/pergikuliner-com,https://www.facebook.com/pergikuliner,https://twitter.com/pergikuliner,For Profit,,"Food and Beverage, Travel and Tourism",11-50,,,
IsuzuNiaga,https://www.crunchbase.com/organization/isuzuniaga,,Automotive,"Jakarta, Jakarta Raya, Indonesia",Dealer Resmi Isuzu Jakarta,"240,781",https://isuzuniaga.com/,https://www.linkedin.com/company/isuzu-niaga/,https://www.facebook.com/isuzuniaga/,,For Profit,,Transportation,10001+,,1,Seed
Surplus Indonesia,https://www.crunchbase.com/organization/surplus-indonesia,,"Food and Beverage, Marketplace","Jakarta, Jakarta Raya, Indonesia",Surplus Indonesia provides a marketplace for secondary products.,"241,553",https://www.surplus.id/,https://www.linkedin.com/company/surplus-indonesia/,,https://twitter.com/surplus_id,For Profit,,"Commerce and Shopping, Food and Beverage",11-50,"B Capital, G-P/Globalization Partners, Startup Studio Indonesia, SPIL Ventures, ADP",3,Seed
Bank OCBC NISP,https://www.crunchbase.com/organization/bank-ocbc-nisp,,"Banking, Financial Services, Service Industry","Jakarta, Jakarta Raya, Indonesia",Bank OCBC NISP is a Banking And Financial Services Company.,"241,695",https://www.ocbcnisp.com/,https://www.linkedin.com/company/pt--bank-ocbc-nisp-tbk/about/,,,For Profit,,"Financial Services, Lending and Investments, Other",5001-10000,,,
AdaPundi,https://www.crunchbase.com/organization/adapundi,,"Credit, Finance, Financial Services","Dki Jakarta, Jakarta Raya, Indonesia","AdaPundi is an online lending platform that provides an array of financial solutions including events, funding, and compliant services.","242,385",https://www.adapundi.com/,https://www.linkedin.com/company/adapundi/,https://www.facebook.com/AdaPundiOfficial/,https://twitter.com/AdaPundi/,For Profit,,"Financial Services, Lending and Investments",101-250,,,
Sleekr,https://www.crunchbase.com/organization/sleekr-2,,"Accounting, Human Resources, SaaS, Small and Medium Businesses, Software","Jakarta, Jakarta Raya, Indonesia",Sleekr is a technology company with a mission to improve the efficiency and effectiveness of workplace for both employee and management.,"242,552",https://www.sleekr.co,https://www.linkedin.com/company/6404901/,https://www.facebook.com/sleekr.co,https://www.twitter.com/sleekrco,For Profit,,"Administrative Services, Financial Services, Other, Professional Services, Software",11-50,Alto Partners,1,M&A
JAS Airport Services,https://www.crunchbase.com/organization/jas-airport-services,,"Aerospace, Consulting, Transportation","Jakarta, Jakarta Raya, Indonesia","JAS Airport Services provides products and services such as ground handling, cargo tracking, flight support, and lounge services.","242,908",https://www.ptjas.co.id/,https://www.linkedin.com/company/pt-jasa-angkasa-semesta-tbk/,https://www.facebook.com/PT-Jasa-Angkasa-Semesta-Tbk-238567366165548,,For Profit,,"Professional Services, Science and Engineering, Transportation",1001-5000,,,
Volta,https://www.crunchbase.com/organization/volta-3b3a,,"Battery, Electric Vehicle, Energy Storage, Logistics, Supply Chain Management, Transportation","Jakarta, Jakarta Raya, Indonesia",Volta Indonesia is a company that focuses on providing electric vehicle technology.,"243,363",https://www.voltaindonesia.com,https://www.linkedin.com/company/volta-indonesia,https://www.facebook.com/officialvoltaindonesia?_rdc=1&_rdr,https://twitter.com/indonesiavolta,For Profit,,"Energy, Transportation",101-250,"Rigel Capital, SAIC Venture Capital, Twin Towers Ventures, LX Ventures",2,Seed
Monit,https://www.crunchbase.com/organization/monit-8ca7,,"Financial Services, FinTech","Jakarta, Jakarta Raya, Indonesia",Monit is a B2B fintech startup that helps SMEs manage their finances.,"243,784",https://www.monit.id/,https://www.linkedin.com/company/monitpay/,,,For Profit,,Financial Services,11-50,"1982 Ventures, Init 6",1,Seed
EverHaüs,https://www.crunchbase.com/organization/everhaüs,,Venture Capital,"Jakarta, Jakarta Raya, Indonesia","Early stage, data-driven venture capital fund focused on technology companies in Indonesia","244,194",http://ever.haus,https://www.linkedin.com/company/everhaus/,https://www.facebook.com/pages/category/Internet-Company/EverHaus-1177546365710663/,,For Profit,,"Financial Services, Lending and Investments",1-10,,,
Bank Maspion,https://www.crunchbase.com/organization/bank-maspion,,"Banking, Financial Services, Wealth Management","Surabaya, Jawa Timur, Indonesia","Bank Maspion conducts banking business, securities business, and other related businesses.","244,339",http://www.bankmaspion.co.id,https://www.linkedin.com/company/pt-bank-maspion,,,For Profit,,"Financial Services, Lending and Investments",501-1000,Kasikorn Bank,1,M&A
Narasi,https://www.crunchbase.com/organization/nasasi-tv,,"Advertising, Broadcasting, Digital Media, Media and Entertainment","Jakarta Pusat, Jakarta Raya, Indonesia",Narasi is a media and entertainment company located in Jakarta Pusat.,"244,369",https://www.narasi.tv/,https://www.linkedin.com/company/narasitv/about/,https://www.facebook.com/pg/narasi.tv/about/?ref=page_internal,https://twitter.com/narasitv,For Profit,,"Advertising, Media and Entertainment, Sales and Marketing, Video",101-250,"Gojek, GDP Venture",1,Seed
imajin,https://www.crunchbase.com/organization/imajin,,"3D Printing, Automotive, Electronics, Industrial Manufacturing, Manufacturing, Product Design","Tangerang, Jawa Barat, Indonesia","Imajin is a manufacturing Hub Indonesia appointed by Ministry of Industry, as one step solution for your manufacturing needs","244,647",https://imajin.id,https://www.linkedin.com/company/imajinmanufacture/,https://www.facebook.com/imajin.id,,For Profit,,"Consumer Electronics, Design, Hardware, Manufacturing, Transportation",11-50,"Plug and Play, 500 Global, East Ventures, 500 Southeast Asia, Endeavor Indonesia",4,Seed
Momofin,https://www.crunchbase.com/organization/momofin,,"Document Management, Information Technology, IT Infrastructure, SaaS, Software","Jakarta, Jakarta Raya, Indonesia",Redefining Trust in Documents,"245,328",https://momofin.com/,https://www.linkedin.com/company/momofin/,,,For Profit,,"Information Technology, Software",11-50,"Iterative, Startup Studio Indonesia, BPSB Investment Group, Firlie Ganinduto, Rorian Pratyaksa",4,Seed
PT Pertamina,https://www.crunchbase.com/organization/pt-pertamina-persero,,"Energy, Geothermal Energy, Mining, Renewable Energy","Jakarta, Jakarta Raya, Indonesia","As a state-owned company To carry out integrated business core in oil, gas, renewable and new energy","245,458",http://www.pertamina.com/,https://www.linkedin.com/company/pertamina,https://www.facebook.com/ptpertaminapersero,https://www.twitter.com/ptpertamina,For Profit,,"Energy, Natural Resources, Sustainability",10001+,,,
Pajak.io,https://www.crunchbase.com/organization/pajak-io,,"Billing, Consulting, Financial Services, Payments","Menteng Dua, Jakarta Raya, Indonesia","A technology platform offering tax automation to streamline processes, reduce errors, and ensure compliance for businesses","245,949",https://pajak.io/,https://www.linkedin.com/company/pajakdotio/,https://www.facebook.com/pajak.io/,,For Profit,,"Financial Services, Payments, Professional Services, Software",11-50,"Startup Studio Indonesia, Indigo by Telkom Indonesia",3,Seed
Administrasi.Net,https://www.crunchbase.com/organization/administrasi-net,,"Education, Media and Entertainment","Bandung, Jawa Barat, Indonesia",Media Education,"246,228",https://administrasi.net/,,https://www.facebook.com/administrasi.net,https://twitter.com/admnet2,Non-profit,,"Education, Media and Entertainment",1-10,,1,Early Stage Venture
Telkom Indonesia,https://www.crunchbase.com/organization/telkom-indonesia,,"Digital Media, Information Technology, Telecommunications","Jakarta, Jakarta Raya, Indonesia","An Indonesian company with business portfolio in TIME (telecommunications, information, media, and edutainment).","246,299",http://www.telkom.co.id,http://www.linkedin.com/company/telekomunikasi-indonesia,http://www.facebook.com/TelekomunikasiIndonesia,http://twitter.com/TelkomIndonesia,For Profit,,"Hardware, Information Technology, Media and Entertainment",10001+,,,IPO
siswapay,https://www.crunchbase.com/organization/siswapay,,"Consumer Applications, E-Commerce, Financial Services, FinTech, Mobile Payments, Payments, Personal Finance","Jakarta, Jakarta Raya, Indonesia",1st e-wallet for Indonesian students. #punyadompetsendiri,"246,689",https://www.siswapay.id/,https://www.linkedin.com/company/siswapayid/,,,For Profit,,"Apps, Commerce and Shopping, Financial Services, Mobile, Payments, Software",1-10,Randy Aries Saputra,1,Seed
juragancemilan,https://www.crunchbase.com/organization/juragancemilan,,"E-Commerce, Food and Beverage, Marketing, Marketplace","Bogor, Jawa Barat, Indonesia","e commerce, marketplace, portal jual beli UMKM","246,862",https://juragancemilan.com,,https://web.facebook.com/juragancemilan.id,,For Profit,,"Commerce and Shopping, Food and Beverage, Sales and Marketing",11-50,Adam Malik,1,M&A
Nanovest,https://www.crunchbase.com/organization/nanovest,,"Cryptocurrency, Mobile Apps, Professional Services, Trading Platform","Jakarta, Jakarta Raya, Indonesia","Nanovest is an IT company that provides an application for cryptocurrency, stock market investment and money transfer.","246,927",https://www.nanovest.io/,https://www.linkedin.com/company/nano-vest/,https://www.facebook.com/nanovest,https://twitter.com/nanovest_io,For Profit,,"Apps, Blockchain and Cryptocurrency, Financial Services, Lending and Investments, Mobile, Other, Payments, Software",11-50,,,
Paragon Technology And Innovation,https://www.crunchbase.com/organization/paragon-technology-and-innovation,,"Cosmetics, Health Care, Manufacturing, Retail","Jakarta, Jakarta Raya, Indonesia","Paragon Technology And Innovation manufacture and distributes cosmetics, make-up, skincare, antiseptic creams and beauty products.","247,610",https://paragon-innovation.com/,https://www.linkedin.com/company/pt-paragon-technology-&-innovation/,https://www.facebook.com/PT-Paragon-Technology-and-Innovation-1062363597178471/,,For Profit,,"Commerce and Shopping, Consumer Goods, Health Care, Manufacturing",10001+,,,
Toko Amal .Asia,https://www.crunchbase.com/organization/toko-amal-asia,,Internet,"Dki Jakarta, Jakarta Raya, Indonesia",Toko Amal .Asia is one of 20 Subsidiaries from Priyayi Group - A Waqf Holding Company,"248,258",https://tokoamal.asia,,,,For Profit,,Internet Services,251-500,,1,Seed
Delegasi,https://www.crunchbase.com/organization/delegasi,,"Financial Services, FinTech, Virtual Assistant","Bandung, Jawa Barat, Indonesia",Delegasi is a virtual financial assistant that uploads receipts with financial statements and actionable insights to the food industry,"249,177",https://www.delegasi.co,https://www.linkedin.com/company/delegasi,https://www.facebook.com/delegasi.co,https://twitter.com/delegasi_co,For Profit,,"Financial Services, Software",11-50,"Y Combinator, BEENEXT",1,Seed
Trek,https://www.crunchbase.com/organization/trek,,"Construction, Industrial, Internet","Jakarta, Jakarta Raya, Indonesia",Trek is a internet company located in Jakarta.,"249,717",https://www.trek.id/,https://www.linkedin.com/company/trekid/,https://www.facebook.com/trekdotid,https://twitter.com/trekdotid,For Profit,,"Internet Services, Manufacturing, Real Estate",,,,
PERTAMABET88 ALTERNATIF LINK,https://www.crunchbase.com/organization/pertamabet88-alternatif-link,,"Digital Entertainment, Online Games, Software","Jakarta, Jakarta Raya, Indonesia",Pertamabet88 merupakan salah satu situs game online yang menyediakan alternatif link game online app terlengkap,"249,993",https://heylink.me/pertamabet88webs,,,,For Profit,,"Gaming, Media and Entertainment, Software",251-500,,,
Whiz,https://www.crunchbase.com/organization/whiz,,"Financial Services, FinTech, Mobile Apps","Grogolpetamburan, Jakarta Raya, Indonesia",Whiz is a finance application that provides the right financial literacy.,"250,143",https://whiz.id/id,https://www.linkedin.com/company/whiz-idn,https://www.facebook.com/whiz.idn,https://mobile.twitter.com/whiz_idn,For Profit,,"Apps, Financial Services, Mobile, Software",11-50,"Y Combinator, Goodwater Capital, Ondine Capital",1,Seed
Luna POS,https://www.crunchbase.com/organization/luna-pos,,"Accounting, Cloud Management, Information Services, Information Technology, Software, Taxi Service","Kebayoran Baru, Jakarta Raya, Indonesia","Luna POS provides cloud-based cashier, inventory management, and accounting solutions for SMEs in Indonesia.","250,378",http://lunapos.id/,https://www.linkedin.com/company/lunapos/,,,For Profit,,"Financial Services, Information Technology, Internet Services, Professional Services, Software, Transportation",11-50,"Seedstars, TNB Aura, 1982 Ventures, Prasetia Dwidharma, Grab Ventures",3,Seed
CNN Indonesia,https://www.crunchbase.com/organization/cnn-indonesia,,"Broadcasting, Internet, Media and Entertainment, News, TV, Wired Telecommunications","Jakarta, Jakarta Raya, Indonesia",Cable News Network is a multinational news-based pay television channel.,"250,416",https://www.cnnindonesia.com/,https://www.linkedin.com/company/cnn/,https://www.facebook.com/CNNIndonesia/,https://twitter.com/cnnindonesia,For Profit,,"Content and Publishing, Internet Services, Media and Entertainment, Messaging and Telecommunications, Video",501-1000,,,
Alterra,https://www.crunchbase.com/organization/alterra-f5a7,,"FinTech, Information Technology, Internet, Payments","Jakarta, Jakarta Raya, Indonesia","Alterra is a technology company that provides services in bill payment aggregator, promotion platform, and distribution network.","250,812",https://www.alterra.id,https://www.linkedin.com/company/alterragroup,https://www.facebook.com/alterracareers,https://twitter.com/alterracareers,For Profit,,"Financial Services, Information Technology, Internet Services, Payments",251-500,"Alpha JWC Ventures, Captii Ventures",1,Early Stage Venture
DOOgether,https://www.crunchbase.com/organization/doogether,,"Apps, E-Commerce, Fitness, Lifestyle, Wellness","Jakarta, Jakarta Raya, Indonesia",Doogether is the leading sport booking platform to Indonesia’s largest fitness network,"250,954",https://doogether.id/,https://www.linkedin.com/company/doogether,https://www.facebook.com/doogetherID/,https://www.twitter.com/doogetherid,For Profit,,"Apps, Commerce and Shopping, Community and Lifestyle, Health Care, Software, Sports",11-50,"Gobi Partners, Asiantrust Capital Partners, Prasetia Dwidharma, Living Lab Ventures, EverHaüs",4,Seed
Tawada Healthcare,https://www.crunchbase.com/organization/tawada-healthcare,,Health Care,"Jakarta, Jakarta Raya, Indonesia",Tawada Healthcare is a medical equipment distributor.,"251,495",http://www.tawadahealthcare.com,,https://www.facebook.com/pg/pt.TawadaHealthcare/,https://twitter.com/Tawada_Health,For Profit,,Health Care,1-10,Navis Capital Partners,1,Private Equity
Sokratech,https://www.crunchbase.com/organization/sokratech,,"Enterprise Software, Risk Management","Jakarta, Jakarta Raya, Indonesia",Sokratech offers no-code platform to help automate your credit and fraud risk decisions,"251,776",https://www.sokratech.io/,https://www.linkedin.com/company/sokratechio/,,,For Profit,,"Professional Services, Software",1-10,Iterative,1,Seed
Smartfren,https://www.crunchbase.com/organization/smartfren-telecom,,"Communication Hardware, Retail, Telecommunications","Jakarta, Jakarta Raya, Indonesia",Smartfren  provides telecommunication services for the retail and corporate segments.,"252,116",https://www.smartfren.com/id/corporate/,https://www.linkedin.com/company/2074190/,https://www.facebook.com/smartfren,https://www.twitter.com/smartfrencare,For Profit,,"Commerce and Shopping, Hardware",1001-5000,,,M&A
PT Pertamina Retail,https://www.crunchbase.com/organization/pertamina-retail,,"Oil and Gas, Retail, Wholesale","Jakarta Pusat, Jakarta Raya, Indonesia",PT Pertamina Retail is a distribution of fuel at gas stations and the management of fuel and non-fuel products.,"252,161",https://pertaminaretail.com,https://www.linkedin.com/company/pertamina-retail/,https://www.facebook.com/RetailPertamina/,,For Profit,,"Commerce and Shopping, Energy, Natural Resources",501-1000,,,
TransNusa,https://www.crunchbase.com/organization/transnusa,,"Air Transportation, Transportation, Travel","Jakarta Pusat, Jakarta Raya, Indonesia",TransNusa is an Indonesian airline that provides domestic airline and transportation services.,"252,731",https://transnusa.co.id,https://www.linkedin.com/company/transnusa,https://www.facebook.com/TransnusaIndonesia,https://twitter.com/transnusa_idn,For Profit,,"Transportation, Travel and Tourism",101-250,,,
Coding Bee Academy,https://www.crunchbase.com/organization/coding-bee-academy,,"Corporate Training, EdTech, Education, STEM Education, Training","Jakarta, Jakarta Raya, Indonesia","Coding & Technology education for kids and teens, based in Indonesia","252,805",https://codingbee.id/,https://www.linkedin.com/company/coding-bee-academy/,https://www.facebook.com/codingbeeacademy/,,For Profit,,"Education, Science and Engineering, Software",101-250,,,
Sebati,https://www.crunchbase.com/organization/sebati,,"Artificial Intelligence (AI), Business Intelligence, Enterprise Software, Software","Jakarta, Jakarta Raya, Indonesia","Sebati is the pioneering Operating System for Indonesian SMEs, designed to empower businesses in the digital era.","253,321",https://sebati.ai,https://www.linkedin.com/company/sebati-os/,,,For Profit,,"Artificial Intelligence (AI), Data and Analytics, Science and Engineering, Software",11-50,,,
SSVID.NET,https://www.crunchbase.com/organization/ssvid-net,,Software,"Jakarta, Jakarta Raya, Indonesia",The All-in-One Video Downloading Solution for Free and Unlimited Downloads,"253,419",https://ssvid.net,,,,For Profit,,Software,1-10,,,
Ultra Voucher,https://www.crunchbase.com/organization/ultra-voucher,,"Consumer Goods, E-Commerce, Lifestyle","Jakarta, Jakarta Raya, Indonesia",Ultra Voucher is a consumer goods company located in Jakarta.,"254,290",http://ultravoucher.co.id/,https://www.linkedin.com/company/ultravoucher/,https://www.facebook.com/ultravoucherofficial/,https://twitter.com/UltraVoucher,For Profit,,"Commerce and Shopping, Community and Lifestyle, Consumer Goods",1-10,,,
PT Asahimas Chemical,https://www.crunchbase.com/organization/pt-asahimas-chemical,,"Chemical, Industrial, Manufacturing","Jakarta, Jakarta Raya, Indonesia",PT Asahimas Chemical is a chemical company.,"254,650",https://www.asc.co.id,https://www.linkedin.com/company/pt-asahimas-chemical,,,For Profit,,"Manufacturing, Science and Engineering",1001-5000,,,
Bareksa,https://www.crunchbase.com/organization/bareksa,,"Financial Services, FinTech","Kemang, Jawa Barat, Indonesia","Bareksa is an Indonesia-based investment platform for online mutual fund investments, state bonds, and Umrah plans..","254,795",http://www.bareksa.com/,https://www.linkedin.com/company/bareksa.com-pt.-bareksa-portal-investasi-/,https://www.facebook.com/pg/Bareksa,https://twitter.com/bareksacom,For Profit,,Financial Services,101-250,"Grab, OVO",2,M&A
Bhumi Varta Technology,https://www.crunchbase.com/organization/bhumi-varta-technology,,"Big Data, Business Intelligence, Geospatial, Information Technology, Software","Tangerang, Jawa Barat, Indonesia",Bhumi Varta Technology provide end-to-end Geo-spatial solutions.,"255,102",https://www.bvarta.com/,https://www.linkedin.com/company/pt-bhumi-varta-technology/,https://www.facebook.com/Bhumi-Varta-Technology-400852213811652/,,For Profit,,"Data and Analytics, Information Technology, Navigation and Mapping, Software",101-250,,,
Artotel Group,https://www.crunchbase.com/organization/artotel-group,,"Hospitality, Hotel, Management Consulting","Jakarta, Jakarta Raya, Indonesia","Artotel Group is built from a passion for promoting local art and creative hospitality. with a wide range of hotel brands, and merchandise.","255,527",https://artotelwanderlust.com/,https://www.linkedin.com/company/artotel-group/,https://www.facebook.com/artotelgroup,https://twitter.com/artotelgroup,For Profit,,"Professional Services, Travel and Tourism",251-500,"Intudo Ventures, Indies Capital Partners, Benson Creativestment",2,Early Stage Venture
SeaBank Indonesia,https://www.crunchbase.com/organization/seabank-indonesia,,"Banking, Financial Services, Mobile Apps","Jakarta, Jakarta Raya, Indonesia",SeaBank Indonesia is a financial institution that offers access to banking and financial services anytime through a mobile application.,"256,067",https://www.seabank.co.id,https://www.linkedin.com/company/seabank-indonesia,https://www.facebook.com/SeaBankIndonesia,https://www.twitter.com/SeaBankID,For Profit,,"Apps, Financial Services, Lending and Investments, Mobile, Software",501-1000,,,
Tempo,https://www.crunchbase.com/organization/tempo-2,,"News, Public Relations, Social News","Jakarta, Jakarta Raya, Indonesia",Tempo is a media company focused on news around the world and in Indonesia.,"256,112",http://tempo.co,https://www.linkedin.com/company/pt-tempo-inti-media-tbk,http://www.facebook.com/TempoMedia,http://twitter.com/tempodotco,For Profit,,"Content and Publishing, Media and Entertainment, Sales and Marketing",501-1000,,,
Megalive99,https://www.crunchbase.com/organization/megalive99,,"SEO, Web Design","Jakarta, Jakarta Raya, Indonesia",Megalive99 - Agen Resmi Slot Online,"256,221",https://megalive99core.store/,,,https://x.com/SiiMayaaa,For Profit,,"Design, Internet Services, Sales and Marketing",1-10,,,
Kuningan Mas Gemilang,https://www.crunchbase.com/organization/kuningan-mas-gemilang,,"Data Center, Data Storage","Jakarta, Jakarta Raya, Indonesia",Kuningan Mas Gemilang is a joint venture between Korea Investment Real Asset Management and Sinar Mas to build hyperscale data center.,"256,562",,,,,,,"Hardware, Information Technology, Software",,,,
FTL,https://www.crunchbase.com/organization/ftl-ab3d,,"Fitness, Wellness","Dki Jakarta, Jakarta Raya, Indonesia","FTL Gym offers Pilates with Reformer classes, which may regulate the contour of your posture so that your body looks optimum.","256,840",https://ftlgym.com,https://www.linkedin.com/company/ftl-gym,,,For Profit,,"Health Care, Sports",51-100,OCBC Ventura,1,
Sribu,https://www.crunchbase.com/organization/sribu,,"Crowdsourcing, E-Commerce, Freelance, Human Resources, Marketplace","Jakarta, Jakarta Raya, Indonesia","Curated Freelancer Marketplace in Indonesia. We connect businesses with freelance designers, programmers, videographers, copywriters & more","257,182",https://www.sribu.com,https://www.linkedin.com/company/sribu,https://www.facebook.com/sribudotcom,https://twitter.com/sribudotcom,For Profit,,"Administrative Services, Commerce and Shopping, Other, Professional Services",51-100,"East Ventures, CrowdWorks, Mynavi, Asteria",4,M&A
PT Satria Antaran Prima,https://www.crunchbase.com/organization/pt-satria-antaran-prima,,"Logistics, Supply Chain Management","Senayan, Sumatera Utara, Indonesia","PT Satria Antaran Prima provides courier, cargo, and logistics services.","257,251",http://www.sap-express.id,https://www.linkedin.com/company/sap-express/,https://www.facebook.com/sapexpress.official/,,For Profit,,Transportation,1001-5000,,,IPO
MAP Active,https://www.crunchbase.com/organization/map-active,,"E-Commerce, Retail","Jakarta, Jakarta Raya, Indonesia","MAP Active is a privately held company that owns and operates a chain of multi brand, concept, and online stores.","257,340",http://mapactive.id/,https://www.linkedin.com/company/pt-map-aktif-adiperkasa-tbk,,,For Profit,,Commerce and Shopping,5001-10000,CVC Capital Partners,1,Private Equity
PT Garuda Indonesia (Persero) Tbk,https://www.crunchbase.com/organization/pt-garuda-indonesia-persero-tbk,,"Air Transportation, Transportation, Warehousing","Jakarta, Jakarta Raya, Indonesia",PT Garuda Indonesia is an airline transportation company.,"257,586",https://www.garuda-indonesia.com/sg/en/index,https://www.linkedin.com/company/garuda-indonesia/,https://www.facebook.com/garudaindonesia,https://twitter.com/indonesiagaruda,For Profit,,Transportation,10001+,,,IPO
Kaskus,https://www.crunchbase.com/organization/kaskus,,"Communities, E-Commerce","Jakarta, Jakarta Raya, Indonesia",KASKUS is known as the leading online forum and a social commerce through its Forum Jual Beli.,"258,406",http://www.kaskus.co.id/,https://www.linkedin.com/company/793437,https://www.facebook.com/officialkaskus,https://twitter.com/kaskus,For Profit,,"Commerce and Shopping, Community and Lifestyle",51-100,GDP Venture,1,
Wacaku,https://www.crunchbase.com/organization/wacaku,,"Content Creators, Digital Entertainment, Media and Entertainment, Publishing","Kuningan, Jakarta Raya, Indonesia","Wacaku empowers creators with a comprehensive suite of storytelling and sales tools, enabling seamless content distribution and monetization","258,438",https://wacaku.com,https://www.linkedin.com/company/wacaku/,https://www.facebook.com/wacaku/,https://twitter.com/Wacakuofficial,For Profit,,"Content and Publishing, Media and Entertainment",1-10,,,
Kompas.com,https://www.crunchbase.com/organization/kompas-com,,"News, Publishing","Jakarta, Jakarta Raya, Indonesia",Kompas.com is a news website that features breaking news and other related information from all around Indonesia.,"258,820",http://www.kompas.com,https://www.linkedin.com/company/kompas-com,http://www.facebook.com/KOMPAScom,http://twitter.com/kompascom,For Profit,,"Content and Publishing, Media and Entertainment",501-1000,,,
Trustmedis,https://www.crunchbase.com/organization/trust-medis,,"Computer, Electronics, Health Care, Information Technology","Surabaya, Jawa Timur, Indonesia","Trustmedis is a Healthtech Company in Indonesia, Main Product is Health Information System, With a subscription scheme","258,924",https://trustmedis.com/,https://www.linkedin.com/company/trustmedis/,https://www.facebook.com/trustmedis/,,For Profit,,"Consumer Electronics, Hardware, Health Care, Information Technology",51-100,,,
Hello Sehat,https://www.crunchbase.com/organization/hello-sehat,,"Association, Non Profit","Jakarta, Jakarta Raya, Indonesia","Hello Sehat hadir di Indonesia dengan satu misi: menginspirasi Anda untuk hidup lebih sehat, dan membantu Anda mewujudkannya.","259,338",https://hellosehat.com,https://www.linkedin.com/company/7604161,https://www.facebook.com/hellosehat,https://www.twitter.com/hellosehat,For Profit,,"Other, Social Impact",1-10,,,
Kozystay,https://www.crunchbase.com/organization/kozystay-3e6a,,"Hospitality, Property Management, Real Estate, Rental Property","Jakarta, Jakarta Raya, Indonesia",Tech enabled hospitality start-up focusing on the fast growing short term rentals industry,"259,423",https://www.kozystay.com/,https://www.linkedin.com/company/kozystay/,,,For Profit,,"Real Estate, Travel and Tourism",51-100,Cercano Management,1,Seed
Pudu Robot Indonesia,https://www.crunchbase.com/organization/pudu-robot-indonesia,,"Robotic Process Automation (RPA), Robotics, Wholesale","Jakarta, Jakarta Raya, Indonesia",Pudu Robot Indonesia is a robotic distribution company that offers Pudu Robots.,"259,809",https://www.pudurobot.id,,https://www.facebook.com/pudurobot.id,https://x.com/pudurobotid,For Profit,,"Artificial Intelligence (AI), Commerce and Shopping, Hardware, Science and Engineering, Software",1-10,,,
SociaBuzz,https://www.crunchbase.com/organization/sociabuzz-com,,Content Creators,"Dki Jakarta, Jakarta Raya, Indonesia",Monetization tools for creators,"259,960",http://sociabuzz.com,https://linkedin.com/company/sociabuzz,https://facebook.com/sociabuzz,https://twitter.com/sociabuzz,For Profit,,Media and Entertainment,11-50,"Ideabox, UMG IdeaLab, Mountain Partners",3,
Pejalan,https://www.crunchbase.com/organization/pejalan,,"Big Data, Communities, Travel","Jagakarsa, Jakarta Raya, Indonesia",COMMUNITY-BASED TRAVEL DIRECTORY OF INDONESIA,"260,304",https://pejalan.id,https://www.linkedin.com/company/pejalan,https://web.facebook.com/pejalandotid,,For Profit,,"Community and Lifestyle, Data and Analytics, Travel and Tourism",1-10,Wahyu Gunawan,1,Seed
Emerhub,https://www.crunchbase.com/organization/emerhub,,"Consulting, Emerging Markets, Human Resources, Recruiting, Sharing Economy","Jakarta, Jakarta Raya, Indonesia",Emerhub provides a platform that employs sharing economy for emerging markets.,"260,583",http://emerhub.com/,https://www.linkedin.com/company/emerhub/,https://www.facebook.com/emerhub/,https://twitter.com/emerhub?lang=en,For Profit,,"Administrative Services, Other, Professional Services",51-100,,,
Meratus Group,https://www.crunchbase.com/organization/meratus-group,,"Logistics, Shipping, Transportation","Surabaya, Jawa Timur, Indonesia",Meratus is a Leading Integrated Maritime and Logistics Operator in Indonesia,"260,729",https://www.meratus.com,https://www.linkedin.com/company/meratusgroup/,,,For Profit,,Transportation,5001-10000,,,
dibimbing.id,https://www.crunchbase.com/organization/dibimbing,,"E-Learning, Education, Skill Assessment","Depok, Jawa Barat, Indonesia",Dibimbing is a learning platform that provides skills for job preparation and career upgrades.,"260,839",http://www.dibimbing.id,https://www.linkedin.com/school/dibimbing-id,https://www.facebook.com/dibimbing.id,https://twitter.com/DibimbingId,For Profit,,"Education, Software",51-100,"Startup Studio Indonesia, Init 6",2,Seed
MySkill,https://www.crunchbase.com/organization/myskill,,"E-Learning, Information Technology, Software","Dki Jakarta, Jakarta Raya, Indonesia",MySkill is a service provider platform that helps people to start their dream careers end-to-end.,"260,907",https://myskill.id/,https://www.linkedin.com/company/myskillid,,https://twitter.com/myskill_id,For Profit,,"Education, Information Technology, Software",51-100,"East Ventures, Startup Studio Indonesia",2,Seed
Mining Industry Indonesia,https://www.crunchbase.com/organization/mining-industry-indonesia,,,"Jakarta, Jakarta Raya, Indonesia",Mining Industry Indonesia is a mining company.,"261,054",http://www.mind.id,https://www.linkedin.com/company/mining-industry-indonesia,https://www.facebook.com/MiningIndustryIndonesia,https://twitter.com/miningindonesia,For Profit,,,1-10,"MUFG Bank, Sumitomo Mitsui Banking Corporation",1,
Komerce,https://www.crunchbase.com/organization/komerce,,"E-Commerce, Information Technology","Purbalingga, Jawa Tengah, Indonesia",Komerce is a technology company that offers end-to-end solutions for e-commerce businesses.,"261,081",http://komerce.id,https://id.linkedin.com/company/komerceid,,,For Profit,,"Commerce and Shopping, Information Technology",501-1000,"500 Global, Endeavor Indonesia, Indigo by Telkom Indonesia, Achmad Zaky, Achmad Zaky Foundation",4,Seed
KoolKost,https://www.crunchbase.com/organization/koolkost,,"Residential, Travel Accommodations","Sleman, Yogyakarta, Indonesia","KoolKost provides budget-friendly accommodations for long-term tourists, students, and worke","261,399",,,,,For Profit,,"Real Estate, Travel and Tourism",,,,M&A
Ledgerowl,https://www.crunchbase.com/organization/ledgerowl,,"Accounting, Artificial Intelligence (AI), Financial Services","Dki Jakarta, Jakarta Raya, Indonesia",Ledgerowl is an AI-powered platform to automate tasks involved in bookkeeping.,"261,418",https://ledgerowl.com/,https://www.linkedin.com/company/ledgerowl/about/,,,For Profit,,"Artificial Intelligence (AI), Data and Analytics, Financial Services, Professional Services, Science and Engineering, Software",11-50,"Investible, Startup Studio Indonesia, Init 6",2,Seed
Automa Supply Chain,https://www.crunchbase.com/organization/automa-6de3,,"Internet of Things, Software, Supply Chain Management, Sustainability","Jakarta, Jakarta Raya, Indonesia","Automa provides supply chain IOT solutions with flexible business models such as SAAS, PASS including Carbon Emission Supply Chain tracing.","262,101",https://x.automa.id/,https://www.linkedin.com/company/automachain,,,For Profit,,"Internet Services, Software, Sustainability, Transportation",11-50,"Startup Studio Indonesia, Indigo by Telkom Indonesia, Leo Hermanto",3,Seed
Sevva,https://www.crunchbase.com/organization/shareciety,,"Marketplace, Rental, Travel","Jakarta, Jakarta Raya, Indonesia",Sevva is a rental marketplace platform for stuff. It connects people who need incidental needs stuff with people who own them.,"262,243",https://sevva.co/,https://www.linkedin.com/company/sevva.co,https://www.facebook.com/sevva.co,https://www.twitter.com/sevvaco,For Profit,,"Commerce and Shopping, Travel and Tourism",1-10,"Gobi Partners, 1337 Ventures, Convergence Ventures",1,
Sinbad Indonesia,https://www.crunchbase.com/organization/sinbad-karya-pedagangan,,"Apps, E-Commerce, Marketplace, Mobile","Jakarta, Jakarta Raya, Indonesia",Sinbad is a b2b marketplace company that merchants can use to place orders directly to principal manufacturers.,"262,732",http://sinbad.co.id/,https://www.linkedin.com/company/pt-sinbad,,,For Profit,,"Apps, Commerce and Shopping, Mobile, Software",101-250,"Genesia Ventures, MDI Ventures, Central Capital Ventura, Mandiri Capital Indonesia (MCI), Centauri Fund",4,M&A
Mobee,https://www.crunchbase.com/organization/mobee-6f39,,"Digital Marketing, Security, Service Industry","Jakarta, Jakarta Raya, Indonesia",Mobee is a company that invests in securities and digital assets.,"262,767",https://www.mobee.io,,,,For Profit,,"Other, Privacy and Security, Sales and Marketing",1-10,1982 Ventures,1,Seed
Sinar Mas Land,https://www.crunchbase.com/organization/sinar-mas-land,,,"Tangerang, Jawa Barat, Indonesia",Sinar Mas Land is a property development company involved in commercial property development and leasing.,"263,154",http://www.sinarmasland.com/site/,https://www.linkedin.com/company/sinar-mas-land,https://www.facebook.com/sinarmasland,https://www.twitter.com/sinarmas_land,For Profit,,,5001-10000,,,
Finnix,https://www.crunchbase.com/organization/finnix,,"Finance, Financial Services, FinTech","Jakarta, Jakarta Raya, Indonesia",Finnix is a financial technology solutions provider for the creative industry.,"263,622",https://finnix.id,https://www.linkedin.com/company/finnix-id,,,For Profit,,Financial Services,11-50,"Y Combinator, Init 6",1,Seed
Pawoon,https://www.crunchbase.com/organization/pawoon,,"Hardware, Payments, Point of Sale, SaaS, Software","Jakarta, Jakarta Raya, Indonesia","Pawoon is a SaaS business, providing cloud-based Point of Sale platform for small businesses. ","263,656",http://www.pawoon.com/,https://www.linkedin.com/company-beta/4808806/?pathWildcard=4808806,https://www.facebook.com/pg/pawoonpos/about/?,https://twitter.com/pawoonpos?,For Profit,,"Commerce and Shopping, Financial Services, Hardware, Payments, Software",251-500,"Kejora Capital, Ideabox, Mountain Partners, Distribusi Voucher Nusantara (DIVA)",3,
Indotrading,https://www.crunchbase.com/organization/inovasi-sukses-sentosa,,"B2B, E-Commerce, Online Portals, SEO","Jakarta, Jakarta Raya, Indonesia","IndoTrading.com helps local B2B Business in Indonesia to have presence in Internet, boost their export sales, and maximize their sales.","263,881",http://www.indotrading.com,https://www.linkedin.com/company/indotrading-com,https://id-id.facebook.com/IndoTrading,http://twitter.com/indo_trading,For Profit,,"Commerce and Shopping, Internet Services, Other, Sales and Marketing",101-250,"Golden Gate Ventures, GMO VenturePartners, Convergence Ventures, Rebright Partners, aucfan Co.,Ltd.",3,Early Stage Venture
Mirzuno,https://www.crunchbase.com/organization/mirzuno,,"Cloud Computing, Cloud Infrastructure, Cloud Storage, Email, Furniture, Web Design, Web Development, Web Hosting","Jatiasih, Jawa Barat, Indonesia","Mirzuno is a Cloud Hosting, Domain Registration, Web Hosting Company","263,937",https://mirzuno.com,,,,For Profit,,"Consumer Goods, Design, Hardware, Information Technology, Internet Services, Messaging and Telecommunications, Software",1-10,"Achmad Fauzi, Eko Mulyono, Mrs. Founder of Mirzuno",1,Seed
Tutormu,https://www.crunchbase.com/organization/tutormu,,"Education, Information Technology","Tangerang, Jawa Barat, Indonesia",We provide access to #education through technology,"264,489",https://tutormu.com/,https://www.linkedin.com/company/tutormu/mycompany/?viewAsMember=true,https://www.facebook.com/tutormucom,,For Profit,,"Education, Information Technology",11-50,,1,Seed
Sribulancer,https://www.crunchbase.com/organization/sribulancer,,"Business Development, Freelance, Marketplace","Jakarta, Jakarta Raya, Indonesia",A freelancing platform where businesses and independent professionals connect and collaborate remotely,"264,562",https://www.sribulancer.com,https://www.linkedin.com/company/13389617/,https://www.facebook.com/sribulancer,https://www.twitter.com/sribulancer,For Profit,,"Commerce and Shopping, Professional Services",11-50,Asteria,1,Early Stage Venture
Katadata,https://www.crunchbase.com/organization/katadata,,"Digital Media, Information Technology, Media and Entertainment, News, Social Media","Jakarta, Jakarta Raya, Indonesia","An economics and business online media, data and research firm.","264,808",http://katadata.co.id/,https://in.linkedin.com/company/katadata,https://www.facebook.com/katadatanews,https://twitter.com/KATADATAnews,For Profit,,"Content and Publishing, Information Technology, Internet Services, Media and Entertainment",11-50,"East Ventures, Media Development Investment Fund, Lin Che Wei",2,
Pegipegi,https://www.crunchbase.com/organization/pegipegi,,"Hospitality, Hotel, Information Technology, Marketing, Travel","Jakarta, Jakarta Raya, Indonesia","Pegipegi is a privately held company that search for hotels, airplane or train tickets is very easy and lots of promotions.","264,934",https://www.pegipegi.com/,https://www.linkedin.com/company/pegipegi,,,For Profit,,"Information Technology, Sales and Marketing, Travel and Tourism",251-500,,,M&A
Saweria,https://www.crunchbase.com/organization/saweria,,"Funding Platform, Web Development","Yogyakarta, Yogyakarta, Indonesia",Saweria is a livestreaming monetization platform .,"265,216",https://saweria.co/,,,https://twitter.com/saweriaco,For Profit,,"Financial Services, Lending and Investments, Software",,,,M&A
PathGen Diagnostik Teknologi,https://www.crunchbase.com/organization/pathgen-diagnostik-teknologi,,"Health Care, Health Diagnostics, Service Industry","Bandung, Jawa Barat, Indonesia",PathGen Diagnostik Teknologi is a Center for the utilization and Innovation of Science and Technology,"265,368",https://pathgen.co.id/,https://www.linkedin.com/company/pathgen,,https://twitter.com/pathgendt,For Profit,,"Health Care, Other",1-10,"East Ventures, Royal Group",1,Seed
PT Central Mega Kencana,https://www.crunchbase.com/organization/pt-central-mega-kencana,,"Fashion, Jewelry, Retail","Kuningan, Jakarta Raya, Indonesia",PT Central Mega Kencana is a retail jewelry company that offers a wide range of gem and jewelry products.,"265,425",https://www.centralmegakencana.com/,https://www.linkedin.com/company/pt--central-mega-kencana/,https://www.facebook.com/pt.cmk/,,For Profit,,"Clothing and Apparel, Commerce and Shopping, Consumer Goods, Design",1001-5000,,,
Ministry of Communication and Informatics,https://www.crunchbase.com/organization/ministry-of-communication-and-informatics,,"Government, Information and Communications Technology (ICT), Information Technology, Telecommunications","Jakarta Pusat, Jakarta Raya, Indonesia",Ministry of Communication and Informatics is a government ministry of Indonesia that is responsible for communication and IT.,"265,459",http://kominfo.go.id,https://www.linkedin.com/company/kementerian-kominfo/,https://www.facebook.com/Kemkominfo,https://twitter.com/kemkominfo,Non-profit,,"Government and Military, Hardware, Information Technology",251-500,,,
Jubelio,https://www.crunchbase.com/organization/jubelio,,"E-Commerce, E-Commerce Platforms, Software","Jakarta, Jakarta Raya, Indonesia",Jubelio combines all your operations (offline to online) on one platform.,"265,814",https://www.jubelio.com/,https://www.linkedin.com/company/jubelio/,https://www.facebook.com/pg/JubelioOfficial/,https://twitter.com/JubelioOfficial,For Profit,,"Commerce and Shopping, Internet Services, Software",51-100,,,
TEMU,https://www.crunchbase.com/organization/temu,,"Apps, Publishing, Web Apps","Kebayoran Lama, Jakarta Raya, Indonesia",TEMU is a web-based applicatoin company located in Kebayoran Lama.,"266,110",http://temu.co.id/,https://www.linkedin.com/company/pt-temu-sejahtera-visi-utama,,,For Profit,,"Apps, Content and Publishing, Media and Entertainment, Software",11-50,,,
Freshmart,https://www.crunchbase.com/organization/freshmart-cbd3,,"E-Commerce, Food Processing","Petukangan Selatan, Jakarta Raya, Indonesia",Freshmart is apps for e-commerce healthy food from the farmer to the end user,"266,227",https://www.freshmart.id,https://www.linkedin.com/company/freshmartindonesia/,https://www.facebook.com/freshmart.id,https://twitter.com/FreshmartI,For Profit,,"Commerce and Shopping, Food and Beverage",11-50,,1,Seed
AlloFresh,https://www.crunchbase.com/organization/allofresh,,"E-Commerce, Food and Beverage, Food Delivery, Grocery","Jakarta, Jakarta Raya, Indonesia",AlloFresh is a mobile app that provides grocery buying and delivery services.,"266,509",https://allofresh.id,https://www.linkedin.com/company/allofresh,https://www.facebook.com/Allofresh.id,,For Profit,,"Commerce and Shopping, Food and Beverage, Transportation",101-250,,,
Kuncie,https://www.crunchbase.com/organization/kuncie,,"Apps, Communities, EdTech, Professional Networking","Jakarta, Jakarta Raya, Indonesia",Kuncie is an upskilling and networking app connecting side hustlers and micro business owners.,"266,937",https://www.kuncie.com/,https://www.linkedin.com/company/kuncie/,,,For Profit,,"Apps, Community and Lifestyle, Education, Professional Services, Software",101-250,Tinc,1,Early Stage Venture
Kintamani.id,https://www.crunchbase.com/organization/kintamani-id,,Internet,"Bekasi Kota, Jawa Barat, Indonesia","Kintamani.id is an independent publication that shares about culture, travel places, and news.","267,408",https://www.kintamani.id/,https://www.linkedin.com/company/kintamaniid/,,,For Profit,,Internet Services,1-10,Nirwan Dharmawan,2,Seed
LINE Bank,https://www.crunchbase.com/organization/line-bank,,"Banking, Financial Services, FinTech","Jakarta, Jakarta Raya, Indonesia",LINE Bank is a digital banking program that links users to their social lives and financial activities in a simple and secure manner.,"267,619",https://linebank.co.id/en,https://www.linkedin.com/company/linebank/,https://www.facebook.com/linebankid/,https://twitter.com/linebankid,For Profit,,"Financial Services, Lending and Investments",501-1000,,,
Biteship,https://www.crunchbase.com/organization/biteship,,"E-Commerce, Logistics","Dki Jakarta, Jakarta Raya, Indonesia",Biteship is a logistics firm.,"267,676",https://www.biteship.com,https://www.linkedin.com/company/biteship,,,For Profit,,"Commerce and Shopping, Transportation",11-50,"East Ventures, BEENEXT, Startup Studio Indonesia, SKALA",3,Seed
Perqara,https://www.crunchbase.com/organization/perqara,,"Consulting, Legal, Legal Tech, Professional Services","Kebayoran Baru, Jakarta Raya, Indonesia",Perqara provides digital solutions by connecting legal professionals to those who need them the most through legal service marketplace.,"267,798",https://perqara.com,https://www.linkedin.com/company/perqara/,,,For Profit,,"Other, Professional Services",11-50,,,
Trakteer,https://www.crunchbase.com/organization/trakteer,,"Blockchain, Cryptocurrency, Financial Services, Venture Capital","Bandung, Jawa Barat, Indonesia",a platform that helps creators monetize their work and receive financial support as a form of appreciation in a different and fun way.,"267,905",https://trakteer.id/,https://www.linkedin.com/company/infj-blockchain-capital,,,For Profit,,"Blockchain and Cryptocurrency, Financial Services, Lending and Investments, Other, Payments, Software",1-10,Init 6,1,Seed
Kredit Pintar,https://www.crunchbase.com/organization/kredit-pintar,,"Finance, Financial Services, Professional Services","Jakarta, Jakarta Raya, Indonesia",Kredit Pintar is a financial technology company that provides easy access to short term loans.,"268,348",https://www.kreditpintar.com/,https://www.linkedin.com/company/kreditpintar,https://www.facebook.com/KreditPintarOfficial/,https://twitter.com/kreditpintar,For Profit,,"Financial Services, Other",101-250,,,
Bion Cycle,https://www.crunchbase.com/organization/bion-cycle,,"Advanced Materials, B2B, CleanTech, Emerging Markets, GreenTech, Recycling, Sustainability, Waste Management","Semaran, Jawa Tengah, Indonesia",Bion Cycle is unlocking the potential of a zero-waste future. We transform waste into essential resources.,"268,530",http://bioncycle.com/,https://www.linkedin.com/company/bion-cycle/,,,For Profit,,"Manufacturing, Other, Science and Engineering, Sustainability",11-50,Endeavor Indonesia,2,
Zelos,https://www.crunchbase.com/organization/zelos-2,,"Human Resources, Recruiting, Small and Medium Businesses","Jakarta, Jakarta Raya, Indonesia",Zelos is a job matchmaking platform that aims to connect fresh grads with small and medium-sized companies for part- or full-time jobs.,"268,665",https://zelos.id,https://www.linkedin.com/company/6644371/,https://www.facebook.com/zelos.work,https://www.twitter.com/zelos_id,For Profit,,"Administrative Services, Other, Professional Services",11-50,"muru-D, Indigo by Telkom Indonesia, RCL Accelerator",2,Seed
Gethome,https://www.crunchbase.com/organization/gethome-ae78,,"Apps, Information Technology, Real Estate","Depok, Jawa Barat, Indonesia","Gethome is a property platform that connects contractors, foremen, suppliers, vendors, and notaries.","269,251",https://gethome.id,https://www.linkedin.com/company/gethome-co-id,https://www.facebook.com/gethomeid,,For Profit,,"Apps, Information Technology, Real Estate, Software",51-100,,,
Indosole,https://www.crunchbase.com/organization/indosole,,"Fashion, Men's, Shoes, Women's","Bali, Jawa Barat, Indonesia",Indosole offers a diverse range of footwear made from toxic-free and environmentally sustainable production processes.,"269,925",http://indosole.com/,https://www.linkedin.com/company/indosole,https://www.facebook.com/indosole?_rdr,https://twitter.com/IndoSole,For Profit,,"Clothing and Apparel, Community and Lifestyle, Consumer Goods, Design",11-50,,,
Envio Logistics,https://www.crunchbase.com/organization/envio-logistics,,"Information Technology, Logistics","Jakarta, Jakarta Raya, Indonesia",Full Service Digital Logistics Platform Empowering Trade through technology,"269,935",https://envio.co.id,https://www.linkedin.com/company/envio-id,,,For Profit,,"Information Technology, Transportation",51-100,"Antler, Iterative, Startup Studio Indonesia, Sketchnote Partners",4,Seed
Cinema XXI,https://www.crunchbase.com/organization/cinema-xxi,,"Film, Film Production, Media and Entertainment","Jakarta Pusat, Jakarta Raya, Indonesia","Cinema XXI is a film, media, and entertainment company located in Jakarta Pusat.","270,221",http://21cineplex.com/,https://www.linkedin.com/company/cinema21/,https://www.facebook.com/CinemaXXI/,https://twitter.com/cinema21,For Profit,,"Media and Entertainment, Video",5001-10000,,,
Inovasi Finansial untuk Indonesia,https://www.crunchbase.com/organization/inovasi-finansial-untuk-indonesia,,"Finance, Financial Services, FinTech","Jakarta, Jakarta Raya, Indonesia",Inovasi Finansial untuk Indonesia is a fintech firm that links homeowners with banks for home equity loans.,"270,302",https://infinid.id,https://www.linkedin.com/company/infinid-indonesia/,https://www.facebook.com/infinidindonesia/,,For Profit,,Financial Services,1-10,,,
Soca AI,https://www.crunchbase.com/organization/soca-ai,,"Artificial Intelligence (AI), Creative Agency, Software","Bandung, Jawa Barat, Indonesia","Soca AI develops custom LLMs and speech APIs, focusing on generative AI for lifelike voice creation.","270,702",https://soca.ai,https://www.linkedin.com/company/soca-ai,https://www.facebook.com/socaai,https://twitter.com/soca_ai_,For Profit,,"Artificial Intelligence (AI), Content and Publishing, Data and Analytics, Media and Entertainment, Science and Engineering, Software",11-50,,,
PT Melon Indonesia,https://www.crunchbase.com/organization/pt-melon-indonesia,,"Audio, Digital Entertainment, Information Technology, Music, Video","Jakarta, Jakarta Raya, Indonesia","PT Melon Indonesia is a digital entertainment company that offers a wide range of digital music services, audio streaming & video services.","270,722",https://melon.id,https://www.linkedin.com/company/pt-melon-indonesia-telkom-indonesia-&-sk-telkom-,,,For Profit,,"Information Technology, Media and Entertainment, Music and Audio, Video",51-100,,,
HiFeed,https://www.crunchbase.com/organization/hifeed,,"Agriculture, Animal Feed, Farming, Manufacturing, Sustainability","Bandung, Jawa Barat, Indonesia",HiFeed is a leader in environmentally friendly cattle farming solutions.,"271,422",https://www.hifeed.co,https://www.linkedin.com/company/hifeedx,,,For Profit,,"Agriculture and Farming, Manufacturing, Sustainability",1-10,Wavemaker Impact,1,Seed
Pensieve,https://www.crunchbase.com/organization/pensieve-1fe4,,"Analytics, Artificial Intelligence (AI), Information Technology","Dki Jakarta, Jakarta Raya, Indonesia",Pensieve builds an AI-driven ops platform that unlocks better workflow & integration to create better decisions making.,"271,673",https://pensieve.id,https://www.linkedin.com/company/pensieve-id,,,For Profit,,"Artificial Intelligence (AI), Data and Analytics, Information Technology, Science and Engineering, Software",11-50,Pandu Sjahrir,1,Seed
Tokban,https://www.crunchbase.com/organization/tokban,,"Building Material, Construction, Real Estate","Jakarta, Jakarta Raya, Indonesia",Tokban is a B2B platform for building materials and home improvement goods.,"271,820",http://www.tokban.com,http://linkedin.com/company/tokban,,,For Profit,,Real Estate,11-50,"Accelerating Asia, Endeavor Indonesia, Startup Studio Indonesia, Sketchnote Partners",3,Seed
Ministry of Education and Culture of the Republic of Indonesia,https://www.crunchbase.com/organization/ministry-of-education-and-culture-of-the-republic-of-indonesia,,Education,"Jakarta, Jakarta Raya, Indonesia","Ministry of Education and Culture offers early childhood education, elementary education, and community education affairs.","273,202",https://www.kemdikbud.go.id,https://www.linkedin.com/company/kemdikbud/?originalSubdomain=id,https://www.facebook.com/Kemdikbud.RI,https://www.twitter.com/Kemdikbud_RI,For Profit,,Education,10001+,,,
FemaleDaily Network,https://www.crunchbase.com/organization/femaledaily-network,,"Content Discovery, E-Commerce","Jakarta, Jakarta Raya, Indonesia",Female Daily is Indonesia's largest beauty destination.,"273,308",http://www.femaledaily.com,https://www.linkedin.com/company/female-daily,http://www.facebook.com/FemaleDailyNetwork,http://twitter.com/femaledaily,For Profit,,"Commerce and Shopping, Content and Publishing, Media and Entertainment",101-250,"Convergence Ventures, Ideosource VC, Endeavor Indonesia, SMDV",3,M&A
Qasir,https://www.crunchbase.com/organization/qasir,,"Apps, Information Technology, Sales","Jakarta, Jakarta Raya, Indonesia",Qasir is a apps information technology company located in Selatan.,"273,343",https://www.qasir.id/,https://www.linkedin.com/company/qasir,https://www.facebook.com/qasir.id/,,For Profit,,"Apps, Information Technology, Sales and Marketing, Software",51-100,Tinc,1,Seed
Sibiti.co.id,https://www.crunchbase.com/organization/sibiti-co-id,,"Education, Information Technology, Internet","Surabaya, Jawa Timur, Indonesia",Sibiti assists clients in generating all online examination-related activities.,"273,442",https://sibiti.co.id,https://www.linkedin.com/company/olimpiade-id,,,For Profit,,"Education, Information Technology, Internet Services",11-50,"Kementerian Riset, Teknologi, dan Pendidikan Tinggi (Kemenristekdikti)",1,Seed
Bioniqa,https://www.crunchbase.com/organization/bioniqa,,"CleanTech, GreenTech","Jakarta Pusat, Jakarta Raya, Indonesia",Bioniqa promotes sustainable living through the development of cutting-edge carbon capture technology.,"273,657",https://www.bioniqa.io/,https://www.linkedin.com/company/bioniqa/,,,For Profit,,Sustainability,11-50,Bali Investment Club,1,Seed
Sekilo,https://www.crunchbase.com/organization/sekilo-yc-w22,,"B2B, Food and Beverage, Food Processing, Logistics, Meat and Poultry, Warehousing","Dki Jakarta, Jakarta Raya, Indonesia",Transforming poultry processing & supply chain distribution with tech-driven efficiencies for the foodservice sector in Indonesia.,"273,809",https://sekilo.com/en/,https://id.linkedin.com/company/sekilo,,,For Profit,,"Food and Beverage, Other, Transportation",1-10,,,
Hijra Bank,https://www.crunchbase.com/organization/hijra,,"Banking, Financial Services, FinTech","Jakarta, Jakarta Raya, Indonesia",Hijra is a Islamic based fintech company that offers digital banking services.,"273,991",https://hijra.id/,https://www.linkedin.com/company/hijrabyalamigroup/,https://web.facebook.com/ikuthijra,https://twitter.com/sahabathijra,For Profit,,"Financial Services, Lending and Investments",101-250,,,
LOKET,https://www.crunchbase.com/organization/loket,,"Event Management, Events, Ticketing","Jakarta, Jakarta Raya, Indonesia",LOKET is the first event management platform in Indonesia that gives the freedom of selling tickets on one's own website.,"274,024",http://www.loket.com/,https://www.linkedin.com/company/loket-com,https://www.facebook.com/loketcom/,https://twitter.com/loketid,For Profit,,"Events, Media and Entertainment",1-10,"East Ventures, Sovereign’s Capital",1,M&A
DOT Indonesia,https://www.crunchbase.com/organization/dot-indonesia,,"Business Information Systems, Consulting, Information Services, Information Technology, Software","Jakarta Pusat, Jakarta Raya, Indonesia",DOT Indonesia provides solutions and services in information technology for the needs of businesses.,"274,199",http://dot.co.id/,https://www.linkedin.com/company/dot-indonesia/,https://www.facebook.com/dotindonesia/,,For Profit,,"Information Technology, Professional Services, Software",11-50,,,
Onic Esports,https://www.crunchbase.com/organization/onic-esports,,"eSports, Gaming, Media and Entertainment, Online Games, PC Games","Jakarta, Jakarta Raya, Indonesia","Onic Esports is an e-sports organization that specializes in offline and online games such as mobile, pc, and more.","274,705",https://onic-esports.com,https://www.linkedin.com/company/onic-esports,https://www.facebook.com/officialonicesports,https://mobile.twitter.com/onic_esports,For Profit,,"Gaming, Media and Entertainment, Sports",51-100,"Agaeti Venture Capital, Skystar Capital",1,
Prodia,https://www.crunchbase.com/organization/prodia,,"Biotechnology, Health Care","Banda Aceh, Aceh, Indonesia",Prodia Clinical Laboratory is the biggest chain clinical laboratory in Indonesia.,"275,000",http://www.prodia.co.id/,https://www.linkedin.com/company/pt-prodia-widyahusada-tbk,https://www.facebook.com/loveforquality,https://www.twitter.com/prodia_lab,For Profit,,"Biotechnology, Health Care, Science and Engineering",251-500,,,
ZAP Clinic,https://www.crunchbase.com/organization/zap-clinic,,"Beauty, E-Commerce, Manufacturing, Personal Health","Jakarta, Jakarta Raya, Indonesia","ZAP Clinic is a beauty clinic that provides hair removal, face, and body treatments.","275,162",https://zapclinic.com,https://www.linkedin.com/company/zap-clinic/,https://www.facebook.com/zapcoid/,https://twitter.com/zapcoid,For Profit,,"Commerce and Shopping, Consumer Goods, Health Care, Manufacturing",1001-5000,Endeavor Indonesia,1,
Uena,https://www.crunchbase.com/organization/uena,,Food and Beverage,"Jakarta, Jakarta Raya, Indonesia",Uena is an online food and beverage company that reduces food expenses.,"275,394",https://uenafood.com/,https://www.linkedin.com/company/uenafood/,,,For Profit,,Food and Beverage,11-50,"East Ventures, IDN Media, Endeavor Indonesia, Trihill Capital",3,
Vilo Gelato,https://www.crunchbase.com/organization/vilo-gelato,,"Food and Beverage, Food Processing","Jakarta, Jakarta Raya, Indonesia",Vilo Gelato is an ice cream brand provide immerse customer experience in a lifestyle that’s as rich as ice cream.,"275,742",https://vilogelato.com,https://www.linkedin.com/company/vilo-gelato01,https://www.facebook.com/vilogelato,,For Profit,,Food and Beverage,101-250,"OCBC Ventura, Sweef Capital",1,
ROBOPRAGMA ROBOT GAME ONLINE MOBILE APP,https://www.crunchbase.com/organization/robopragma-robot-game-online-mobile-app,,"Mobile Apps, Online Games","Jakarta, Jakarta Raya, Indonesia",Robopragma app mobile terkini di desain khusus untuk membantu para benthor,"276,415",https://robopg-vip.pages.dev/,,,,,,"Apps, Gaming, Mobile, Software",501-1000,,,
Eveningflavors,https://www.crunchbase.com/organization/eveningflavors-com,,"E-Commerce, Food and Beverage, Internet, Lifestyle, Online Portals, Restaurants","Jakarta, Jakarta Raya, Indonesia",Eveningflavors is an online platform that enables individuals to browse through menus and book tables at restaurants.,"276,677",http://www.eveningflavors.com,https://www.linkedin.com/company/webaffinity-technologies-pvt.-ltd.,https://www.facebook.com/EveningFlavors.India/info?tab=page_info,http://twitter.com/eveningflavors,For Profit,,"Commerce and Shopping, Community and Lifestyle, Food and Beverage, Internet Services",11-50,Sandeep Srivastava,1,Seed
BMKG,https://www.crunchbase.com/organization/bmkg,,"Clean Energy, Environmental Consulting, Information Services","Dki Jakarta, Jakarta Raya, Indonesia","BMKG is an agency that specializes in the fields of meteorology, climatology, air quality, and geophysics by accurate information.","276,912",https://www.bmkg.go.id,https://www.linkedin.com/company/bmkg/,https://www.facebook.com/InfoBMKG/,https://twitter.com/infoBMKG?,For Profit,,"Energy, Information Technology, Professional Services, Sustainability",1001-5000,,,
Perusahaan Gas Negara,https://www.crunchbase.com/organization/perusahaan-gas-negara,,Energy,"Jakarta, Jakarta Raya, Indonesia",Perusahaan Gas Negara is a natural gas transmission and distribution company.,"277,080",https://www.bringmenews.com/,https://www.linkedin.com/company/pt-perusahaan-gas-negara-tbk,https://www.facebook.com/pgn.co.id/,,For Profit,,Energy,1001-5000,,,
Espay,https://www.crunchbase.com/organization/espay,,"Banking, E-Commerce, Financial Services, Information Technology, Payments, Venture Capital","Tangerang, Jawa Barat, Indonesia",Espay offers an e-commerce payment solution with the only B2C2B concept in Indonesia.,"277,100",http://espay.id/,https://www.linkedin.com/company/espay,https://www.facebook.com/espayeasy/?ref=page_internal,https://twitter.com/@espayeasy,For Profit,,"Commerce and Shopping, Financial Services, Information Technology, Lending and Investments, Payments",101-250,,,M&A
TOMORO COFFEE,https://www.crunchbase.com/organization/tomoro-coffee,,"Coffee, Food and Beverage, Retail","Dki Jakarta, Jakarta Raya, Indonesia",TOMORO COFFEE focuses on sustainable coffee production.,"277,482",https://www.tomoro-coffee.id,https://www.linkedin.com/company/tomoro-coffee,https://www.facebook.com/tomorocoffee.id,https://www.twitter.com/TomoroCoffee_ID,For Profit,,"Commerce and Shopping, Food and Beverage",5001-10000,,,
Dituta,https://www.crunchbase.com/organization/dituta,,Fashion,"Makassar, Sulawesi Selatan, Indonesia",Dituta offers weaving and handcraft services.,"277,612",,,,,For Profit,,"Clothing and Apparel, Design",,SisBerdaya,1,
Allure AI,https://www.crunchbase.com/organization/allure-ai,,"Artificial Intelligence (AI), Augmented Reality, Beauty, E-Commerce, Fashion, Information Technology, Lifestyle","Jakarta, Jakarta Raya, Indonesia",Allure AI is building an AI-powered personalization system that recommends products in the beauty & fashion industry.,"277,918",https://allure.id/,https://www.linkedin.com/company/allure-ai/,https://www.facebook.com/id.allure/,https://twitter.com/IdAllure/,For Profit,,"Artificial Intelligence (AI), Clothing and Apparel, Commerce and Shopping, Community and Lifestyle, Consumer Goods, Data and Analytics, Design, Hardware, Information Technology, Science and Engineering, Software",11-50,"Startup Studio Indonesia, Indigo by Telkom Indonesia",2,Seed
Paramount Land,https://www.crunchbase.com/organization/paramount-land-c544,,"Property Development, Property Management, Real Estate","Tangerang, Jawa Barat, Indonesia","Paramount Land is a real estate company that specializes in urban planning, construction management, and town and property management.","278,506",https://www.paramount-land.com,https://www.linkedin.com/company/paramount-enterprise,https://www.facebook.com/paramountland,https://twitter.com/paramountgrup,For Profit,,Real Estate,5001-10000,,,
Twibbonize,https://www.crunchbase.com/organization/twibbonize,,"Internet, Web Apps","Jakarta, Jakarta Raya, Indonesia",Twibbonize is a campaign sharing platform.,"278,668",https://www.twibbonize.com,https://www.linkedin.com/company/twibbonize,https://www.facebook.com/twibbonize,https://twitter.com/twibbonize,For Profit,,"Apps, Internet Services, Software",11-50,,,
Sanbe Farma,https://www.crunchbase.com/organization/sanbe-farma,,"Health Care, Manufacturing, Pharmaceutical","Bandung, Jawa Barat, Indonesia","Sanbe Farma is a healthcare company that manufactures pharmaceutical products, including anticancer drugs.","278,792",https://www.sanbe-farma.com,https://www.linkedin.com/company/pt-sanbe-farma,https://www.facebook.com/pages/PT%20Sanbe%20Farma/153681874686687,,For Profit,,"Health Care, Manufacturing",251-500,,,
Varbs Digital,https://www.crunchbase.com/organization/varbs-digital-2,,"Web Browsers, Web Design, Web Development","Dki Jakarta, Jakarta Raya, Indonesia",Varbs Digital is Creative Information Technology based on Jakarta.,"279,368",http://varbsdigital.com/,,,,For Profit,,"Design, Internet Services, Software",11-50,Oxdream Group,1,M&A
RUN System,https://www.crunchbase.com/organization/run-system,,"Enterprise Resource Planning (ERP), Finance, Software","Yogyakarta, Yogyakarta, Indonesia","RUN System is a software solutions company that provides for the manufacturing, distribution, and service industries.","279,432",http://www.globalsuksessolusi.com,https://www.linkedin.com/company/runsystemid,https://www.facebook.com/runsystemid,https://twitter.com/runsystemid,For Profit,,"Financial Services, Software",51-100,"MDI Ventures, Centauri Fund, Indigo by Telkom Indonesia",2,IPO
GetCraft,https://www.crunchbase.com/organization/getcraft,,"Advertising, Content Creators, Marketing, Sharing Economy","Jakarta, Jakarta Raya, Indonesia","GetCraft is where innovative companies connect with vetted marketing, content and media providers for all their marketing needs.","279,438",http://www.getcraft.com,http://www.linkedin.com/company/getcraft,https://www.facebook.com/GetCraft,http://twitter.com/get_craft,For Profit,,"Advertising, Media and Entertainment, Other, Sales and Marketing",101-250,"500 Global, SOSV, Artesian VC, AC Ventures, 500 Startups",4,Seed
AVTER,https://www.crunchbase.com/organization/avter,,"Air Transportation, Freight Service, Logistics, Marketplace","Jakarta, Jakarta Raya, Indonesia",Digital marketplace for air cargo booking and reservation system,"279,921",https://avter.co.id/,https://www.linkedin.com/company/pt-aviasi-jaya-indonesia-avter,,,For Profit,,"Commerce and Shopping, Transportation",1-10,Startup Studio Indonesia,2,Seed
EQDat,https://www.crunchbase.com/organization/eqdat,,Management Information Systems,"Jakarta, Jakarta Raya, Indonesia",EQDat specializes in providing online startup and SME valuation.,"280,766",https://www.eqdat.com/,https://www.linkedin.com/company/14557798,https://www.facebook.com/eqdat,https://twitter.com/EQdat,For Profit,,Information Technology,1-10,,1,Seed
Titan,https://www.crunchbase.com/organization/titan-e32e,,"Industrial, Industrial Manufacturing, Manufacturing","Bekasi, Jawa Barat, Indonesia","Titan operates in agriculture, mining, pharmaceuticals, and offers construction and farm equipment solutions.","281,086",https://titan-corporation.com,https://www.linkedin.com/company/titancorporation,,,For Profit,,Manufacturing,251-500,,,
Yippy,https://www.crunchbase.com/organization/yippy-0df7,,E-Commerce,"Jakarta, Jakarta Raya, Indonesia","Yippy provides end-to-end gifting infrastructure for corporations: integration, smart gifting, dashboard, and more!","281,156",https://yippy.id,https://www.linkedin.com/company/yippy-gifts/,,,For Profit,,Commerce and Shopping,11-50,,1,Seed
Byru,https://www.crunchbase.com/organization/byru,,"Consulting, Human Resources, Information Technology","Jakarta, Jakarta Raya, Indonesia",Byru is a technology platform that manages blue-collar workers.,"281,208",https://byru.id/,https://www.linkedin.com/company/byru/,,,For Profit,,"Administrative Services, Information Technology, Professional Services",11-50,Asiantrust Capital Partners,1,Seed
Surplus,https://www.crunchbase.com/organization/surplus,,"Apps, Food and Beverage, Mobile Apps","Jakarta, Jakarta Raya, Indonesia",Surplus is a mobile application-based marketplace for food merchants to sell overproduced meals and food items.,"281,788",https://surplus.id/#,https://www.linkedin.com/company/surplus-indonesia/,,https://x.com/surplus_id,For Profit,,"Apps, Food and Beverage, Mobile, Software",11-50,"Startup Studio Indonesia, SPIL Ventures, Ango Ventures, NINJA Accelerator - Indonesia",3,Seed
Averis,https://www.crunchbase.com/organization/averis,,"Accounting, Finance, Human Resources, IT Management, Outsourcing, Shipping","Jalan, Yogyakarta, Indonesia","Averis is a Shared Service provider that specializes in Finance & Accounting, HR, IT, Ship Documents, Change Management, and Data Security.","281,939",https://www.averis.biz/,https://www.linkedin.com/company/averis-sdn-bhd/,https://www.facebook.com/friendsofaveris/,,For Profit,,"Administrative Services, Financial Services, Information Technology, Professional Services, Transportation",501-1000,,,